relative_path,line_number,keywords,line
results\human_posthold_descriptive\05f3f\execution_input\TARGET_OS_complete86_primary_endpoint.tsv,1,os_event;os_time_days,execution_index_86	source_sample_index_88	sample_id	case_key	os_time_days	os_event
results\human_posthold_descriptive\05f3f\frozen_execution\TARGET_classical_inner_tuning.tsv,1,fold;outer;repeat,inner_fold	alpha	uno_c	gradient_norm	status	alpha_mean_uno_c	n_finite	chosen_alpha	repeat	outer_fold	model_id
results\human_posthold_descriptive\05f3f\frozen_execution\TARGET_fold_metrics.tsv,1,fold;outer;repeat,repeat	outer_fold	model_id	n_train	events_train	n_test	events_test	uno_c	ibs	ibs_status	risk_sd	risk_q99_q01
results\human_posthold_descriptive\05f3f\frozen_execution\TARGET_model_summary.tsv,1,repeat,model_id	uno_c	uno_valid_repeats	ibs	ibs_valid_repeats	risk_sd	risk_sd_valid_repeats	risk_q99_q01	risk_q99_q01_valid_repeats
results\human_posthold_descriptive\05f3f\frozen_execution\TARGET_oof_predictions.tsv,1,fold;outer;repeat,repeat	outer_fold	model_id	sample_index	sample_id	case_key	risk
results\human_posthold_descriptive\05f3f\frozen_execution\TARGET_split_registry.tsv,1,fold;outer;repeat,repeat	outer_fold	sample_index	sample_id	case_key	role
results\human_posthold_descriptive\05f3f\runner\frozen_TARGET86_evaluation_runner_v3_bytesafe.py,27,fold,from sklearn.model_selection import StratifiedKFold
results\human_posthold_descriptive\05f3f\runner\frozen_TARGET86_evaluation_runner_v3_bytesafe.py,28,surv,from sksurv.util import Surv
results\human_posthold_descriptive\05f3f\runner\frozen_TARGET86_evaluation_runner_v3_bytesafe.py,66,outer,OUTER_SPLITS = 5
results\human_posthold_descriptive\05f3f\runner\frozen_TARGET86_evaluation_runner_v3_bytesafe.py,67,outer;repeat,OUTER_REPEATS = 20
results\human_posthold_descriptive\05f3f\runner\frozen_TARGET86_evaluation_runner_v3_bytesafe.py,75,repeat,MIN_VALID_REPEATS = 16
results\human_posthold_descriptive\05f3f\runner\frozen_TARGET86_evaluation_runner_v3_bytesafe.py,78,tau,UNO_TAU_QUANTILE = 0.90
results\human_posthold_descriptive\05f3f\runner\frozen_TARGET86_evaluation_runner_v3_bytesafe.py,289,surv,def _make_surv(
results\human_posthold_descriptive\05f3f\runner\frozen_TARGET86_evaluation_runner_v3_bytesafe.py,293,surv,return Surv.from_arrays(
results\human_posthold_descriptive\05f3f\runner\frozen_TARGET86_evaluation_runner_v3_bytesafe.py,384,breslow;surv,def _breslow_survival_from_fixed_risk(
results\human_posthold_descriptive\05f3f\runner\frozen_TARGET86_evaluation_runner_v3_bytesafe.py,389,eval_times,"eval_times: np.ndarray,"
results\human_posthold_descriptive\05f3f\runner\frozen_TARGET86_evaluation_runner_v3_bytesafe.py,392,breslow,Target-training-only Breslow baseline recalibration for a fixed risk score.
results\human_posthold_descriptive\05f3f\runner\frozen_TARGET86_evaluation_runner_v3_bytesafe.py,413,eval_times,eval_times = np.asarray(
results\human_posthold_descriptive\05f3f\runner\frozen_TARGET86_evaluation_runner_v3_bytesafe.py,414,eval_times,"eval_times,"
results\human_posthold_descriptive\05f3f\runner\frozen_TARGET86_evaluation_runner_v3_bytesafe.py,424,breslow,"""Non-finite Breslow input."""
results\human_posthold_descriptive\05f3f\runner\frozen_TARGET86_evaluation_runner_v3_bytesafe.py,462,breslow,"""Invalid Breslow risk-set sum."""
results\human_posthold_descriptive\05f3f\runner\frozen_TARGET86_evaluation_runner_v3_bytesafe.py,478,eval_times,"eval_times,"
results\human_posthold_descriptive\05f3f\runner\frozen_TARGET86_evaluation_runner_v3_bytesafe.py,483,eval_times,"len(eval_times),"
results\human_posthold_descriptive\05f3f\runner\frozen_TARGET86_evaluation_runner_v3_bytesafe.py,506,fold,def _fold_metrics(
results\human_posthold_descriptive\05f3f\runner\frozen_TARGET86_evaluation_runner_v3_bytesafe.py,515,surv,y_train = _make_surv(
results\human_posthold_descriptive\05f3f\runner\frozen_TARGET86_evaluation_runner_v3_bytesafe.py,519,surv,y_test = _make_surv(
results\human_posthold_descriptive\05f3f\runner\frozen_TARGET86_evaluation_runner_v3_bytesafe.py,531,tau,"quantile=UNO_TAU_QUANTILE,"
results\human_posthold_descriptive\05f3f\runner\frozen_TARGET86_evaluation_runner_v3_bytesafe.py,543,surv,survival = (
results\human_posthold_descriptive\05f3f\runner\frozen_TARGET86_evaluation_runner_v3_bytesafe.py,544,breslow;surv,_breslow_survival_from_fixed_risk(
results\human_posthold_descriptive\05f3f\runner\frozen_TARGET86_evaluation_runner_v3_bytesafe.py,553,brier;integrated_brier,ibs = m04c.integrated_brier_custom(
results\human_posthold_descriptive\05f3f\runner\frozen_TARGET86_evaluation_runner_v3_bytesafe.py,556,surv,"survival,"
results\human_posthold_descriptive\05f3f\runner\frozen_TARGET86_evaluation_runner_v3_bytesafe.py,589,fold,def fit_predict_fold(
results\human_posthold_descriptive\05f3f\runner\frozen_TARGET86_evaluation_runner_v3_bytesafe.py,595,repeat,"repeat: int,"
results\human_posthold_descriptive\05f3f\runner\frozen_TARGET86_evaluation_runner_v3_bytesafe.py,596,fold;outer,"outer_fold: int,"
results\human_posthold_descriptive\05f3f\runner\frozen_TARGET86_evaluation_runner_v3_bytesafe.py,600,fold;outer,Fit/predict all frozen TARGET models for one outer fold.
results\human_posthold_descriptive\05f3f\runner\frozen_TARGET86_evaluation_runner_v3_bytesafe.py,629,surv,y_train = _make_surv(
results\human_posthold_descriptive\05f3f\runner\frozen_TARGET86_evaluation_runner_v3_bytesafe.py,646,repeat,+ int(repeat) * 100
results\human_posthold_descriptive\05f3f\runner\frozen_TARGET86_evaluation_runner_v3_bytesafe.py,647,fold;outer,+ int(outer_fold)
results\human_posthold_descriptive\05f3f\runner\frozen_TARGET86_evaluation_runner_v3_bytesafe.py,815,repeat,+ int(repeat) * 100003
results\human_posthold_descriptive\05f3f\runner\frozen_TARGET86_evaluation_runner_v3_bytesafe.py,816,fold;outer,+ int(outer_fold) * 1009
results\human_posthold_descriptive\05f3f\runner\frozen_TARGET86_evaluation_runner_v3_bytesafe.py,1003,repeat,def _aggregate_repeat_metric(
results\human_posthold_descriptive\05f3f\runner\frozen_TARGET86_evaluation_runner_v3_bytesafe.py,1004,fold,"fold_frame: pd.DataFrame,"
results\human_posthold_descriptive\05f3f\runner\frozen_TARGET86_evaluation_runner_v3_bytesafe.py,1007,repeat,repeat_values = []
results\human_posthold_descriptive\05f3f\runner\frozen_TARGET86_evaluation_runner_v3_bytesafe.py,1009,fold,"for _, part in fold_frame.groupby("
results\human_posthold_descriptive\05f3f\runner\frozen_TARGET86_evaluation_runner_v3_bytesafe.py,1010,repeat,"""repeat"""
results\human_posthold_descriptive\05f3f\runner\frozen_TARGET86_evaluation_runner_v3_bytesafe.py,1026,fold;outer;repeat,# A repeat is valid only if all 5 frozen outer folds are evaluable.
results\human_posthold_descriptive\05f3f\runner\frozen_TARGET86_evaluation_runner_v3_bytesafe.py,1028,outer,len(part) != OUTER_SPLITS
results\human_posthold_descriptive\05f3f\runner\frozen_TARGET86_evaluation_runner_v3_bytesafe.py,1035,repeat,repeat_values.append(
results\human_posthold_descriptive\05f3f\runner\frozen_TARGET86_evaluation_runner_v3_bytesafe.py,1045,repeat,len(repeat_values)
results\human_posthold_descriptive\05f3f\runner\frozen_TARGET86_evaluation_runner_v3_bytesafe.py,1046,repeat,< MIN_VALID_REPEATS
results\human_posthold_descriptive\05f3f\runner\frozen_TARGET86_evaluation_runner_v3_bytesafe.py,1050,repeat,"len(repeat_values),"
results\human_posthold_descriptive\05f3f\runner\frozen_TARGET86_evaluation_runner_v3_bytesafe.py,1056,repeat,repeat_values
results\human_posthold_descriptive\05f3f\runner\frozen_TARGET86_evaluation_runner_v3_bytesafe.py,1059,repeat,"len(repeat_values),"
results\human_posthold_descriptive\05f3f\runner\frozen_TARGET86_evaluation_runner_v3_bytesafe.py,1270,outer,< OUTER_SPLITS
results\human_posthold_descriptive\05f3f\runner\frozen_TARGET86_evaluation_runner_v3_bytesafe.py,1272,outer,< OUTER_SPLITS
results\human_posthold_descriptive\05f3f\runner\frozen_TARGET86_evaluation_runner_v3_bytesafe.py,1275,censor,"""TARGET event/censor counts cannot """
results\human_posthold_descriptive\05f3f\runner\frozen_TARGET86_evaluation_runner_v3_bytesafe.py,1276,fold,"""support frozen 5-fold stratification."""
results\human_posthold_descriptive\05f3f\runner\frozen_TARGET86_evaluation_runner_v3_bytesafe.py,1285,fold,fold_rows = []
results\human_posthold_descriptive\05f3f\runner\frozen_TARGET86_evaluation_runner_v3_bytesafe.py,1289,repeat,for repeat in range(
results\human_posthold_descriptive\05f3f\runner\frozen_TARGET86_evaluation_runner_v3_bytesafe.py,1290,outer;repeat,OUTER_REPEATS
results\human_posthold_descriptive\05f3f\runner\frozen_TARGET86_evaluation_runner_v3_bytesafe.py,1292,fold,splitter = StratifiedKFold(
results\human_posthold_descriptive\05f3f\runner\frozen_TARGET86_evaluation_runner_v3_bytesafe.py,1293,outer,"n_splits=OUTER_SPLITS,"
results\human_posthold_descriptive\05f3f\runner\frozen_TARGET86_evaluation_runner_v3_bytesafe.py,1297,repeat,+ repeat
results\human_posthold_descriptive\05f3f\runner\frozen_TARGET86_evaluation_runner_v3_bytesafe.py,1302,fold;outer,"outer_fold,"
results\human_posthold_descriptive\05f3f\runner\frozen_TARGET86_evaluation_runner_v3_bytesafe.py,1304,train_idx,"train_idx,"
results\human_posthold_descriptive\05f3f\runner\frozen_TARGET86_evaluation_runner_v3_bytesafe.py,1305,test_idx,"test_idx,"
results\human_posthold_descriptive\05f3f\runner\frozen_TARGET86_evaluation_runner_v3_bytesafe.py,1313,fold,fitted = fit_predict_fold(
results\human_posthold_descriptive\05f3f\runner\frozen_TARGET86_evaluation_runner_v3_bytesafe.py,1314,train_idx,"X_raw[train_idx],"
results\human_posthold_descriptive\05f3f\runner\frozen_TARGET86_evaluation_runner_v3_bytesafe.py,1315,test_idx,"X_raw[test_idx],"
results\human_posthold_descriptive\05f3f\runner\frozen_TARGET86_evaluation_runner_v3_bytesafe.py,1316,train_idx,"time_values[train_idx],"
results\human_posthold_descriptive\05f3f\runner\frozen_TARGET86_evaluation_runner_v3_bytesafe.py,1317,train_idx,"event_values[train_idx],"
results\human_posthold_descriptive\05f3f\runner\frozen_TARGET86_evaluation_runner_v3_bytesafe.py,1318,repeat,"repeat=repeat,"
results\human_posthold_descriptive\05f3f\runner\frozen_TARGET86_evaluation_runner_v3_bytesafe.py,1319,fold;outer,"outer_fold=outer_fold,"
results\human_posthold_descriptive\05f3f\runner\frozen_TARGET86_evaluation_runner_v3_bytesafe.py,1323,train_idx,for idx in train_idx:
results\human_posthold_descriptive\05f3f\runner\frozen_TARGET86_evaluation_runner_v3_bytesafe.py,1325,repeat,"""repeat"": repeat,"
results\human_posthold_descriptive\05f3f\runner\frozen_TARGET86_evaluation_runner_v3_bytesafe.py,1326,fold;outer,"""outer_fold"": outer_fold,"
results\human_posthold_descriptive\05f3f\runner\frozen_TARGET86_evaluation_runner_v3_bytesafe.py,1333,test_idx,for idx in test_idx:
results\human_posthold_descriptive\05f3f\runner\frozen_TARGET86_evaluation_runner_v3_bytesafe.py,1335,repeat,"""repeat"": repeat,"
results\human_posthold_descriptive\05f3f\runner\frozen_TARGET86_evaluation_runner_v3_bytesafe.py,1336,fold;outer,"""outer_fold"": outer_fold,"
results\human_posthold_descriptive\05f3f\runner\frozen_TARGET86_evaluation_runner_v3_bytesafe.py,1344,fold,metrics = _fold_metrics(
results\human_posthold_descriptive\05f3f\runner\frozen_TARGET86_evaluation_runner_v3_bytesafe.py,1346,train_idx,"time_values[train_idx],"
results\human_posthold_descriptive\05f3f\runner\frozen_TARGET86_evaluation_runner_v3_bytesafe.py,1347,train_idx,"event_values[train_idx],"
results\human_posthold_descriptive\05f3f\runner\frozen_TARGET86_evaluation_runner_v3_bytesafe.py,1348,test_idx,"time_values[test_idx],"
results\human_posthold_descriptive\05f3f\runner\frozen_TARGET86_evaluation_runner_v3_bytesafe.py,1349,test_idx,"event_values[test_idx],"
results\human_posthold_descriptive\05f3f\runner\frozen_TARGET86_evaluation_runner_v3_bytesafe.py,1358,fold,fold_rows.append({
results\human_posthold_descriptive\05f3f\runner\frozen_TARGET86_evaluation_runner_v3_bytesafe.py,1359,repeat,"""repeat"": repeat,"
results\human_posthold_descriptive\05f3f\runner\frozen_TARGET86_evaluation_runner_v3_bytesafe.py,1360,fold;outer,"""outer_fold"": outer_fold,"
results\human_posthold_descriptive\05f3f\runner\frozen_TARGET86_evaluation_runner_v3_bytesafe.py,1363,train_idx,train_idx
results\human_posthold_descriptive\05f3f\runner\frozen_TARGET86_evaluation_runner_v3_bytesafe.py,1367,train_idx,train_idx
results\human_posthold_descriptive\05f3f\runner\frozen_TARGET86_evaluation_runner_v3_bytesafe.py,1371,test_idx,test_idx
results\human_posthold_descriptive\05f3f\runner\frozen_TARGET86_evaluation_runner_v3_bytesafe.py,1375,test_idx,test_idx
results\human_posthold_descriptive\05f3f\runner\frozen_TARGET86_evaluation_runner_v3_bytesafe.py,1385,test_idx,test_idx
results\human_posthold_descriptive\05f3f\runner\frozen_TARGET86_evaluation_runner_v3_bytesafe.py,1388,repeat,"""repeat"": repeat,"
results\human_posthold_descriptive\05f3f\runner\frozen_TARGET86_evaluation_runner_v3_bytesafe.py,1389,fold;outer,"""outer_fold"": outer_fold,"
results\human_posthold_descriptive\05f3f\runner\frozen_TARGET86_evaluation_runner_v3_bytesafe.py,1425,repeat,"part[""repeat""] = repeat"
results\human_posthold_descriptive\05f3f\runner\frozen_TARGET86_evaluation_runner_v3_bytesafe.py,1426,fold;outer,"part[""outer_fold""] = ("
results\human_posthold_descriptive\05f3f\runner\frozen_TARGET86_evaluation_runner_v3_bytesafe.py,1427,fold;outer,outer_fold
results\human_posthold_descriptive\05f3f\runner\frozen_TARGET86_evaluation_runner_v3_bytesafe.py,1439,fold,folds = pd.DataFrame(
results\human_posthold_descriptive\05f3f\runner\frozen_TARGET86_evaluation_runner_v3_bytesafe.py,1440,fold,fold_rows
results\human_posthold_descriptive\05f3f\runner\frozen_TARGET86_evaluation_runner_v3_bytesafe.py,1456,fold,folds.to_csv(
results\human_posthold_descriptive\05f3f\runner\frozen_TARGET86_evaluation_runner_v3_bytesafe.py,1458,fold,"/ ""TARGET_fold_metrics.tsv"","
results\human_posthold_descriptive\05f3f\runner\frozen_TARGET86_evaluation_runner_v3_bytesafe.py,1478,fold,part = folds[
results\human_posthold_descriptive\05f3f\runner\frozen_TARGET86_evaluation_runner_v3_bytesafe.py,1479,fold,"folds[""model_id""]"
results\human_posthold_descriptive\05f3f\runner\frozen_TARGET86_evaluation_runner_v3_bytesafe.py,1484,repeat,_aggregate_repeat_metric(
results\human_posthold_descriptive\05f3f\runner\frozen_TARGET86_evaluation_runner_v3_bytesafe.py,1490,repeat,_aggregate_repeat_metric(
results\human_posthold_descriptive\05f3f\runner\frozen_TARGET86_evaluation_runner_v3_bytesafe.py,1496,repeat,_aggregate_repeat_metric(
results\human_posthold_descriptive\05f3f\runner\frozen_TARGET86_evaluation_runner_v3_bytesafe.py,1502,repeat,_aggregate_repeat_metric(
results\human_posthold_descriptive\05f3f\runner\frozen_TARGET86_evaluation_runner_v3_bytesafe.py,1511,repeat,"""uno_valid_repeats"": nrep_c,"
results\human_posthold_descriptive\05f3f\runner\frozen_TARGET86_evaluation_runner_v3_bytesafe.py,1513,repeat,"""ibs_valid_repeats"": nrep_ibs,"
results\human_posthold_descriptive\05f3f\runner\frozen_TARGET86_evaluation_runner_v3_bytesafe.py,1515,repeat,"""risk_sd_valid_repeats"": nrep_sd,"
results\human_posthold_descriptive\05f3f\runner\frozen_TARGET86_evaluation_runner_v3_bytesafe.py,1517,repeat,"""risk_q99_q01_valid_repeats"": nrep_q,"
results\human_posthold_descriptive\05f3f\runner\frozen_TARGET86_evaluation_runner_v3_bytesafe.py,1553,repeat,# Patient-clustered paired bootstrap of FIXED repeated-CV predictions.
results\human_posthold_descriptive\05f3f\runner\frozen_TARGET86_evaluation_runner_v3_bytesafe.py,1560,repeat,"repeat,"
results\human_posthold_descriptive\05f3f\runner\frozen_TARGET86_evaluation_runner_v3_bytesafe.py,1561,fold,"fold,"
results\human_posthold_descriptive\05f3f\runner\frozen_TARGET86_evaluation_runner_v3_bytesafe.py,1565,repeat,"""repeat"","
results\human_posthold_descriptive\05f3f\runner\frozen_TARGET86_evaluation_runner_v3_bytesafe.py,1566,fold;outer,"""outer_fold"","
results\human_posthold_descriptive\05f3f\runner\frozen_TARGET86_evaluation_runner_v3_bytesafe.py,1572,repeat,"int(repeat),"
results\human_posthold_descriptive\05f3f\runner\frozen_TARGET86_evaluation_runner_v3_bytesafe.py,1573,fold,"int(fold),"
results\human_posthold_descriptive\05f3f\runner\frozen_TARGET86_evaluation_runner_v3_bytesafe.py,1581,repeat,"repeat,"
results\human_posthold_descriptive\05f3f\runner\frozen_TARGET86_evaluation_runner_v3_bytesafe.py,1582,fold,"fold,"
results\human_posthold_descriptive\05f3f\runner\frozen_TARGET86_evaluation_runner_v3_bytesafe.py,1585,repeat,"""repeat"","
results\human_posthold_descriptive\05f3f\runner\frozen_TARGET86_evaluation_runner_v3_bytesafe.py,1586,fold;outer,"""outer_fold"","
results\human_posthold_descriptive\05f3f\runner\frozen_TARGET86_evaluation_runner_v3_bytesafe.py,1589,train_idx,train_idx = (
results\human_posthold_descriptive\05f3f\runner\frozen_TARGET86_evaluation_runner_v3_bytesafe.py,1599,test_idx,test_idx = (
results\human_posthold_descriptive\05f3f\runner\frozen_TARGET86_evaluation_runner_v3_bytesafe.py,1611,repeat,"int(repeat),"
results\human_posthold_descriptive\05f3f\runner\frozen_TARGET86_evaluation_runner_v3_bytesafe.py,1612,fold,"int(fold),"
results\human_posthold_descriptive\05f3f\runner\frozen_TARGET86_evaluation_runner_v3_bytesafe.py,1615,train_idx,"train_idx,"
results\human_posthold_descriptive\05f3f\runner\frozen_TARGET86_evaluation_runner_v3_bytesafe.py,1616,test_idx,"test_idx,"
results\human_posthold_descriptive\05f3f\runner\frozen_TARGET86_evaluation_runner_v3_bytesafe.py,1689,fold,draw_fold_rows = []
results\human_posthold_descriptive\05f3f\runner\frozen_TARGET86_evaluation_runner_v3_bytesafe.py,1692,repeat,for repeat in range(
results\human_posthold_descriptive\05f3f\runner\frozen_TARGET86_evaluation_runner_v3_bytesafe.py,1693,outer;repeat,OUTER_REPEATS
results\human_posthold_descriptive\05f3f\runner\frozen_TARGET86_evaluation_runner_v3_bytesafe.py,1695,fold,for fold in range(
results\human_posthold_descriptive\05f3f\runner\frozen_TARGET86_evaluation_runner_v3_bytesafe.py,1696,outer,OUTER_SPLITS
results\human_posthold_descriptive\05f3f\runner\frozen_TARGET86_evaluation_runner_v3_bytesafe.py,1699,train_idx,"train_idx,"
results\human_posthold_descriptive\05f3f\runner\frozen_TARGET86_evaluation_runner_v3_bytesafe.py,1700,test_idx,"test_idx,"
results\human_posthold_descriptive\05f3f\runner\frozen_TARGET86_evaluation_runner_v3_bytesafe.py,1703,repeat,"repeat,"
results\human_posthold_descriptive\05f3f\runner\frozen_TARGET86_evaluation_runner_v3_bytesafe.py,1704,fold,"fold,"
results\human_posthold_descriptive\05f3f\runner\frozen_TARGET86_evaluation_runner_v3_bytesafe.py,1712,test_idx,for idx in test_idx:
results\human_posthold_descriptive\05f3f\runner\frozen_TARGET86_evaluation_runner_v3_bytesafe.py,1733,surv,y_train = _make_surv(
results\human_posthold_descriptive\05f3f\runner\frozen_TARGET86_evaluation_runner_v3_bytesafe.py,1735,train_idx,train_idx
results\human_posthold_descriptive\05f3f\runner\frozen_TARGET86_evaluation_runner_v3_bytesafe.py,1738,train_idx,train_idx
results\human_posthold_descriptive\05f3f\runner\frozen_TARGET86_evaluation_runner_v3_bytesafe.py,1742,surv,y_boot = _make_surv(
results\human_posthold_descriptive\05f3f\runner\frozen_TARGET86_evaluation_runner_v3_bytesafe.py,1754,repeat,"repeat,"
results\human_posthold_descriptive\05f3f\runner\frozen_TARGET86_evaluation_runner_v3_bytesafe.py,1755,fold,"fold,"
results\human_posthold_descriptive\05f3f\runner\frozen_TARGET86_evaluation_runner_v3_bytesafe.py,1787,tau,UNO_TAU_QUANTILE
results\human_posthold_descriptive\05f3f\runner\frozen_TARGET86_evaluation_runner_v3_bytesafe.py,1795,fold,draw_fold_rows.append({
results\human_posthold_descriptive\05f3f\runner\frozen_TARGET86_evaluation_runner_v3_bytesafe.py,1796,repeat,"""repeat"": repeat,"
results\human_posthold_descriptive\05f3f\runner\frozen_TARGET86_evaluation_runner_v3_bytesafe.py,1797,fold;outer,"""outer_fold"": fold,"
results\human_posthold_descriptive\05f3f\runner\frozen_TARGET86_evaluation_runner_v3_bytesafe.py,1814,fold,draw_folds = pd.DataFrame(
results\human_posthold_descriptive\05f3f\runner\frozen_TARGET86_evaluation_runner_v3_bytesafe.py,1815,fold,draw_fold_rows
results\human_posthold_descriptive\05f3f\runner\frozen_TARGET86_evaluation_runner_v3_bytesafe.py,1822,repeat,_aggregate_repeat_metric(
results\human_posthold_descriptive\05f3f\runner\frozen_TARGET86_evaluation_runner_v3_bytesafe.py,1823,fold,draw_folds[
results\human_posthold_descriptive\05f3f\runner\frozen_TARGET86_evaluation_runner_v3_bytesafe.py,1824,fold,draw_folds[
results\human_posthold_descriptive\05f3f\runner\frozen_TARGET86_evaluation_runner_v3_bytesafe.py,1836,repeat,< MIN_VALID_REPEATS
results\human_posthold_descriptive\05f3f\summary.json,19,censor,"""TARGET_censored"": 57,"
results\human_posthold_descriptive\05f3f\summary.json,30,fold,"""TARGET_fold_metrics.tsv"": ""05b8426dcd7d35ef8689ccaa8bf0ae9015a8723c0919a30180da7a88c5d0cba4"","
results\human_posthold_descriptive\05f3f\summary.json,39,fold,"""fold_metrics_sha256"": ""05b8426dcd7d35ef8689ccaa8bf0ae9015a8723c0919a30180da7a88c5d0cba4"","
results\human_posthold_descriptive\05f3f\TARGET86_execution_input_audit.json,7,censor,"""censored"": 57,"
results\human_posthold_descriptive\05f3d\runner\frozen_TARGET86_evaluation_runner_v3.py,27,fold,from sklearn.model_selection import StratifiedKFold
results\human_posthold_descriptive\05f3d\runner\frozen_TARGET86_evaluation_runner_v3.py,28,surv,from sksurv.util import Surv
results\human_posthold_descriptive\05f3d\runner\frozen_TARGET86_evaluation_runner_v3.py,66,outer,OUTER_SPLITS = 5
results\human_posthold_descriptive\05f3d\runner\frozen_TARGET86_evaluation_runner_v3.py,67,outer;repeat,OUTER_REPEATS = 20
results\human_posthold_descriptive\05f3d\runner\frozen_TARGET86_evaluation_runner_v3.py,75,repeat,MIN_VALID_REPEATS = 16
results\human_posthold_descriptive\05f3d\runner\frozen_TARGET86_evaluation_runner_v3.py,78,tau,UNO_TAU_QUANTILE = 0.90
results\human_posthold_descriptive\05f3d\runner\frozen_TARGET86_evaluation_runner_v3.py,289,surv,def _make_surv(
results\human_posthold_descriptive\05f3d\runner\frozen_TARGET86_evaluation_runner_v3.py,293,surv,return Surv.from_arrays(
results\human_posthold_descriptive\05f3d\runner\frozen_TARGET86_evaluation_runner_v3.py,384,breslow;surv,def _breslow_survival_from_fixed_risk(
results\human_posthold_descriptive\05f3d\runner\frozen_TARGET86_evaluation_runner_v3.py,389,eval_times,"eval_times: np.ndarray,"
results\human_posthold_descriptive\05f3d\runner\frozen_TARGET86_evaluation_runner_v3.py,392,breslow,Target-training-only Breslow baseline recalibration for a fixed risk score.
results\human_posthold_descriptive\05f3d\runner\frozen_TARGET86_evaluation_runner_v3.py,413,eval_times,eval_times = np.asarray(
results\human_posthold_descriptive\05f3d\runner\frozen_TARGET86_evaluation_runner_v3.py,414,eval_times,"eval_times,"
results\human_posthold_descriptive\05f3d\runner\frozen_TARGET86_evaluation_runner_v3.py,424,breslow,"""Non-finite Breslow input."""
results\human_posthold_descriptive\05f3d\runner\frozen_TARGET86_evaluation_runner_v3.py,462,breslow,"""Invalid Breslow risk-set sum."""
results\human_posthold_descriptive\05f3d\runner\frozen_TARGET86_evaluation_runner_v3.py,478,eval_times,"eval_times,"
results\human_posthold_descriptive\05f3d\runner\frozen_TARGET86_evaluation_runner_v3.py,483,eval_times,"len(eval_times),"
results\human_posthold_descriptive\05f3d\runner\frozen_TARGET86_evaluation_runner_v3.py,506,fold,def _fold_metrics(
results\human_posthold_descriptive\05f3d\runner\frozen_TARGET86_evaluation_runner_v3.py,515,surv,y_train = _make_surv(
results\human_posthold_descriptive\05f3d\runner\frozen_TARGET86_evaluation_runner_v3.py,519,surv,y_test = _make_surv(
results\human_posthold_descriptive\05f3d\runner\frozen_TARGET86_evaluation_runner_v3.py,531,tau,"quantile=UNO_TAU_QUANTILE,"
results\human_posthold_descriptive\05f3d\runner\frozen_TARGET86_evaluation_runner_v3.py,543,surv,survival = (
results\human_posthold_descriptive\05f3d\runner\frozen_TARGET86_evaluation_runner_v3.py,544,breslow;surv,_breslow_survival_from_fixed_risk(
results\human_posthold_descriptive\05f3d\runner\frozen_TARGET86_evaluation_runner_v3.py,553,brier;integrated_brier,ibs = m04c.integrated_brier_custom(
results\human_posthold_descriptive\05f3d\runner\frozen_TARGET86_evaluation_runner_v3.py,556,surv,"survival,"
results\human_posthold_descriptive\05f3d\runner\frozen_TARGET86_evaluation_runner_v3.py,589,fold,def fit_predict_fold(
results\human_posthold_descriptive\05f3d\runner\frozen_TARGET86_evaluation_runner_v3.py,595,repeat,"repeat: int,"
results\human_posthold_descriptive\05f3d\runner\frozen_TARGET86_evaluation_runner_v3.py,596,fold;outer,"outer_fold: int,"
results\human_posthold_descriptive\05f3d\runner\frozen_TARGET86_evaluation_runner_v3.py,600,fold;outer,Fit/predict all frozen TARGET models for one outer fold.
results\human_posthold_descriptive\05f3d\runner\frozen_TARGET86_evaluation_runner_v3.py,629,surv,y_train = _make_surv(
results\human_posthold_descriptive\05f3d\runner\frozen_TARGET86_evaluation_runner_v3.py,646,repeat,+ int(repeat) * 100
results\human_posthold_descriptive\05f3d\runner\frozen_TARGET86_evaluation_runner_v3.py,647,fold;outer,+ int(outer_fold)
results\human_posthold_descriptive\05f3d\runner\frozen_TARGET86_evaluation_runner_v3.py,815,repeat,+ int(repeat) * 100003
results\human_posthold_descriptive\05f3d\runner\frozen_TARGET86_evaluation_runner_v3.py,816,fold;outer,+ int(outer_fold) * 1009
results\human_posthold_descriptive\05f3d\runner\frozen_TARGET86_evaluation_runner_v3.py,1003,repeat,def _aggregate_repeat_metric(
results\human_posthold_descriptive\05f3d\runner\frozen_TARGET86_evaluation_runner_v3.py,1004,fold,"fold_frame: pd.DataFrame,"
results\human_posthold_descriptive\05f3d\runner\frozen_TARGET86_evaluation_runner_v3.py,1007,repeat,repeat_values = []
results\human_posthold_descriptive\05f3d\runner\frozen_TARGET86_evaluation_runner_v3.py,1009,fold,"for _, part in fold_frame.groupby("
results\human_posthold_descriptive\05f3d\runner\frozen_TARGET86_evaluation_runner_v3.py,1010,repeat,"""repeat"""
results\human_posthold_descriptive\05f3d\runner\frozen_TARGET86_evaluation_runner_v3.py,1026,fold;outer;repeat,# A repeat is valid only if all 5 frozen outer folds are evaluable.
results\human_posthold_descriptive\05f3d\runner\frozen_TARGET86_evaluation_runner_v3.py,1028,outer,len(part) != OUTER_SPLITS
results\human_posthold_descriptive\05f3d\runner\frozen_TARGET86_evaluation_runner_v3.py,1035,repeat,repeat_values.append(
results\human_posthold_descriptive\05f3d\runner\frozen_TARGET86_evaluation_runner_v3.py,1045,repeat,len(repeat_values)
results\human_posthold_descriptive\05f3d\runner\frozen_TARGET86_evaluation_runner_v3.py,1046,repeat,< MIN_VALID_REPEATS
results\human_posthold_descriptive\05f3d\runner\frozen_TARGET86_evaluation_runner_v3.py,1050,repeat,"len(repeat_values),"
results\human_posthold_descriptive\05f3d\runner\frozen_TARGET86_evaluation_runner_v3.py,1056,repeat,repeat_values
results\human_posthold_descriptive\05f3d\runner\frozen_TARGET86_evaluation_runner_v3.py,1059,repeat,"len(repeat_values),"
results\human_posthold_descriptive\05f3d\runner\frozen_TARGET86_evaluation_runner_v3.py,1270,outer,< OUTER_SPLITS
results\human_posthold_descriptive\05f3d\runner\frozen_TARGET86_evaluation_runner_v3.py,1272,outer,< OUTER_SPLITS
results\human_posthold_descriptive\05f3d\runner\frozen_TARGET86_evaluation_runner_v3.py,1275,censor,"""TARGET event/censor counts cannot """
results\human_posthold_descriptive\05f3d\runner\frozen_TARGET86_evaluation_runner_v3.py,1276,fold,"""support frozen 5-fold stratification."""
results\human_posthold_descriptive\05f3d\runner\frozen_TARGET86_evaluation_runner_v3.py,1285,fold,fold_rows = []
results\human_posthold_descriptive\05f3d\runner\frozen_TARGET86_evaluation_runner_v3.py,1289,repeat,for repeat in range(
results\human_posthold_descriptive\05f3d\runner\frozen_TARGET86_evaluation_runner_v3.py,1290,outer;repeat,OUTER_REPEATS
results\human_posthold_descriptive\05f3d\runner\frozen_TARGET86_evaluation_runner_v3.py,1292,fold,splitter = StratifiedKFold(
results\human_posthold_descriptive\05f3d\runner\frozen_TARGET86_evaluation_runner_v3.py,1293,outer,"n_splits=OUTER_SPLITS,"
results\human_posthold_descriptive\05f3d\runner\frozen_TARGET86_evaluation_runner_v3.py,1297,repeat,+ repeat
results\human_posthold_descriptive\05f3d\runner\frozen_TARGET86_evaluation_runner_v3.py,1302,fold;outer,"outer_fold,"
results\human_posthold_descriptive\05f3d\runner\frozen_TARGET86_evaluation_runner_v3.py,1304,train_idx,"train_idx,"
results\human_posthold_descriptive\05f3d\runner\frozen_TARGET86_evaluation_runner_v3.py,1305,test_idx,"test_idx,"
results\human_posthold_descriptive\05f3d\runner\frozen_TARGET86_evaluation_runner_v3.py,1313,fold,fitted = fit_predict_fold(
results\human_posthold_descriptive\05f3d\runner\frozen_TARGET86_evaluation_runner_v3.py,1314,train_idx,"X_raw[train_idx],"
results\human_posthold_descriptive\05f3d\runner\frozen_TARGET86_evaluation_runner_v3.py,1315,test_idx,"X_raw[test_idx],"
results\human_posthold_descriptive\05f3d\runner\frozen_TARGET86_evaluation_runner_v3.py,1316,train_idx,"time_values[train_idx],"
results\human_posthold_descriptive\05f3d\runner\frozen_TARGET86_evaluation_runner_v3.py,1317,train_idx,"event_values[train_idx],"
results\human_posthold_descriptive\05f3d\runner\frozen_TARGET86_evaluation_runner_v3.py,1318,repeat,"repeat=repeat,"
results\human_posthold_descriptive\05f3d\runner\frozen_TARGET86_evaluation_runner_v3.py,1319,fold;outer,"outer_fold=outer_fold,"
results\human_posthold_descriptive\05f3d\runner\frozen_TARGET86_evaluation_runner_v3.py,1323,train_idx,for idx in train_idx:
results\human_posthold_descriptive\05f3d\runner\frozen_TARGET86_evaluation_runner_v3.py,1325,repeat,"""repeat"": repeat,"
results\human_posthold_descriptive\05f3d\runner\frozen_TARGET86_evaluation_runner_v3.py,1326,fold;outer,"""outer_fold"": outer_fold,"
results\human_posthold_descriptive\05f3d\runner\frozen_TARGET86_evaluation_runner_v3.py,1333,test_idx,for idx in test_idx:
results\human_posthold_descriptive\05f3d\runner\frozen_TARGET86_evaluation_runner_v3.py,1335,repeat,"""repeat"": repeat,"
results\human_posthold_descriptive\05f3d\runner\frozen_TARGET86_evaluation_runner_v3.py,1336,fold;outer,"""outer_fold"": outer_fold,"
results\human_posthold_descriptive\05f3d\runner\frozen_TARGET86_evaluation_runner_v3.py,1344,fold,metrics = _fold_metrics(
results\human_posthold_descriptive\05f3d\runner\frozen_TARGET86_evaluation_runner_v3.py,1346,train_idx,"time_values[train_idx],"
results\human_posthold_descriptive\05f3d\runner\frozen_TARGET86_evaluation_runner_v3.py,1347,train_idx,"event_values[train_idx],"
results\human_posthold_descriptive\05f3d\runner\frozen_TARGET86_evaluation_runner_v3.py,1348,test_idx,"time_values[test_idx],"
results\human_posthold_descriptive\05f3d\runner\frozen_TARGET86_evaluation_runner_v3.py,1349,test_idx,"event_values[test_idx],"
results\human_posthold_descriptive\05f3d\runner\frozen_TARGET86_evaluation_runner_v3.py,1358,fold,fold_rows.append({
results\human_posthold_descriptive\05f3d\runner\frozen_TARGET86_evaluation_runner_v3.py,1359,repeat,"""repeat"": repeat,"
results\human_posthold_descriptive\05f3d\runner\frozen_TARGET86_evaluation_runner_v3.py,1360,fold;outer,"""outer_fold"": outer_fold,"
results\human_posthold_descriptive\05f3d\runner\frozen_TARGET86_evaluation_runner_v3.py,1363,train_idx,train_idx
results\human_posthold_descriptive\05f3d\runner\frozen_TARGET86_evaluation_runner_v3.py,1367,train_idx,train_idx
results\human_posthold_descriptive\05f3d\runner\frozen_TARGET86_evaluation_runner_v3.py,1371,test_idx,test_idx
results\human_posthold_descriptive\05f3d\runner\frozen_TARGET86_evaluation_runner_v3.py,1375,test_idx,test_idx
results\human_posthold_descriptive\05f3d\runner\frozen_TARGET86_evaluation_runner_v3.py,1385,test_idx,test_idx
results\human_posthold_descriptive\05f3d\runner\frozen_TARGET86_evaluation_runner_v3.py,1388,repeat,"""repeat"": repeat,"
results\human_posthold_descriptive\05f3d\runner\frozen_TARGET86_evaluation_runner_v3.py,1389,fold;outer,"""outer_fold"": outer_fold,"
results\human_posthold_descriptive\05f3d\runner\frozen_TARGET86_evaluation_runner_v3.py,1425,repeat,"part[""repeat""] = repeat"
results\human_posthold_descriptive\05f3d\runner\frozen_TARGET86_evaluation_runner_v3.py,1426,fold;outer,"part[""outer_fold""] = ("
results\human_posthold_descriptive\05f3d\runner\frozen_TARGET86_evaluation_runner_v3.py,1427,fold;outer,outer_fold
results\human_posthold_descriptive\05f3d\runner\frozen_TARGET86_evaluation_runner_v3.py,1439,fold,folds = pd.DataFrame(
results\human_posthold_descriptive\05f3d\runner\frozen_TARGET86_evaluation_runner_v3.py,1440,fold,fold_rows
results\human_posthold_descriptive\05f3d\runner\frozen_TARGET86_evaluation_runner_v3.py,1456,fold,folds.to_csv(
results\human_posthold_descriptive\05f3d\runner\frozen_TARGET86_evaluation_runner_v3.py,1458,fold,"/ ""TARGET_fold_metrics.tsv"","
results\human_posthold_descriptive\05f3d\runner\frozen_TARGET86_evaluation_runner_v3.py,1478,fold,part = folds[
results\human_posthold_descriptive\05f3d\runner\frozen_TARGET86_evaluation_runner_v3.py,1479,fold,"folds[""model_id""]"
results\human_posthold_descriptive\05f3d\runner\frozen_TARGET86_evaluation_runner_v3.py,1484,repeat,_aggregate_repeat_metric(
results\human_posthold_descriptive\05f3d\runner\frozen_TARGET86_evaluation_runner_v3.py,1490,repeat,_aggregate_repeat_metric(
results\human_posthold_descriptive\05f3d\runner\frozen_TARGET86_evaluation_runner_v3.py,1496,repeat,_aggregate_repeat_metric(
results\human_posthold_descriptive\05f3d\runner\frozen_TARGET86_evaluation_runner_v3.py,1502,repeat,_aggregate_repeat_metric(
results\human_posthold_descriptive\05f3d\runner\frozen_TARGET86_evaluation_runner_v3.py,1511,repeat,"""uno_valid_repeats"": nrep_c,"
results\human_posthold_descriptive\05f3d\runner\frozen_TARGET86_evaluation_runner_v3.py,1513,repeat,"""ibs_valid_repeats"": nrep_ibs,"
results\human_posthold_descriptive\05f3d\runner\frozen_TARGET86_evaluation_runner_v3.py,1515,repeat,"""risk_sd_valid_repeats"": nrep_sd,"
results\human_posthold_descriptive\05f3d\runner\frozen_TARGET86_evaluation_runner_v3.py,1517,repeat,"""risk_q99_q01_valid_repeats"": nrep_q,"
results\human_posthold_descriptive\05f3d\runner\frozen_TARGET86_evaluation_runner_v3.py,1553,repeat,# Patient-clustered paired bootstrap of FIXED repeated-CV predictions.
results\human_posthold_descriptive\05f3d\runner\frozen_TARGET86_evaluation_runner_v3.py,1560,repeat,"repeat,"
results\human_posthold_descriptive\05f3d\runner\frozen_TARGET86_evaluation_runner_v3.py,1561,fold,"fold,"
results\human_posthold_descriptive\05f3d\runner\frozen_TARGET86_evaluation_runner_v3.py,1565,repeat,"""repeat"","
results\human_posthold_descriptive\05f3d\runner\frozen_TARGET86_evaluation_runner_v3.py,1566,fold;outer,"""outer_fold"","
results\human_posthold_descriptive\05f3d\runner\frozen_TARGET86_evaluation_runner_v3.py,1572,repeat,"int(repeat),"
results\human_posthold_descriptive\05f3d\runner\frozen_TARGET86_evaluation_runner_v3.py,1573,fold,"int(fold),"
results\human_posthold_descriptive\05f3d\runner\frozen_TARGET86_evaluation_runner_v3.py,1581,repeat,"repeat,"
results\human_posthold_descriptive\05f3d\runner\frozen_TARGET86_evaluation_runner_v3.py,1582,fold,"fold,"
results\human_posthold_descriptive\05f3d\runner\frozen_TARGET86_evaluation_runner_v3.py,1585,repeat,"""repeat"","
results\human_posthold_descriptive\05f3d\runner\frozen_TARGET86_evaluation_runner_v3.py,1586,fold;outer,"""outer_fold"","
results\human_posthold_descriptive\05f3d\runner\frozen_TARGET86_evaluation_runner_v3.py,1589,train_idx,train_idx = (
results\human_posthold_descriptive\05f3d\runner\frozen_TARGET86_evaluation_runner_v3.py,1599,test_idx,test_idx = (
results\human_posthold_descriptive\05f3d\runner\frozen_TARGET86_evaluation_runner_v3.py,1611,repeat,"int(repeat),"
results\human_posthold_descriptive\05f3d\runner\frozen_TARGET86_evaluation_runner_v3.py,1612,fold,"int(fold),"
results\human_posthold_descriptive\05f3d\runner\frozen_TARGET86_evaluation_runner_v3.py,1615,train_idx,"train_idx,"
results\human_posthold_descriptive\05f3d\runner\frozen_TARGET86_evaluation_runner_v3.py,1616,test_idx,"test_idx,"
results\human_posthold_descriptive\05f3d\runner\frozen_TARGET86_evaluation_runner_v3.py,1689,fold,draw_fold_rows = []
results\human_posthold_descriptive\05f3d\runner\frozen_TARGET86_evaluation_runner_v3.py,1692,repeat,for repeat in range(
results\human_posthold_descriptive\05f3d\runner\frozen_TARGET86_evaluation_runner_v3.py,1693,outer;repeat,OUTER_REPEATS
results\human_posthold_descriptive\05f3d\runner\frozen_TARGET86_evaluation_runner_v3.py,1695,fold,for fold in range(
results\human_posthold_descriptive\05f3d\runner\frozen_TARGET86_evaluation_runner_v3.py,1696,outer,OUTER_SPLITS
results\human_posthold_descriptive\05f3d\runner\frozen_TARGET86_evaluation_runner_v3.py,1699,train_idx,"train_idx,"
results\human_posthold_descriptive\05f3d\runner\frozen_TARGET86_evaluation_runner_v3.py,1700,test_idx,"test_idx,"
results\human_posthold_descriptive\05f3d\runner\frozen_TARGET86_evaluation_runner_v3.py,1703,repeat,"repeat,"
results\human_posthold_descriptive\05f3d\runner\frozen_TARGET86_evaluation_runner_v3.py,1704,fold,"fold,"
results\human_posthold_descriptive\05f3d\runner\frozen_TARGET86_evaluation_runner_v3.py,1712,test_idx,for idx in test_idx:
results\human_posthold_descriptive\05f3d\runner\frozen_TARGET86_evaluation_runner_v3.py,1733,surv,y_train = _make_surv(
results\human_posthold_descriptive\05f3d\runner\frozen_TARGET86_evaluation_runner_v3.py,1735,train_idx,train_idx
results\human_posthold_descriptive\05f3d\runner\frozen_TARGET86_evaluation_runner_v3.py,1738,train_idx,train_idx
results\human_posthold_descriptive\05f3d\runner\frozen_TARGET86_evaluation_runner_v3.py,1742,surv,y_boot = _make_surv(
results\human_posthold_descriptive\05f3d\runner\frozen_TARGET86_evaluation_runner_v3.py,1754,repeat,"repeat,"
results\human_posthold_descriptive\05f3d\runner\frozen_TARGET86_evaluation_runner_v3.py,1755,fold,"fold,"
results\human_posthold_descriptive\05f3d\runner\frozen_TARGET86_evaluation_runner_v3.py,1787,tau,UNO_TAU_QUANTILE
results\human_posthold_descriptive\05f3d\runner\frozen_TARGET86_evaluation_runner_v3.py,1795,fold,draw_fold_rows.append({
results\human_posthold_descriptive\05f3d\runner\frozen_TARGET86_evaluation_runner_v3.py,1796,repeat,"""repeat"": repeat,"
results\human_posthold_descriptive\05f3d\runner\frozen_TARGET86_evaluation_runner_v3.py,1797,fold;outer,"""outer_fold"": fold,"
results\human_posthold_descriptive\05f3d\runner\frozen_TARGET86_evaluation_runner_v3.py,1814,fold,draw_folds = pd.DataFrame(
results\human_posthold_descriptive\05f3d\runner\frozen_TARGET86_evaluation_runner_v3.py,1815,fold,draw_fold_rows
results\human_posthold_descriptive\05f3d\runner\frozen_TARGET86_evaluation_runner_v3.py,1822,repeat,_aggregate_repeat_metric(
results\human_posthold_descriptive\05f3d\runner\frozen_TARGET86_evaluation_runner_v3.py,1823,fold,draw_folds[
results\human_posthold_descriptive\05f3d\runner\frozen_TARGET86_evaluation_runner_v3.py,1824,fold,draw_folds[
results\human_posthold_descriptive\05f3d\runner\frozen_TARGET86_evaluation_runner_v3.py,1836,repeat,< MIN_VALID_REPEATS
results\human_posthold_descriptive\05f3c\minimal_runner_patch_plan.json,17,censor,"""reason"": ""retain pre-existing censored time=0 observation; negative times remain forbidden"""
results\human_posthold_descriptive\05f3c\summary.json,2,censor,"""TARGET_censored"": 57,"
results\human_posthold_descriptive\05f3c\summary.json,5,fold,"""actual_frozen_fold_IBS_grid_support"": ""100/100"","
results\human_posthold_descriptive\05f3c\summary.json,6,fold;surv,"""actual_frozen_fold_Surv_support"": ""100/100"","
results\human_posthold_descriptive\05f3c\summary.json,7,fold,"""actual_frozen_fold_Uno_support"": ""100/100"","
results\human_posthold_descriptive\05f3c\summary.json,17,surv,"""synthetic_survival_stack_checks"": ""PASS"","
results\human_posthold_descriptive\05f3c\summary.json,18,censor,"""zero_time_censored"": true,"
results\human_posthold_descriptive\05f3c\TARGET86_zero_time_metric_support_audit.tsv,1,fold;outer;repeat;surv,repeat	outer_fold	n_train	n_test	events_train	events_test	zero_time_in_train	zero_time_in_test	surv_constructor_status	uno_support_status	ibs_grid_status	ibs_grid_n
results\human_posthold_descriptive\05f3c\zero_time_execution_semantics_audit.json,8,surv,"""zero_time_synthetic_survival_stack_audit.tsv"": ""3b738a0103298ace0e57254f787f177436e8518dff6f3b817ee9e5c0a99fcf12"""
results\human_posthold_descriptive\05f3c\zero_time_execution_semantics_audit.json,32,censor,"""censored"": 57,"
results\human_posthold_descriptive\05f3c\zero_time_execution_semantics_audit.json,52,surv,"""survival_stack"": {"
results\human_posthold_descriptive\05f3c\zero_time_execution_semantics_audit.json,54,fold,"""actual_100_fold_IBS_grid_support_n"": 100,"
results\human_posthold_descriptive\05f3c\zero_time_execution_semantics_audit.json,55,fold;surv,"""actual_100_fold_Surv_support_pass"": true,"
results\human_posthold_descriptive\05f3c\zero_time_execution_semantics_audit.json,56,fold,"""actual_100_fold_Uno_support_pass"": true,"
results\human_posthold_descriptive\05f3c\zero_time_execution_semantics_audit.json,57,surv,"""scikit_survival_version"": ""0.25.0"","
results\human_posthold_descriptive\05f3c\zero_time_synthetic_survival_stack_audit.tsv,2,censor;surv,sksurv_Surv_from_arrays_zero_censored	PASS	sksurv=0.25.0
results\human_posthold_descriptive\05f3c\zero_time_synthetic_survival_stack_audit.tsv,3,censor,frozen_04c_safe_uno_c_zero_censored	PASS	finite
results\human_posthold_descriptive\05f3c\zero_time_synthetic_survival_stack_audit.tsv,4,censor,frozen_04c_IBS_zero_censored	PASS	grid_n=20
results\human_posthold_descriptive\05f3c\zero_time_synthetic_survival_stack_audit.tsv,5,censor,frozen_04c_centered_ridge_zero_censored	PASS	gradient_norm=1.979e-07
results\human_posthold_descriptive\05f3c\zero_time_synthetic_survival_stack_audit.tsv,6,censor,frozen_05c_cox_loss_zero_censored	PASS	finite
results\human_posthold_descriptive\05f3b_v2\postopening_complete_case_reconciliation.json,9,os_event,"""os_event"","
results\human_posthold_descriptive\05f3b_v2\postopening_complete_case_reconciliation.json,10,os_time_days,"""os_time_days"""
results\human_posthold_descriptive\05f3b_v2\postopening_complete_case_reconciliation.json,20,censor,"""censored"": 57,"
results\human_posthold_descriptive\05f3b_v2\postopening_complete_case_reconciliation.json,30,surv,"""next"": ""05f3c technical execution-policy audit/amendment: use the exact pre-existing 86-case OS-complete roster and explicitly reconcile any zero-time row with the authoritative Paper4/sksurv execution semantics before model execution; no outcome imputation, no prediction-based exclusion, and no model/branch tuning."","
results\human_posthold_descriptive\05f3b_v2\postopening_complete_case_reconciliation.json,35,os_event;os_time_days,"""eligibility_rule"": ""reproduce pre-existing Paper4 complete-case policy literally: include a TARGET expression case iff BOTH frozen primary os_event and os_time_days are present and parseable; numeric zero time counts as present because upstream script23 used dropna(), not a >0 filter; blank endpoint field -> incomplete; negative/nonfinite/nonnumeric nonblank time -> FAIL_CLOSED"","
results\human_posthold_descriptive\05f3b_v2\summary.json,4,censor,"""censored"": 57,"
results\human_posthold_descriptive\05f3b_v2\summary.json,9,surv,"""next"": ""05f3c technical execution-policy audit/amendment: use the exact pre-existing 86-case OS-complete roster and explicitly reconcile any zero-time row with the authoritative Paper4/sksurv execution semantics before model execution; no outcome imputation, no prediction-based exclusion, and no model/branch tuning."","
results\human_posthold_descriptive\05f3b_v2\TARGET_OS_complete_primary_endpoint_roster.tsv,1,os_event;os_time_days,sample_index_88	sample_id	case_key	clinical_row_index	clinical_identifier	os_event_raw	os_time_days_raw	event_parse_status	time_parse_status	endpoint_complete	os_event_parsed	os_time_days_parsed
results\human_posthold_descriptive\05f3b_v2\TARGET_OS_complete_primary_endpoint_roster.tsv,2,censor,0	TARGET-40-0A4HLD	TARGET-40-0A4HLD	0	TARGET-40-0A4HLD	0.0	3946.0	PARSED_NUMERIC_CENSORED	PARSED_POSITIVE_TIME	True	0.0	3946.0
results\human_posthold_descriptive\05f3b_v2\TARGET_OS_complete_primary_endpoint_roster.tsv,3,censor,1	TARGET-40-0A4HMC	TARGET-40-0A4HMC	1	TARGET-40-0A4HMC	0.0	377.0	PARSED_NUMERIC_CENSORED	PARSED_POSITIVE_TIME	True	0.0	377.0
results\human_posthold_descriptive\05f3b_v2\TARGET_OS_complete_primary_endpoint_roster.tsv,4,censor,2	TARGET-40-0A4HX8	TARGET-40-0A4HX8	2	TARGET-40-0A4HX8	0.0	3050.0	PARSED_NUMERIC_CENSORED	PARSED_POSITIVE_TIME	True	0.0	3050.0
results\human_posthold_descriptive\05f3b_v2\TARGET_OS_complete_primary_endpoint_roster.tsv,5,censor,3	TARGET-40-0A4HXS	TARGET-40-0A4HXS	3	TARGET-40-0A4HXS	0.0	2948.0	PARSED_NUMERIC_CENSORED	PARSED_POSITIVE_TIME	True	0.0	2948.0
results\human_posthold_descriptive\05f3b_v2\TARGET_OS_complete_primary_endpoint_roster.tsv,8,censor,6	TARGET-40-0A4I0S	TARGET-40-0A4I0S	6	TARGET-40-0A4I0S	0.0	603.0	PARSED_NUMERIC_CENSORED	PARSED_POSITIVE_TIME	True	0.0	603.0
results\human_posthold_descriptive\05f3b_v2\TARGET_OS_complete_primary_endpoint_roster.tsv,9,censor,7	TARGET-40-0A4I0W	TARGET-40-0A4I0W	7	TARGET-40-0A4I0W	0.0	683.0	PARSED_NUMERIC_CENSORED	PARSED_POSITIVE_TIME	True	0.0	683.0
results\human_posthold_descriptive\05f3b_v2\TARGET_OS_complete_primary_endpoint_roster.tsv,10,censor,8	TARGET-40-0A4I3S	TARGET-40-0A4I3S	8	TARGET-40-0A4I3S	0.0	1844.0	PARSED_NUMERIC_CENSORED	PARSED_POSITIVE_TIME	True	0.0	1844.0
results\human_posthold_descriptive\05f3b_v2\TARGET_OS_complete_primary_endpoint_roster.tsv,12,censor,10	TARGET-40-0A4I48	TARGET-40-0A4I48	10	TARGET-40-0A4I48	0.0	1616.0	PARSED_NUMERIC_CENSORED	PARSED_POSITIVE_TIME	True	0.0	1616.0
results\human_posthold_descriptive\05f3b_v2\TARGET_OS_complete_primary_endpoint_roster.tsv,13,censor,12	TARGET-40-0A4I4M	TARGET-40-0A4I4M	12	TARGET-40-0A4I4M	0.0	708.0	PARSED_NUMERIC_CENSORED	PARSED_POSITIVE_TIME	True	0.0	708.0
results\human_posthold_descriptive\05f3b_v2\TARGET_OS_complete_primary_endpoint_roster.tsv,15,censor,14	TARGET-40-0A4I5B	TARGET-40-0A4I5B	14	TARGET-40-0A4I5B	0.0	619.0	PARSED_NUMERIC_CENSORED	PARSED_POSITIVE_TIME	True	0.0	619.0
results\human_posthold_descriptive\05f3b_v2\TARGET_OS_complete_primary_endpoint_roster.tsv,16,censor,15	TARGET-40-0A4I65	TARGET-40-0A4I65	15	TARGET-40-0A4I65	0.0	5840.0	PARSED_NUMERIC_CENSORED	PARSED_POSITIVE_TIME	True	0.0	5840.0
results\human_posthold_descriptive\05f3b_v2\TARGET_OS_complete_primary_endpoint_roster.tsv,18,censor,17	TARGET-40-0A4I8U	TARGET-40-0A4I8U	17	TARGET-40-0A4I8U	0.0	983.0	PARSED_NUMERIC_CENSORED	PARSED_POSITIVE_TIME	True	0.0	983.0
results\human_posthold_descriptive\05f3b_v2\TARGET_OS_complete_primary_endpoint_roster.tsv,19,censor,18	TARGET-40-0A4I9K	TARGET-40-0A4I9K	18	TARGET-40-0A4I9K	0.0	2257.0	PARSED_NUMERIC_CENSORED	PARSED_POSITIVE_TIME	True	0.0	2257.0
results\human_posthold_descriptive\05f3b_v2\TARGET_OS_complete_primary_endpoint_roster.tsv,20,censor,19	TARGET-40-PAKFVX	TARGET-40-PAKFVX	19	TARGET-40-PAKFVX	0.0	922.0	PARSED_NUMERIC_CENSORED	PARSED_POSITIVE_TIME	True	0.0	922.0
results\human_posthold_descriptive\05f3b_v2\TARGET_OS_complete_primary_endpoint_roster.tsv,21,censor,20	TARGET-40-PAKUZU	TARGET-40-PAKUZU	20	TARGET-40-PAKUZU	0.0	0.0	PARSED_NUMERIC_CENSORED	PARSED_ZERO_TIME	True	0.0	0.0
results\human_posthold_descriptive\05f3b_v2\TARGET_OS_complete_primary_endpoint_roster.tsv,22,censor,21	TARGET-40-PAKXLD	TARGET-40-PAKXLD	21	TARGET-40-PAKXLD	0.0	2462.0	PARSED_NUMERIC_CENSORED	PARSED_POSITIVE_TIME	True	0.0	2462.0
results\human_posthold_descriptive\05f3b_v2\TARGET_OS_complete_primary_endpoint_roster.tsv,26,censor,25	TARGET-40-PALHRL	TARGET-40-PALHRL	25	TARGET-40-PALHRL	0.0	4374.0	PARSED_NUMERIC_CENSORED	PARSED_POSITIVE_TIME	True	0.0	4374.0
results\human_posthold_descriptive\05f3b_v2\TARGET_OS_complete_primary_endpoint_roster.tsv,27,censor,26	TARGET-40-PALKDP	TARGET-40-PALKDP	26	TARGET-40-PALKDP	0.0	3282.0	PARSED_NUMERIC_CENSORED	PARSED_POSITIVE_TIME	True	0.0	3282.0
results\human_posthold_descriptive\05f3b_v2\TARGET_OS_complete_primary_endpoint_roster.tsv,28,censor,27	TARGET-40-PALKGN	TARGET-40-PALKGN	27	TARGET-40-PALKGN	0.0	2122.0	PARSED_NUMERIC_CENSORED	PARSED_POSITIVE_TIME	True	0.0	2122.0
results\human_posthold_descriptive\05f3b_v2\TARGET_OS_complete_primary_endpoint_roster.tsv,29,censor,28	TARGET-40-PALWWX	TARGET-40-PALWWX	28	TARGET-40-PALWWX	0.0	2163.0	PARSED_NUMERIC_CENSORED	PARSED_POSITIVE_TIME	True	0.0	2163.0
results\human_posthold_descriptive\05f3b_v2\TARGET_OS_complete_primary_endpoint_roster.tsv,32,censor,31	TARGET-40-PAMHLF	TARGET-40-PAMHLF	31	TARGET-40-PAMHLF	0.0	1913.0	PARSED_NUMERIC_CENSORED	PARSED_POSITIVE_TIME	True	0.0	1913.0
results\human_posthold_descriptive\05f3b_v2\TARGET_OS_complete_primary_endpoint_roster.tsv,33,censor,32	TARGET-40-PAMHYN	TARGET-40-PAMHYN	32	TARGET-40-PAMHYN	0.0	3900.0	PARSED_NUMERIC_CENSORED	PARSED_POSITIVE_TIME	True	0.0	3900.0
results\human_posthold_descriptive\05f3b_v2\TARGET_OS_complete_primary_endpoint_roster.tsv,37,censor,36	TARGET-40-PAMTCM	TARGET-40-PAMTCM	36	TARGET-40-PAMTCM	0.0	3002.0	PARSED_NUMERIC_CENSORED	PARSED_POSITIVE_TIME	True	0.0	3002.0
results\human_posthold_descriptive\05f3b_v2\TARGET_OS_complete_primary_endpoint_roster.tsv,39,censor,38	TARGET-40-PANGPE	TARGET-40-PANGPE	38	TARGET-40-PANGPE	0.0	3378.0	PARSED_NUMERIC_CENSORED	PARSED_POSITIVE_TIME	True	0.0	3378.0
results\human_posthold_descriptive\05f3b_v2\TARGET_OS_complete_primary_endpoint_roster.tsv,40,censor,39	TARGET-40-PANGRW	TARGET-40-PANGRW	39	TARGET-40-PANGRW	0.0	3378.0	PARSED_NUMERIC_CENSORED	PARSED_POSITIVE_TIME	True	0.0	3378.0
results\human_posthold_descriptive\05f3b_v2\TARGET_OS_complete_primary_endpoint_roster.tsv,43,censor,42	TARGET-40-PANSEN	TARGET-40-PANSEN	42	TARGET-40-PANSEN	0.0	2256.0	PARSED_NUMERIC_CENSORED	PARSED_POSITIVE_TIME	True	0.0	2256.0
results\human_posthold_descriptive\05f3b_v2\TARGET_OS_complete_primary_endpoint_roster.tsv,44,censor,43	TARGET-40-PANVJJ	TARGET-40-PANVJJ	43	TARGET-40-PANVJJ	0.0	3095.0	PARSED_NUMERIC_CENSORED	PARSED_POSITIVE_TIME	True	0.0	3095.0
results\human_posthold_descriptive\05f3b_v2\TARGET_OS_complete_primary_endpoint_roster.tsv,45,censor,44	TARGET-40-PANXSC	TARGET-40-PANXSC	44	TARGET-40-PANXSC	0.0	1217.0	PARSED_NUMERIC_CENSORED	PARSED_POSITIVE_TIME	True	0.0	1217.0
results\human_posthold_descriptive\05f3b_v2\TARGET_OS_complete_primary_endpoint_roster.tsv,46,censor,45	TARGET-40-PANZHX	TARGET-40-PANZHX	45	TARGET-40-PANZHX	0.0	1323.0	PARSED_NUMERIC_CENSORED	PARSED_POSITIVE_TIME	True	0.0	1323.0
results\human_posthold_descriptive\05f3b_v2\TARGET_OS_complete_primary_endpoint_roster.tsv,47,censor,46	TARGET-40-PANZZJ	TARGET-40-PANZZJ	46	TARGET-40-PANZZJ	0.0	1538.0	PARSED_NUMERIC_CENSORED	PARSED_POSITIVE_TIME	True	0.0	1538.0
results\human_posthold_descriptive\05f3b_v2\TARGET_OS_complete_primary_endpoint_roster.tsv,48,censor,48	TARGET-40-PAPIJR	TARGET-40-PAPIJR	48	TARGET-40-PAPIJR	0.0	1719.0	PARSED_NUMERIC_CENSORED	PARSED_POSITIVE_TIME	True	0.0	1719.0
results\human_posthold_descriptive\05f3b_v2\TARGET_OS_complete_primary_endpoint_roster.tsv,51,censor,51	TARGET-40-PAPWWC	TARGET-40-PAPWWC	51	TARGET-40-PAPWWC	0.0	2520.0	PARSED_NUMERIC_CENSORED	PARSED_POSITIVE_TIME	True	0.0	2520.0
results\human_posthold_descriptive\05f3b_v2\TARGET_OS_complete_primary_endpoint_roster.tsv,52,censor,52	TARGET-40-PAPXGT	TARGET-40-PAPXGT	52	TARGET-40-PAPXGT	0.0	2526.0	PARSED_NUMERIC_CENSORED	PARSED_POSITIVE_TIME	True	0.0	2526.0
results\human_posthold_descriptive\05f3b_v2\TARGET_OS_complete_primary_endpoint_roster.tsv,53,censor,53	TARGET-40-PARBGW	TARGET-40-PARBGW	53	TARGET-40-PARBGW	0.0	286.0	PARSED_NUMERIC_CENSORED	PARSED_POSITIVE_TIME	True	0.0	286.0
results\human_posthold_descriptive\05f3b_v2\TARGET_OS_complete_primary_endpoint_roster.tsv,56,censor,56	TARGET-40-PARGTM	TARGET-40-PARGTM	56	TARGET-40-PARGTM	0.0	2610.0	PARSED_NUMERIC_CENSORED	PARSED_POSITIVE_TIME	True	0.0	2610.0
results\human_posthold_descriptive\05f3b_v2\TARGET_OS_complete_primary_endpoint_roster.tsv,59,censor,59	TARGET-40-PASEBY	TARGET-40-PASEBY	59	TARGET-40-PASEBY	0.0	2049.0	PARSED_NUMERIC_CENSORED	PARSED_POSITIVE_TIME	True	0.0	2049.0
results\human_posthold_descriptive\05f3b_v2\TARGET_OS_complete_primary_endpoint_roster.tsv,60,censor,60	TARGET-40-PASEFS	TARGET-40-PASEFS	60	TARGET-40-PASEFS	0.0	2112.0	PARSED_NUMERIC_CENSORED	PARSED_POSITIVE_TIME	True	0.0	2112.0
results\human_posthold_descriptive\05f3b_v2\TARGET_OS_complete_primary_endpoint_roster.tsv,61,censor,61	TARGET-40-PASFCV	TARGET-40-PASFCV	61	TARGET-40-PASFCV	0.0	2062.0	PARSED_NUMERIC_CENSORED	PARSED_POSITIVE_TIME	True	0.0	2062.0
results\human_posthold_descriptive\05f3b_v2\TARGET_OS_complete_primary_endpoint_roster.tsv,62,censor,62	TARGET-40-PASKZZ	TARGET-40-PASKZZ	62	TARGET-40-PASKZZ	0.0	542.0	PARSED_NUMERIC_CENSORED	PARSED_POSITIVE_TIME	True	0.0	542.0
results\human_posthold_descriptive\05f3b_v2\TARGET_OS_complete_primary_endpoint_roster.tsv,63,censor,63	TARGET-40-PASNZV	TARGET-40-PASNZV	63	TARGET-40-PASNZV	0.0	1747.0	PARSED_NUMERIC_CENSORED	PARSED_POSITIVE_TIME	True	0.0	1747.0
results\human_posthold_descriptive\05f3b_v2\TARGET_OS_complete_primary_endpoint_roster.tsv,64,censor,64	TARGET-40-PASRNE	TARGET-40-PASRNE	64	TARGET-40-PASRNE	0.0	1707.0	PARSED_NUMERIC_CENSORED	PARSED_POSITIVE_TIME	True	0.0	1707.0
results\human_posthold_descriptive\05f3b_v2\TARGET_OS_complete_primary_endpoint_roster.tsv,65,censor,65	TARGET-40-PASSLM	TARGET-40-PASSLM	65	TARGET-40-PASSLM	0.0	1865.0	PARSED_NUMERIC_CENSORED	PARSED_POSITIVE_TIME	True	0.0	1865.0
results\human_posthold_descriptive\05f3b_v2\TARGET_OS_complete_primary_endpoint_roster.tsv,66,censor,66	TARGET-40-PASUUH	TARGET-40-PASUUH	66	TARGET-40-PASUUH	0.0	1625.0	PARSED_NUMERIC_CENSORED	PARSED_POSITIVE_TIME	True	0.0	1625.0
results\human_posthold_descriptive\05f3b_v2\TARGET_OS_complete_primary_endpoint_roster.tsv,67,censor,67	TARGET-40-PASYUK	TARGET-40-PASYUK	67	TARGET-40-PASYUK	0.0	1870.0	PARSED_NUMERIC_CENSORED	PARSED_POSITIVE_TIME	True	0.0	1870.0
results\human_posthold_descriptive\05f3b_v2\TARGET_OS_complete_primary_endpoint_roster.tsv,68,censor,68	TARGET-40-PATAWV	TARGET-40-PATAWV	68	TARGET-40-PATAWV	0.0	1702.0	PARSED_NUMERIC_CENSORED	PARSED_POSITIVE_TIME	True	0.0	1702.0
results\human_posthold_descriptive\05f3b_v2\TARGET_OS_complete_primary_endpoint_roster.tsv,69,censor,69	TARGET-40-PATEEM	TARGET-40-PATEEM	69	TARGET-40-PATEEM	0.0	1451.0	PARSED_NUMERIC_CENSORED	PARSED_POSITIVE_TIME	True	0.0	1451.0
results\human_posthold_descriptive\05f3b_v2\TARGET_OS_complete_primary_endpoint_roster.tsv,70,censor,70	TARGET-40-PATJVI	TARGET-40-PATJVI	70	TARGET-40-PATJVI	0.0	1575.0	PARSED_NUMERIC_CENSORED	PARSED_POSITIVE_TIME	True	0.0	1575.0
results\human_posthold_descriptive\05f3b_v2\TARGET_OS_complete_primary_endpoint_roster.tsv,72,censor,72	TARGET-40-PATMIF	TARGET-40-PATMIF	72	TARGET-40-PATMIF	0.0	1580.0	PARSED_NUMERIC_CENSORED	PARSED_POSITIVE_TIME	True	0.0	1580.0
results\human_posthold_descriptive\05f3b_v2\TARGET_OS_complete_primary_endpoint_roster.tsv,75,censor,75	TARGET-40-PATPBS	TARGET-40-PATPBS	75	TARGET-40-PATPBS	0.0	1468.0	PARSED_NUMERIC_CENSORED	PARSED_POSITIVE_TIME	True	0.0	1468.0
results\human_posthold_descriptive\05f3b_v2\TARGET_OS_complete_primary_endpoint_roster.tsv,77,censor,77	TARGET-40-PAUBIT	TARGET-40-PAUBIT	77	TARGET-40-PAUBIT	0.0	1029.0	PARSED_NUMERIC_CENSORED	PARSED_POSITIVE_TIME	True	0.0	1029.0
results\human_posthold_descriptive\05f3b_v2\TARGET_OS_complete_primary_endpoint_roster.tsv,78,censor,78	TARGET-40-PAUTWB	TARGET-40-PAUTWB	78	TARGET-40-PAUTWB	0.0	687.0	PARSED_NUMERIC_CENSORED	PARSED_POSITIVE_TIME	True	0.0	687.0
results\human_posthold_descriptive\05f3b_v2\TARGET_OS_complete_primary_endpoint_roster.tsv,80,censor,80	TARGET-40-PAUUML	TARGET-40-PAUUML	80	TARGET-40-PAUUML	0.0	672.0	PARSED_NUMERIC_CENSORED	PARSED_POSITIVE_TIME	True	0.0	672.0
results\human_posthold_descriptive\05f3b_v2\TARGET_OS_complete_primary_endpoint_roster.tsv,83,censor,83	TARGET-40-PAUYTT	TARGET-40-PAUYTT	83	TARGET-40-PAUYTT	0.0	579.0	PARSED_NUMERIC_CENSORED	PARSED_POSITIVE_TIME	True	0.0	579.0
results\human_posthold_descriptive\05f3b_v2\TARGET_OS_complete_primary_endpoint_roster.tsv,84,censor,84	TARGET-40-PAVALD	TARGET-40-PAVALD	84	TARGET-40-PAVALD	0.0	551.0	PARSED_NUMERIC_CENSORED	PARSED_POSITIVE_TIME	True	0.0	551.0
results\human_posthold_descriptive\05f3b_v2\TARGET_OS_complete_primary_endpoint_roster.tsv,85,censor,85	TARGET-40-PAVCLP	TARGET-40-PAVCLP	85	TARGET-40-PAVCLP	0.0	511.0	PARSED_NUMERIC_CENSORED	PARSED_POSITIVE_TIME	True	0.0	511.0
results\human_posthold_descriptive\05f3b_v2\TARGET_OS_complete_primary_endpoint_roster.tsv,86,censor,86	TARGET-40-PAVDTY	TARGET-40-PAVDTY	86	TARGET-40-PAVDTY	0.0	369.0	PARSED_NUMERIC_CENSORED	PARSED_POSITIVE_TIME	True	0.0	369.0
results\human_posthold_descriptive\05f3b_v2\TARGET_OS_complete_primary_endpoint_roster.tsv,87,censor,87	TARGET-40-PAVECB	TARGET-40-PAVECB	87	TARGET-40-PAVECB	0.0	476.0	PARSED_NUMERIC_CENSORED	PARSED_POSITIVE_TIME	True	0.0	476.0
results\human_posthold_descriptive\05f3b_v2\TARGET_OS_endpoint_completeness_audit.tsv,1,os_event;os_time_days,sample_index_88	sample_id	case_key	clinical_row_index	clinical_identifier	os_event_raw	os_time_days_raw	event_parse_status	time_parse_status	endpoint_complete	os_event_parsed	os_time_days_parsed
results\human_posthold_descriptive\05f3b_v2\TARGET_OS_endpoint_completeness_audit.tsv,2,censor,0	TARGET-40-0A4HLD	TARGET-40-0A4HLD	0	TARGET-40-0A4HLD	0.0	3946.0	PARSED_NUMERIC_CENSORED	PARSED_POSITIVE_TIME	True	0.0	3946.0
results\human_posthold_descriptive\05f3b_v2\TARGET_OS_endpoint_completeness_audit.tsv,3,censor,1	TARGET-40-0A4HMC	TARGET-40-0A4HMC	1	TARGET-40-0A4HMC	0.0	377.0	PARSED_NUMERIC_CENSORED	PARSED_POSITIVE_TIME	True	0.0	377.0
results\human_posthold_descriptive\05f3b_v2\TARGET_OS_endpoint_completeness_audit.tsv,4,censor,2	TARGET-40-0A4HX8	TARGET-40-0A4HX8	2	TARGET-40-0A4HX8	0.0	3050.0	PARSED_NUMERIC_CENSORED	PARSED_POSITIVE_TIME	True	0.0	3050.0
results\human_posthold_descriptive\05f3b_v2\TARGET_OS_endpoint_completeness_audit.tsv,5,censor,3	TARGET-40-0A4HXS	TARGET-40-0A4HXS	3	TARGET-40-0A4HXS	0.0	2948.0	PARSED_NUMERIC_CENSORED	PARSED_POSITIVE_TIME	True	0.0	2948.0
results\human_posthold_descriptive\05f3b_v2\TARGET_OS_endpoint_completeness_audit.tsv,8,censor,6	TARGET-40-0A4I0S	TARGET-40-0A4I0S	6	TARGET-40-0A4I0S	0.0	603.0	PARSED_NUMERIC_CENSORED	PARSED_POSITIVE_TIME	True	0.0	603.0
results\human_posthold_descriptive\05f3b_v2\TARGET_OS_endpoint_completeness_audit.tsv,9,censor,7	TARGET-40-0A4I0W	TARGET-40-0A4I0W	7	TARGET-40-0A4I0W	0.0	683.0	PARSED_NUMERIC_CENSORED	PARSED_POSITIVE_TIME	True	0.0	683.0
results\human_posthold_descriptive\05f3b_v2\TARGET_OS_endpoint_completeness_audit.tsv,10,censor,8	TARGET-40-0A4I3S	TARGET-40-0A4I3S	8	TARGET-40-0A4I3S	0.0	1844.0	PARSED_NUMERIC_CENSORED	PARSED_POSITIVE_TIME	True	0.0	1844.0
results\human_posthold_descriptive\05f3b_v2\TARGET_OS_endpoint_completeness_audit.tsv,12,censor,10	TARGET-40-0A4I48	TARGET-40-0A4I48	10	TARGET-40-0A4I48	0.0	1616.0	PARSED_NUMERIC_CENSORED	PARSED_POSITIVE_TIME	True	0.0	1616.0
results\human_posthold_descriptive\05f3b_v2\TARGET_OS_endpoint_completeness_audit.tsv,14,censor,12	TARGET-40-0A4I4M	TARGET-40-0A4I4M	12	TARGET-40-0A4I4M	0.0	708.0	PARSED_NUMERIC_CENSORED	PARSED_POSITIVE_TIME	True	0.0	708.0
results\human_posthold_descriptive\05f3b_v2\TARGET_OS_endpoint_completeness_audit.tsv,16,censor,14	TARGET-40-0A4I5B	TARGET-40-0A4I5B	14	TARGET-40-0A4I5B	0.0	619.0	PARSED_NUMERIC_CENSORED	PARSED_POSITIVE_TIME	True	0.0	619.0
results\human_posthold_descriptive\05f3b_v2\TARGET_OS_endpoint_completeness_audit.tsv,17,censor,15	TARGET-40-0A4I65	TARGET-40-0A4I65	15	TARGET-40-0A4I65	0.0	5840.0	PARSED_NUMERIC_CENSORED	PARSED_POSITIVE_TIME	True	0.0	5840.0
results\human_posthold_descriptive\05f3b_v2\TARGET_OS_endpoint_completeness_audit.tsv,19,censor,17	TARGET-40-0A4I8U	TARGET-40-0A4I8U	17	TARGET-40-0A4I8U	0.0	983.0	PARSED_NUMERIC_CENSORED	PARSED_POSITIVE_TIME	True	0.0	983.0
results\human_posthold_descriptive\05f3b_v2\TARGET_OS_endpoint_completeness_audit.tsv,20,censor,18	TARGET-40-0A4I9K	TARGET-40-0A4I9K	18	TARGET-40-0A4I9K	0.0	2257.0	PARSED_NUMERIC_CENSORED	PARSED_POSITIVE_TIME	True	0.0	2257.0
results\human_posthold_descriptive\05f3b_v2\TARGET_OS_endpoint_completeness_audit.tsv,21,censor,19	TARGET-40-PAKFVX	TARGET-40-PAKFVX	19	TARGET-40-PAKFVX	0.0	922.0	PARSED_NUMERIC_CENSORED	PARSED_POSITIVE_TIME	True	0.0	922.0
results\human_posthold_descriptive\05f3b_v2\TARGET_OS_endpoint_completeness_audit.tsv,22,censor,20	TARGET-40-PAKUZU	TARGET-40-PAKUZU	20	TARGET-40-PAKUZU	0.0	0.0	PARSED_NUMERIC_CENSORED	PARSED_ZERO_TIME	True	0.0	0.0
results\human_posthold_descriptive\05f3b_v2\TARGET_OS_endpoint_completeness_audit.tsv,23,censor,21	TARGET-40-PAKXLD	TARGET-40-PAKXLD	21	TARGET-40-PAKXLD	0.0	2462.0	PARSED_NUMERIC_CENSORED	PARSED_POSITIVE_TIME	True	0.0	2462.0
results\human_posthold_descriptive\05f3b_v2\TARGET_OS_endpoint_completeness_audit.tsv,27,censor,25	TARGET-40-PALHRL	TARGET-40-PALHRL	25	TARGET-40-PALHRL	0.0	4374.0	PARSED_NUMERIC_CENSORED	PARSED_POSITIVE_TIME	True	0.0	4374.0
results\human_posthold_descriptive\05f3b_v2\TARGET_OS_endpoint_completeness_audit.tsv,28,censor,26	TARGET-40-PALKDP	TARGET-40-PALKDP	26	TARGET-40-PALKDP	0.0	3282.0	PARSED_NUMERIC_CENSORED	PARSED_POSITIVE_TIME	True	0.0	3282.0
results\human_posthold_descriptive\05f3b_v2\TARGET_OS_endpoint_completeness_audit.tsv,29,censor,27	TARGET-40-PALKGN	TARGET-40-PALKGN	27	TARGET-40-PALKGN	0.0	2122.0	PARSED_NUMERIC_CENSORED	PARSED_POSITIVE_TIME	True	0.0	2122.0
results\human_posthold_descriptive\05f3b_v2\TARGET_OS_endpoint_completeness_audit.tsv,30,censor,28	TARGET-40-PALWWX	TARGET-40-PALWWX	28	TARGET-40-PALWWX	0.0	2163.0	PARSED_NUMERIC_CENSORED	PARSED_POSITIVE_TIME	True	0.0	2163.0
results\human_posthold_descriptive\05f3b_v2\TARGET_OS_endpoint_completeness_audit.tsv,33,censor,31	TARGET-40-PAMHLF	TARGET-40-PAMHLF	31	TARGET-40-PAMHLF	0.0	1913.0	PARSED_NUMERIC_CENSORED	PARSED_POSITIVE_TIME	True	0.0	1913.0
results\human_posthold_descriptive\05f3b_v2\TARGET_OS_endpoint_completeness_audit.tsv,34,censor,32	TARGET-40-PAMHYN	TARGET-40-PAMHYN	32	TARGET-40-PAMHYN	0.0	3900.0	PARSED_NUMERIC_CENSORED	PARSED_POSITIVE_TIME	True	0.0	3900.0
results\human_posthold_descriptive\05f3b_v2\TARGET_OS_endpoint_completeness_audit.tsv,38,censor,36	TARGET-40-PAMTCM	TARGET-40-PAMTCM	36	TARGET-40-PAMTCM	0.0	3002.0	PARSED_NUMERIC_CENSORED	PARSED_POSITIVE_TIME	True	0.0	3002.0
results\human_posthold_descriptive\05f3b_v2\TARGET_OS_endpoint_completeness_audit.tsv,40,censor,38	TARGET-40-PANGPE	TARGET-40-PANGPE	38	TARGET-40-PANGPE	0.0	3378.0	PARSED_NUMERIC_CENSORED	PARSED_POSITIVE_TIME	True	0.0	3378.0
results\human_posthold_descriptive\05f3b_v2\TARGET_OS_endpoint_completeness_audit.tsv,41,censor,39	TARGET-40-PANGRW	TARGET-40-PANGRW	39	TARGET-40-PANGRW	0.0	3378.0	PARSED_NUMERIC_CENSORED	PARSED_POSITIVE_TIME	True	0.0	3378.0
results\human_posthold_descriptive\05f3b_v2\TARGET_OS_endpoint_completeness_audit.tsv,44,censor,42	TARGET-40-PANSEN	TARGET-40-PANSEN	42	TARGET-40-PANSEN	0.0	2256.0	PARSED_NUMERIC_CENSORED	PARSED_POSITIVE_TIME	True	0.0	2256.0
results\human_posthold_descriptive\05f3b_v2\TARGET_OS_endpoint_completeness_audit.tsv,45,censor,43	TARGET-40-PANVJJ	TARGET-40-PANVJJ	43	TARGET-40-PANVJJ	0.0	3095.0	PARSED_NUMERIC_CENSORED	PARSED_POSITIVE_TIME	True	0.0	3095.0
results\human_posthold_descriptive\05f3b_v2\TARGET_OS_endpoint_completeness_audit.tsv,46,censor,44	TARGET-40-PANXSC	TARGET-40-PANXSC	44	TARGET-40-PANXSC	0.0	1217.0	PARSED_NUMERIC_CENSORED	PARSED_POSITIVE_TIME	True	0.0	1217.0
results\human_posthold_descriptive\05f3b_v2\TARGET_OS_endpoint_completeness_audit.tsv,47,censor,45	TARGET-40-PANZHX	TARGET-40-PANZHX	45	TARGET-40-PANZHX	0.0	1323.0	PARSED_NUMERIC_CENSORED	PARSED_POSITIVE_TIME	True	0.0	1323.0
results\human_posthold_descriptive\05f3b_v2\TARGET_OS_endpoint_completeness_audit.tsv,48,censor,46	TARGET-40-PANZZJ	TARGET-40-PANZZJ	46	TARGET-40-PANZZJ	0.0	1538.0	PARSED_NUMERIC_CENSORED	PARSED_POSITIVE_TIME	True	0.0	1538.0
results\human_posthold_descriptive\05f3b_v2\TARGET_OS_endpoint_completeness_audit.tsv,50,censor,48	TARGET-40-PAPIJR	TARGET-40-PAPIJR	48	TARGET-40-PAPIJR	0.0	1719.0	PARSED_NUMERIC_CENSORED	PARSED_POSITIVE_TIME	True	0.0	1719.0
results\human_posthold_descriptive\05f3b_v2\TARGET_OS_endpoint_completeness_audit.tsv,53,censor,51	TARGET-40-PAPWWC	TARGET-40-PAPWWC	51	TARGET-40-PAPWWC	0.0	2520.0	PARSED_NUMERIC_CENSORED	PARSED_POSITIVE_TIME	True	0.0	2520.0
results\human_posthold_descriptive\05f3b_v2\TARGET_OS_endpoint_completeness_audit.tsv,54,censor,52	TARGET-40-PAPXGT	TARGET-40-PAPXGT	52	TARGET-40-PAPXGT	0.0	2526.0	PARSED_NUMERIC_CENSORED	PARSED_POSITIVE_TIME	True	0.0	2526.0
results\human_posthold_descriptive\05f3b_v2\TARGET_OS_endpoint_completeness_audit.tsv,55,censor,53	TARGET-40-PARBGW	TARGET-40-PARBGW	53	TARGET-40-PARBGW	0.0	286.0	PARSED_NUMERIC_CENSORED	PARSED_POSITIVE_TIME	True	0.0	286.0
results\human_posthold_descriptive\05f3b_v2\TARGET_OS_endpoint_completeness_audit.tsv,58,censor,56	TARGET-40-PARGTM	TARGET-40-PARGTM	56	TARGET-40-PARGTM	0.0	2610.0	PARSED_NUMERIC_CENSORED	PARSED_POSITIVE_TIME	True	0.0	2610.0
results\human_posthold_descriptive\05f3b_v2\TARGET_OS_endpoint_completeness_audit.tsv,61,censor,59	TARGET-40-PASEBY	TARGET-40-PASEBY	59	TARGET-40-PASEBY	0.0	2049.0	PARSED_NUMERIC_CENSORED	PARSED_POSITIVE_TIME	True	0.0	2049.0
results\human_posthold_descriptive\05f3b_v2\TARGET_OS_endpoint_completeness_audit.tsv,62,censor,60	TARGET-40-PASEFS	TARGET-40-PASEFS	60	TARGET-40-PASEFS	0.0	2112.0	PARSED_NUMERIC_CENSORED	PARSED_POSITIVE_TIME	True	0.0	2112.0
results\human_posthold_descriptive\05f3b_v2\TARGET_OS_endpoint_completeness_audit.tsv,63,censor,61	TARGET-40-PASFCV	TARGET-40-PASFCV	61	TARGET-40-PASFCV	0.0	2062.0	PARSED_NUMERIC_CENSORED	PARSED_POSITIVE_TIME	True	0.0	2062.0
results\human_posthold_descriptive\05f3b_v2\TARGET_OS_endpoint_completeness_audit.tsv,64,censor,62	TARGET-40-PASKZZ	TARGET-40-PASKZZ	62	TARGET-40-PASKZZ	0.0	542.0	PARSED_NUMERIC_CENSORED	PARSED_POSITIVE_TIME	True	0.0	542.0
results\human_posthold_descriptive\05f3b_v2\TARGET_OS_endpoint_completeness_audit.tsv,65,censor,63	TARGET-40-PASNZV	TARGET-40-PASNZV	63	TARGET-40-PASNZV	0.0	1747.0	PARSED_NUMERIC_CENSORED	PARSED_POSITIVE_TIME	True	0.0	1747.0
results\human_posthold_descriptive\05f3b_v2\TARGET_OS_endpoint_completeness_audit.tsv,66,censor,64	TARGET-40-PASRNE	TARGET-40-PASRNE	64	TARGET-40-PASRNE	0.0	1707.0	PARSED_NUMERIC_CENSORED	PARSED_POSITIVE_TIME	True	0.0	1707.0
results\human_posthold_descriptive\05f3b_v2\TARGET_OS_endpoint_completeness_audit.tsv,67,censor,65	TARGET-40-PASSLM	TARGET-40-PASSLM	65	TARGET-40-PASSLM	0.0	1865.0	PARSED_NUMERIC_CENSORED	PARSED_POSITIVE_TIME	True	0.0	1865.0
results\human_posthold_descriptive\05f3b_v2\TARGET_OS_endpoint_completeness_audit.tsv,68,censor,66	TARGET-40-PASUUH	TARGET-40-PASUUH	66	TARGET-40-PASUUH	0.0	1625.0	PARSED_NUMERIC_CENSORED	PARSED_POSITIVE_TIME	True	0.0	1625.0
results\human_posthold_descriptive\05f3b_v2\TARGET_OS_endpoint_completeness_audit.tsv,69,censor,67	TARGET-40-PASYUK	TARGET-40-PASYUK	67	TARGET-40-PASYUK	0.0	1870.0	PARSED_NUMERIC_CENSORED	PARSED_POSITIVE_TIME	True	0.0	1870.0
results\human_posthold_descriptive\05f3b_v2\TARGET_OS_endpoint_completeness_audit.tsv,70,censor,68	TARGET-40-PATAWV	TARGET-40-PATAWV	68	TARGET-40-PATAWV	0.0	1702.0	PARSED_NUMERIC_CENSORED	PARSED_POSITIVE_TIME	True	0.0	1702.0
results\human_posthold_descriptive\05f3b_v2\TARGET_OS_endpoint_completeness_audit.tsv,71,censor,69	TARGET-40-PATEEM	TARGET-40-PATEEM	69	TARGET-40-PATEEM	0.0	1451.0	PARSED_NUMERIC_CENSORED	PARSED_POSITIVE_TIME	True	0.0	1451.0
results\human_posthold_descriptive\05f3b_v2\TARGET_OS_endpoint_completeness_audit.tsv,72,censor,70	TARGET-40-PATJVI	TARGET-40-PATJVI	70	TARGET-40-PATJVI	0.0	1575.0	PARSED_NUMERIC_CENSORED	PARSED_POSITIVE_TIME	True	0.0	1575.0
results\human_posthold_descriptive\05f3b_v2\TARGET_OS_endpoint_completeness_audit.tsv,74,censor,72	TARGET-40-PATMIF	TARGET-40-PATMIF	72	TARGET-40-PATMIF	0.0	1580.0	PARSED_NUMERIC_CENSORED	PARSED_POSITIVE_TIME	True	0.0	1580.0
results\human_posthold_descriptive\05f3b_v2\TARGET_OS_endpoint_completeness_audit.tsv,77,censor,75	TARGET-40-PATPBS	TARGET-40-PATPBS	75	TARGET-40-PATPBS	0.0	1468.0	PARSED_NUMERIC_CENSORED	PARSED_POSITIVE_TIME	True	0.0	1468.0
results\human_posthold_descriptive\05f3b_v2\TARGET_OS_endpoint_completeness_audit.tsv,79,censor,77	TARGET-40-PAUBIT	TARGET-40-PAUBIT	77	TARGET-40-PAUBIT	0.0	1029.0	PARSED_NUMERIC_CENSORED	PARSED_POSITIVE_TIME	True	0.0	1029.0
results\human_posthold_descriptive\05f3b_v2\TARGET_OS_endpoint_completeness_audit.tsv,80,censor,78	TARGET-40-PAUTWB	TARGET-40-PAUTWB	78	TARGET-40-PAUTWB	0.0	687.0	PARSED_NUMERIC_CENSORED	PARSED_POSITIVE_TIME	True	0.0	687.0
results\human_posthold_descriptive\05f3b_v2\TARGET_OS_endpoint_completeness_audit.tsv,82,censor,80	TARGET-40-PAUUML	TARGET-40-PAUUML	80	TARGET-40-PAUUML	0.0	672.0	PARSED_NUMERIC_CENSORED	PARSED_POSITIVE_TIME	True	0.0	672.0
results\human_posthold_descriptive\05f3b_v2\TARGET_OS_endpoint_completeness_audit.tsv,85,censor,83	TARGET-40-PAUYTT	TARGET-40-PAUYTT	83	TARGET-40-PAUYTT	0.0	579.0	PARSED_NUMERIC_CENSORED	PARSED_POSITIVE_TIME	True	0.0	579.0
results\human_posthold_descriptive\05f3b_v2\TARGET_OS_endpoint_completeness_audit.tsv,86,censor,84	TARGET-40-PAVALD	TARGET-40-PAVALD	84	TARGET-40-PAVALD	0.0	551.0	PARSED_NUMERIC_CENSORED	PARSED_POSITIVE_TIME	True	0.0	551.0
results\human_posthold_descriptive\05f3b_v2\TARGET_OS_endpoint_completeness_audit.tsv,87,censor,85	TARGET-40-PAVCLP	TARGET-40-PAVCLP	85	TARGET-40-PAVCLP	0.0	511.0	PARSED_NUMERIC_CENSORED	PARSED_POSITIVE_TIME	True	0.0	511.0
results\human_posthold_descriptive\05f3b_v2\TARGET_OS_endpoint_completeness_audit.tsv,88,censor,86	TARGET-40-PAVDTY	TARGET-40-PAVDTY	86	TARGET-40-PAVDTY	0.0	369.0	PARSED_NUMERIC_CENSORED	PARSED_POSITIVE_TIME	True	0.0	369.0
results\human_posthold_descriptive\05f3b_v2\TARGET_OS_endpoint_completeness_audit.tsv,89,censor,87	TARGET-40-PAVECB	TARGET-40-PAVECB	87	TARGET-40-PAVECB	0.0	476.0	PARSED_NUMERIC_CENSORED	PARSED_POSITIVE_TIME	True	0.0	476.0
results\human_posthold_descriptive\05f3b_v2\TARGET_OS_incomplete_primary_endpoint_roster.tsv,1,os_event;os_time_days,sample_index_88	sample_id	case_key	clinical_row_index	clinical_identifier	os_event_raw	os_time_days_raw	event_parse_status	time_parse_status	endpoint_complete	os_event_parsed	os_time_days_parsed
results\human_posthold_descriptive\05f2c_v2\runner\frozen_TARGET_evaluation_runner_v2.py,27,fold,from sklearn.model_selection import StratifiedKFold
results\human_posthold_descriptive\05f2c_v2\runner\frozen_TARGET_evaluation_runner_v2.py,28,surv,from sksurv.util import Surv
results\human_posthold_descriptive\05f2c_v2\runner\frozen_TARGET_evaluation_runner_v2.py,66,outer,OUTER_SPLITS = 5
results\human_posthold_descriptive\05f2c_v2\runner\frozen_TARGET_evaluation_runner_v2.py,67,outer;repeat,OUTER_REPEATS = 20
results\human_posthold_descriptive\05f2c_v2\runner\frozen_TARGET_evaluation_runner_v2.py,75,repeat,MIN_VALID_REPEATS = 16
results\human_posthold_descriptive\05f2c_v2\runner\frozen_TARGET_evaluation_runner_v2.py,78,tau,UNO_TAU_QUANTILE = 0.90
results\human_posthold_descriptive\05f2c_v2\runner\frozen_TARGET_evaluation_runner_v2.py,289,surv,def _make_surv(
results\human_posthold_descriptive\05f2c_v2\runner\frozen_TARGET_evaluation_runner_v2.py,293,surv,return Surv.from_arrays(
results\human_posthold_descriptive\05f2c_v2\runner\frozen_TARGET_evaluation_runner_v2.py,384,breslow;surv,def _breslow_survival_from_fixed_risk(
results\human_posthold_descriptive\05f2c_v2\runner\frozen_TARGET_evaluation_runner_v2.py,389,eval_times,"eval_times: np.ndarray,"
results\human_posthold_descriptive\05f2c_v2\runner\frozen_TARGET_evaluation_runner_v2.py,392,breslow,Target-training-only Breslow baseline recalibration for a fixed risk score.
results\human_posthold_descriptive\05f2c_v2\runner\frozen_TARGET_evaluation_runner_v2.py,413,eval_times,eval_times = np.asarray(
results\human_posthold_descriptive\05f2c_v2\runner\frozen_TARGET_evaluation_runner_v2.py,414,eval_times,"eval_times,"
results\human_posthold_descriptive\05f2c_v2\runner\frozen_TARGET_evaluation_runner_v2.py,424,breslow,"""Non-finite Breslow input."""
results\human_posthold_descriptive\05f2c_v2\runner\frozen_TARGET_evaluation_runner_v2.py,462,breslow,"""Invalid Breslow risk-set sum."""
results\human_posthold_descriptive\05f2c_v2\runner\frozen_TARGET_evaluation_runner_v2.py,478,eval_times,"eval_times,"
results\human_posthold_descriptive\05f2c_v2\runner\frozen_TARGET_evaluation_runner_v2.py,483,eval_times,"len(eval_times),"
results\human_posthold_descriptive\05f2c_v2\runner\frozen_TARGET_evaluation_runner_v2.py,506,fold,def _fold_metrics(
results\human_posthold_descriptive\05f2c_v2\runner\frozen_TARGET_evaluation_runner_v2.py,515,surv,y_train = _make_surv(
results\human_posthold_descriptive\05f2c_v2\runner\frozen_TARGET_evaluation_runner_v2.py,519,surv,y_test = _make_surv(
results\human_posthold_descriptive\05f2c_v2\runner\frozen_TARGET_evaluation_runner_v2.py,531,tau,"quantile=UNO_TAU_QUANTILE,"
results\human_posthold_descriptive\05f2c_v2\runner\frozen_TARGET_evaluation_runner_v2.py,543,surv,survival = (
results\human_posthold_descriptive\05f2c_v2\runner\frozen_TARGET_evaluation_runner_v2.py,544,breslow;surv,_breslow_survival_from_fixed_risk(
results\human_posthold_descriptive\05f2c_v2\runner\frozen_TARGET_evaluation_runner_v2.py,553,brier;integrated_brier,ibs = m04c.integrated_brier_custom(
results\human_posthold_descriptive\05f2c_v2\runner\frozen_TARGET_evaluation_runner_v2.py,556,surv,"survival,"
results\human_posthold_descriptive\05f2c_v2\runner\frozen_TARGET_evaluation_runner_v2.py,589,fold,def fit_predict_fold(
results\human_posthold_descriptive\05f2c_v2\runner\frozen_TARGET_evaluation_runner_v2.py,595,repeat,"repeat: int,"
results\human_posthold_descriptive\05f2c_v2\runner\frozen_TARGET_evaluation_runner_v2.py,596,fold;outer,"outer_fold: int,"
results\human_posthold_descriptive\05f2c_v2\runner\frozen_TARGET_evaluation_runner_v2.py,600,fold;outer,Fit/predict all frozen TARGET models for one outer fold.
results\human_posthold_descriptive\05f2c_v2\runner\frozen_TARGET_evaluation_runner_v2.py,629,surv,y_train = _make_surv(
results\human_posthold_descriptive\05f2c_v2\runner\frozen_TARGET_evaluation_runner_v2.py,646,repeat,+ int(repeat) * 100
results\human_posthold_descriptive\05f2c_v2\runner\frozen_TARGET_evaluation_runner_v2.py,647,fold;outer,+ int(outer_fold)
results\human_posthold_descriptive\05f2c_v2\runner\frozen_TARGET_evaluation_runner_v2.py,815,repeat,+ int(repeat) * 100003
results\human_posthold_descriptive\05f2c_v2\runner\frozen_TARGET_evaluation_runner_v2.py,816,fold;outer,+ int(outer_fold) * 1009
results\human_posthold_descriptive\05f2c_v2\runner\frozen_TARGET_evaluation_runner_v2.py,1003,repeat,def _aggregate_repeat_metric(
results\human_posthold_descriptive\05f2c_v2\runner\frozen_TARGET_evaluation_runner_v2.py,1004,fold,"fold_frame: pd.DataFrame,"
results\human_posthold_descriptive\05f2c_v2\runner\frozen_TARGET_evaluation_runner_v2.py,1007,repeat,repeat_values = []
results\human_posthold_descriptive\05f2c_v2\runner\frozen_TARGET_evaluation_runner_v2.py,1009,fold,"for _, part in fold_frame.groupby("
results\human_posthold_descriptive\05f2c_v2\runner\frozen_TARGET_evaluation_runner_v2.py,1010,repeat,"""repeat"""
results\human_posthold_descriptive\05f2c_v2\runner\frozen_TARGET_evaluation_runner_v2.py,1026,fold;outer;repeat,# A repeat is valid only if all 5 frozen outer folds are evaluable.
results\human_posthold_descriptive\05f2c_v2\runner\frozen_TARGET_evaluation_runner_v2.py,1028,outer,len(part) != OUTER_SPLITS
results\human_posthold_descriptive\05f2c_v2\runner\frozen_TARGET_evaluation_runner_v2.py,1035,repeat,repeat_values.append(
results\human_posthold_descriptive\05f2c_v2\runner\frozen_TARGET_evaluation_runner_v2.py,1045,repeat,len(repeat_values)
results\human_posthold_descriptive\05f2c_v2\runner\frozen_TARGET_evaluation_runner_v2.py,1046,repeat,< MIN_VALID_REPEATS
results\human_posthold_descriptive\05f2c_v2\runner\frozen_TARGET_evaluation_runner_v2.py,1050,repeat,"len(repeat_values),"
results\human_posthold_descriptive\05f2c_v2\runner\frozen_TARGET_evaluation_runner_v2.py,1056,repeat,repeat_values
results\human_posthold_descriptive\05f2c_v2\runner\frozen_TARGET_evaluation_runner_v2.py,1059,repeat,"len(repeat_values),"
results\human_posthold_descriptive\05f2c_v2\runner\frozen_TARGET_evaluation_runner_v2.py,1270,outer,< OUTER_SPLITS
results\human_posthold_descriptive\05f2c_v2\runner\frozen_TARGET_evaluation_runner_v2.py,1272,outer,< OUTER_SPLITS
results\human_posthold_descriptive\05f2c_v2\runner\frozen_TARGET_evaluation_runner_v2.py,1275,censor,"""TARGET event/censor counts cannot """
results\human_posthold_descriptive\05f2c_v2\runner\frozen_TARGET_evaluation_runner_v2.py,1276,fold,"""support frozen 5-fold stratification."""
results\human_posthold_descriptive\05f2c_v2\runner\frozen_TARGET_evaluation_runner_v2.py,1285,fold,fold_rows = []
results\human_posthold_descriptive\05f2c_v2\runner\frozen_TARGET_evaluation_runner_v2.py,1289,repeat,for repeat in range(
results\human_posthold_descriptive\05f2c_v2\runner\frozen_TARGET_evaluation_runner_v2.py,1290,outer;repeat,OUTER_REPEATS
results\human_posthold_descriptive\05f2c_v2\runner\frozen_TARGET_evaluation_runner_v2.py,1292,fold,splitter = StratifiedKFold(
results\human_posthold_descriptive\05f2c_v2\runner\frozen_TARGET_evaluation_runner_v2.py,1293,outer,"n_splits=OUTER_SPLITS,"
results\human_posthold_descriptive\05f2c_v2\runner\frozen_TARGET_evaluation_runner_v2.py,1297,repeat,+ repeat
results\human_posthold_descriptive\05f2c_v2\runner\frozen_TARGET_evaluation_runner_v2.py,1302,fold;outer,"outer_fold,"
results\human_posthold_descriptive\05f2c_v2\runner\frozen_TARGET_evaluation_runner_v2.py,1304,train_idx,"train_idx,"
results\human_posthold_descriptive\05f2c_v2\runner\frozen_TARGET_evaluation_runner_v2.py,1305,test_idx,"test_idx,"
results\human_posthold_descriptive\05f2c_v2\runner\frozen_TARGET_evaluation_runner_v2.py,1313,fold,fitted = fit_predict_fold(
results\human_posthold_descriptive\05f2c_v2\runner\frozen_TARGET_evaluation_runner_v2.py,1314,train_idx,"X_raw[train_idx],"
results\human_posthold_descriptive\05f2c_v2\runner\frozen_TARGET_evaluation_runner_v2.py,1315,test_idx,"X_raw[test_idx],"
results\human_posthold_descriptive\05f2c_v2\runner\frozen_TARGET_evaluation_runner_v2.py,1316,train_idx,"time_values[train_idx],"
results\human_posthold_descriptive\05f2c_v2\runner\frozen_TARGET_evaluation_runner_v2.py,1317,train_idx,"event_values[train_idx],"
results\human_posthold_descriptive\05f2c_v2\runner\frozen_TARGET_evaluation_runner_v2.py,1318,repeat,"repeat=repeat,"
results\human_posthold_descriptive\05f2c_v2\runner\frozen_TARGET_evaluation_runner_v2.py,1319,fold;outer,"outer_fold=outer_fold,"
results\human_posthold_descriptive\05f2c_v2\runner\frozen_TARGET_evaluation_runner_v2.py,1323,train_idx,for idx in train_idx:
results\human_posthold_descriptive\05f2c_v2\runner\frozen_TARGET_evaluation_runner_v2.py,1325,repeat,"""repeat"": repeat,"
results\human_posthold_descriptive\05f2c_v2\runner\frozen_TARGET_evaluation_runner_v2.py,1326,fold;outer,"""outer_fold"": outer_fold,"
results\human_posthold_descriptive\05f2c_v2\runner\frozen_TARGET_evaluation_runner_v2.py,1333,test_idx,for idx in test_idx:
results\human_posthold_descriptive\05f2c_v2\runner\frozen_TARGET_evaluation_runner_v2.py,1335,repeat,"""repeat"": repeat,"
results\human_posthold_descriptive\05f2c_v2\runner\frozen_TARGET_evaluation_runner_v2.py,1336,fold;outer,"""outer_fold"": outer_fold,"
results\human_posthold_descriptive\05f2c_v2\runner\frozen_TARGET_evaluation_runner_v2.py,1344,fold,metrics = _fold_metrics(
results\human_posthold_descriptive\05f2c_v2\runner\frozen_TARGET_evaluation_runner_v2.py,1346,train_idx,"time_values[train_idx],"
results\human_posthold_descriptive\05f2c_v2\runner\frozen_TARGET_evaluation_runner_v2.py,1347,train_idx,"event_values[train_idx],"
results\human_posthold_descriptive\05f2c_v2\runner\frozen_TARGET_evaluation_runner_v2.py,1348,test_idx,"time_values[test_idx],"
results\human_posthold_descriptive\05f2c_v2\runner\frozen_TARGET_evaluation_runner_v2.py,1349,test_idx,"event_values[test_idx],"
results\human_posthold_descriptive\05f2c_v2\runner\frozen_TARGET_evaluation_runner_v2.py,1358,fold,fold_rows.append({
results\human_posthold_descriptive\05f2c_v2\runner\frozen_TARGET_evaluation_runner_v2.py,1359,repeat,"""repeat"": repeat,"
results\human_posthold_descriptive\05f2c_v2\runner\frozen_TARGET_evaluation_runner_v2.py,1360,fold;outer,"""outer_fold"": outer_fold,"
results\human_posthold_descriptive\05f2c_v2\runner\frozen_TARGET_evaluation_runner_v2.py,1363,train_idx,train_idx
results\human_posthold_descriptive\05f2c_v2\runner\frozen_TARGET_evaluation_runner_v2.py,1367,train_idx,train_idx
results\human_posthold_descriptive\05f2c_v2\runner\frozen_TARGET_evaluation_runner_v2.py,1371,test_idx,test_idx
results\human_posthold_descriptive\05f2c_v2\runner\frozen_TARGET_evaluation_runner_v2.py,1375,test_idx,test_idx
results\human_posthold_descriptive\05f2c_v2\runner\frozen_TARGET_evaluation_runner_v2.py,1385,test_idx,test_idx
results\human_posthold_descriptive\05f2c_v2\runner\frozen_TARGET_evaluation_runner_v2.py,1388,repeat,"""repeat"": repeat,"
results\human_posthold_descriptive\05f2c_v2\runner\frozen_TARGET_evaluation_runner_v2.py,1389,fold;outer,"""outer_fold"": outer_fold,"
results\human_posthold_descriptive\05f2c_v2\runner\frozen_TARGET_evaluation_runner_v2.py,1425,repeat,"part[""repeat""] = repeat"
results\human_posthold_descriptive\05f2c_v2\runner\frozen_TARGET_evaluation_runner_v2.py,1426,fold;outer,"part[""outer_fold""] = ("
results\human_posthold_descriptive\05f2c_v2\runner\frozen_TARGET_evaluation_runner_v2.py,1427,fold;outer,outer_fold
results\human_posthold_descriptive\05f2c_v2\runner\frozen_TARGET_evaluation_runner_v2.py,1439,fold,folds = pd.DataFrame(
results\human_posthold_descriptive\05f2c_v2\runner\frozen_TARGET_evaluation_runner_v2.py,1440,fold,fold_rows
results\human_posthold_descriptive\05f2c_v2\runner\frozen_TARGET_evaluation_runner_v2.py,1456,fold,folds.to_csv(
results\human_posthold_descriptive\05f2c_v2\runner\frozen_TARGET_evaluation_runner_v2.py,1458,fold,"/ ""TARGET_fold_metrics.tsv"","
results\human_posthold_descriptive\05f2c_v2\runner\frozen_TARGET_evaluation_runner_v2.py,1478,fold,part = folds[
results\human_posthold_descriptive\05f2c_v2\runner\frozen_TARGET_evaluation_runner_v2.py,1479,fold,"folds[""model_id""]"
results\human_posthold_descriptive\05f2c_v2\runner\frozen_TARGET_evaluation_runner_v2.py,1484,repeat,_aggregate_repeat_metric(
results\human_posthold_descriptive\05f2c_v2\runner\frozen_TARGET_evaluation_runner_v2.py,1490,repeat,_aggregate_repeat_metric(
results\human_posthold_descriptive\05f2c_v2\runner\frozen_TARGET_evaluation_runner_v2.py,1496,repeat,_aggregate_repeat_metric(
results\human_posthold_descriptive\05f2c_v2\runner\frozen_TARGET_evaluation_runner_v2.py,1502,repeat,_aggregate_repeat_metric(
results\human_posthold_descriptive\05f2c_v2\runner\frozen_TARGET_evaluation_runner_v2.py,1511,repeat,"""uno_valid_repeats"": nrep_c,"
results\human_posthold_descriptive\05f2c_v2\runner\frozen_TARGET_evaluation_runner_v2.py,1513,repeat,"""ibs_valid_repeats"": nrep_ibs,"
results\human_posthold_descriptive\05f2c_v2\runner\frozen_TARGET_evaluation_runner_v2.py,1515,repeat,"""risk_sd_valid_repeats"": nrep_sd,"
results\human_posthold_descriptive\05f2c_v2\runner\frozen_TARGET_evaluation_runner_v2.py,1517,repeat,"""risk_q99_q01_valid_repeats"": nrep_q,"
results\human_posthold_descriptive\05f2c_v2\runner\frozen_TARGET_evaluation_runner_v2.py,1553,repeat,# Patient-clustered paired bootstrap of FIXED repeated-CV predictions.
results\human_posthold_descriptive\05f2c_v2\runner\frozen_TARGET_evaluation_runner_v2.py,1560,repeat,"repeat,"
results\human_posthold_descriptive\05f2c_v2\runner\frozen_TARGET_evaluation_runner_v2.py,1561,fold,"fold,"
results\human_posthold_descriptive\05f2c_v2\runner\frozen_TARGET_evaluation_runner_v2.py,1565,repeat,"""repeat"","
results\human_posthold_descriptive\05f2c_v2\runner\frozen_TARGET_evaluation_runner_v2.py,1566,fold;outer,"""outer_fold"","
results\human_posthold_descriptive\05f2c_v2\runner\frozen_TARGET_evaluation_runner_v2.py,1572,repeat,"int(repeat),"
results\human_posthold_descriptive\05f2c_v2\runner\frozen_TARGET_evaluation_runner_v2.py,1573,fold,"int(fold),"
results\human_posthold_descriptive\05f2c_v2\runner\frozen_TARGET_evaluation_runner_v2.py,1581,repeat,"repeat,"
results\human_posthold_descriptive\05f2c_v2\runner\frozen_TARGET_evaluation_runner_v2.py,1582,fold,"fold,"
results\human_posthold_descriptive\05f2c_v2\runner\frozen_TARGET_evaluation_runner_v2.py,1585,repeat,"""repeat"","
results\human_posthold_descriptive\05f2c_v2\runner\frozen_TARGET_evaluation_runner_v2.py,1586,fold;outer,"""outer_fold"","
results\human_posthold_descriptive\05f2c_v2\runner\frozen_TARGET_evaluation_runner_v2.py,1589,train_idx,train_idx = (
results\human_posthold_descriptive\05f2c_v2\runner\frozen_TARGET_evaluation_runner_v2.py,1599,test_idx,test_idx = (
results\human_posthold_descriptive\05f2c_v2\runner\frozen_TARGET_evaluation_runner_v2.py,1611,repeat,"int(repeat),"
results\human_posthold_descriptive\05f2c_v2\runner\frozen_TARGET_evaluation_runner_v2.py,1612,fold,"int(fold),"
results\human_posthold_descriptive\05f2c_v2\runner\frozen_TARGET_evaluation_runner_v2.py,1615,train_idx,"train_idx,"
results\human_posthold_descriptive\05f2c_v2\runner\frozen_TARGET_evaluation_runner_v2.py,1616,test_idx,"test_idx,"
results\human_posthold_descriptive\05f2c_v2\runner\frozen_TARGET_evaluation_runner_v2.py,1689,fold,draw_fold_rows = []
results\human_posthold_descriptive\05f2c_v2\runner\frozen_TARGET_evaluation_runner_v2.py,1692,repeat,for repeat in range(
results\human_posthold_descriptive\05f2c_v2\runner\frozen_TARGET_evaluation_runner_v2.py,1693,outer;repeat,OUTER_REPEATS
results\human_posthold_descriptive\05f2c_v2\runner\frozen_TARGET_evaluation_runner_v2.py,1695,fold,for fold in range(
results\human_posthold_descriptive\05f2c_v2\runner\frozen_TARGET_evaluation_runner_v2.py,1696,outer,OUTER_SPLITS
results\human_posthold_descriptive\05f2c_v2\runner\frozen_TARGET_evaluation_runner_v2.py,1699,train_idx,"train_idx,"
results\human_posthold_descriptive\05f2c_v2\runner\frozen_TARGET_evaluation_runner_v2.py,1700,test_idx,"test_idx,"
results\human_posthold_descriptive\05f2c_v2\runner\frozen_TARGET_evaluation_runner_v2.py,1703,repeat,"repeat,"
results\human_posthold_descriptive\05f2c_v2\runner\frozen_TARGET_evaluation_runner_v2.py,1704,fold,"fold,"
results\human_posthold_descriptive\05f2c_v2\runner\frozen_TARGET_evaluation_runner_v2.py,1712,test_idx,for idx in test_idx:
results\human_posthold_descriptive\05f2c_v2\runner\frozen_TARGET_evaluation_runner_v2.py,1733,surv,y_train = _make_surv(
results\human_posthold_descriptive\05f2c_v2\runner\frozen_TARGET_evaluation_runner_v2.py,1735,train_idx,train_idx
results\human_posthold_descriptive\05f2c_v2\runner\frozen_TARGET_evaluation_runner_v2.py,1738,train_idx,train_idx
results\human_posthold_descriptive\05f2c_v2\runner\frozen_TARGET_evaluation_runner_v2.py,1742,surv,y_boot = _make_surv(
results\human_posthold_descriptive\05f2c_v2\runner\frozen_TARGET_evaluation_runner_v2.py,1754,repeat,"repeat,"
results\human_posthold_descriptive\05f2c_v2\runner\frozen_TARGET_evaluation_runner_v2.py,1755,fold,"fold,"
results\human_posthold_descriptive\05f2c_v2\runner\frozen_TARGET_evaluation_runner_v2.py,1787,tau,UNO_TAU_QUANTILE
results\human_posthold_descriptive\05f2c_v2\runner\frozen_TARGET_evaluation_runner_v2.py,1795,fold,draw_fold_rows.append({
results\human_posthold_descriptive\05f2c_v2\runner\frozen_TARGET_evaluation_runner_v2.py,1796,repeat,"""repeat"": repeat,"
results\human_posthold_descriptive\05f2c_v2\runner\frozen_TARGET_evaluation_runner_v2.py,1797,fold;outer,"""outer_fold"": fold,"
results\human_posthold_descriptive\05f2c_v2\runner\frozen_TARGET_evaluation_runner_v2.py,1814,fold,draw_folds = pd.DataFrame(
results\human_posthold_descriptive\05f2c_v2\runner\frozen_TARGET_evaluation_runner_v2.py,1815,fold,draw_fold_rows
results\human_posthold_descriptive\05f2c_v2\runner\frozen_TARGET_evaluation_runner_v2.py,1822,repeat,_aggregate_repeat_metric(
results\human_posthold_descriptive\05f2c_v2\runner\frozen_TARGET_evaluation_runner_v2.py,1823,fold,draw_folds[
results\human_posthold_descriptive\05f2c_v2\runner\frozen_TARGET_evaluation_runner_v2.py,1824,fold,draw_folds[
results\human_posthold_descriptive\05f2c_v2\runner\frozen_TARGET_evaluation_runner_v2.py,1836,repeat,< MIN_VALID_REPEATS
results\human_posthold_descriptive\05f2c_v2\summary.json,3,os_event,"""TARGET_OS_event_values_read"": false,"
results\human_posthold_descriptive\05f2c_v2\synthetic_runner_smoke_test.json,10,fold,"""fold_ibs_status"": ""PASS"","
results\human_posthold_descriptive\05f2c_v2\synthetic_runner_smoke_test.json,11,fold,"""fold_uno_c_finite"": true,"
results\human_posthold_descriptive\05f2c_v2\technical_runner_amendment_contract.json,12,os_event,"""os_event"","
results\human_posthold_descriptive\05f2c_v2\technical_runner_amendment_contract.json,13,os_time_days,"""os_time_days"""
results\human_posthold_descriptive\05f2c_v2\technical_runner_amendment_contract.json,43,os_event,"""TARGET_OS_event_values_read"": false,"
results\human_posthold_descriptive\05f2c_v2\technical_runner_amendment_contract.json,73,fold,"""all_model_fold_callables_had_already_executed_before_failure"": true,"
results\human_posthold_descriptive\05f2b\runner\frozen_TARGET_evaluation_runner.py,27,fold,from sklearn.model_selection import StratifiedKFold
results\human_posthold_descriptive\05f2b\runner\frozen_TARGET_evaluation_runner.py,28,surv,from sksurv.util import Surv
results\human_posthold_descriptive\05f2b\runner\frozen_TARGET_evaluation_runner.py,66,outer,OUTER_SPLITS = 5
results\human_posthold_descriptive\05f2b\runner\frozen_TARGET_evaluation_runner.py,67,outer;repeat,OUTER_REPEATS = 20
results\human_posthold_descriptive\05f2b\runner\frozen_TARGET_evaluation_runner.py,75,repeat,MIN_VALID_REPEATS = 16
results\human_posthold_descriptive\05f2b\runner\frozen_TARGET_evaluation_runner.py,78,tau,UNO_TAU_QUANTILE = 0.90
results\human_posthold_descriptive\05f2b\runner\frozen_TARGET_evaluation_runner.py,289,surv,def _make_surv(
results\human_posthold_descriptive\05f2b\runner\frozen_TARGET_evaluation_runner.py,293,surv,return Surv.from_arrays(
results\human_posthold_descriptive\05f2b\runner\frozen_TARGET_evaluation_runner.py,384,breslow;surv,def _breslow_survival_from_fixed_risk(
results\human_posthold_descriptive\05f2b\runner\frozen_TARGET_evaluation_runner.py,389,eval_times,"eval_times: np.ndarray,"
results\human_posthold_descriptive\05f2b\runner\frozen_TARGET_evaluation_runner.py,392,breslow,Target-training-only Breslow baseline recalibration for a fixed risk score.
results\human_posthold_descriptive\05f2b\runner\frozen_TARGET_evaluation_runner.py,413,eval_times,eval_times = np.asarray(
results\human_posthold_descriptive\05f2b\runner\frozen_TARGET_evaluation_runner.py,414,eval_times,"eval_times,"
results\human_posthold_descriptive\05f2b\runner\frozen_TARGET_evaluation_runner.py,424,breslow,"""Non-finite Breslow input."""
results\human_posthold_descriptive\05f2b\runner\frozen_TARGET_evaluation_runner.py,462,breslow,"""Invalid Breslow risk-set sum."""
results\human_posthold_descriptive\05f2b\runner\frozen_TARGET_evaluation_runner.py,478,eval_times,"eval_times,"
results\human_posthold_descriptive\05f2b\runner\frozen_TARGET_evaluation_runner.py,483,eval_times,"len(eval_times),"
results\human_posthold_descriptive\05f2b\runner\frozen_TARGET_evaluation_runner.py,506,fold,def _fold_metrics(
results\human_posthold_descriptive\05f2b\runner\frozen_TARGET_evaluation_runner.py,515,surv,y_train = _make_surv(
results\human_posthold_descriptive\05f2b\runner\frozen_TARGET_evaluation_runner.py,519,surv,y_test = _make_surv(
results\human_posthold_descriptive\05f2b\runner\frozen_TARGET_evaluation_runner.py,531,tau,"quantile=UNO_TAU_QUANTILE,"
results\human_posthold_descriptive\05f2b\runner\frozen_TARGET_evaluation_runner.py,543,surv,survival = (
results\human_posthold_descriptive\05f2b\runner\frozen_TARGET_evaluation_runner.py,544,breslow;surv,_breslow_survival_from_fixed_risk(
results\human_posthold_descriptive\05f2b\runner\frozen_TARGET_evaluation_runner.py,553,brier;integrated_brier,ibs = m04c.integrated_brier_custom(
results\human_posthold_descriptive\05f2b\runner\frozen_TARGET_evaluation_runner.py,556,surv,"survival,"
results\human_posthold_descriptive\05f2b\runner\frozen_TARGET_evaluation_runner.py,589,fold,def fit_predict_fold(
results\human_posthold_descriptive\05f2b\runner\frozen_TARGET_evaluation_runner.py,595,repeat,"repeat: int,"
results\human_posthold_descriptive\05f2b\runner\frozen_TARGET_evaluation_runner.py,596,fold;outer,"outer_fold: int,"
results\human_posthold_descriptive\05f2b\runner\frozen_TARGET_evaluation_runner.py,600,fold;outer,Fit/predict all frozen TARGET models for one outer fold.
results\human_posthold_descriptive\05f2b\runner\frozen_TARGET_evaluation_runner.py,629,surv,y_train = _make_surv(
results\human_posthold_descriptive\05f2b\runner\frozen_TARGET_evaluation_runner.py,646,repeat,+ int(repeat) * 100
results\human_posthold_descriptive\05f2b\runner\frozen_TARGET_evaluation_runner.py,647,fold;outer,+ int(outer_fold)
results\human_posthold_descriptive\05f2b\runner\frozen_TARGET_evaluation_runner.py,815,repeat,+ int(repeat) * 100003
results\human_posthold_descriptive\05f2b\runner\frozen_TARGET_evaluation_runner.py,816,fold;outer,+ int(outer_fold) * 1009
results\human_posthold_descriptive\05f2b\runner\frozen_TARGET_evaluation_runner.py,1003,repeat,def _aggregate_repeat_metric(
results\human_posthold_descriptive\05f2b\runner\frozen_TARGET_evaluation_runner.py,1004,fold,"fold_frame: pd.DataFrame,"
results\human_posthold_descriptive\05f2b\runner\frozen_TARGET_evaluation_runner.py,1007,repeat,repeat_values = []
results\human_posthold_descriptive\05f2b\runner\frozen_TARGET_evaluation_runner.py,1009,fold,"for _, part in fold_frame.groupby("
results\human_posthold_descriptive\05f2b\runner\frozen_TARGET_evaluation_runner.py,1010,repeat,"""repeat"""
results\human_posthold_descriptive\05f2b\runner\frozen_TARGET_evaluation_runner.py,1026,fold;outer;repeat,# A repeat is valid only if all 5 frozen outer folds are evaluable.
results\human_posthold_descriptive\05f2b\runner\frozen_TARGET_evaluation_runner.py,1028,outer,len(part) != OUTER_SPLITS
results\human_posthold_descriptive\05f2b\runner\frozen_TARGET_evaluation_runner.py,1035,repeat,repeat_values.append(
results\human_posthold_descriptive\05f2b\runner\frozen_TARGET_evaluation_runner.py,1045,repeat,len(repeat_values)
results\human_posthold_descriptive\05f2b\runner\frozen_TARGET_evaluation_runner.py,1046,repeat,< MIN_VALID_REPEATS
results\human_posthold_descriptive\05f2b\runner\frozen_TARGET_evaluation_runner.py,1050,repeat,"len(repeat_values),"
results\human_posthold_descriptive\05f2b\runner\frozen_TARGET_evaluation_runner.py,1056,repeat,repeat_values
results\human_posthold_descriptive\05f2b\runner\frozen_TARGET_evaluation_runner.py,1059,repeat,"len(repeat_values),"
results\human_posthold_descriptive\05f2b\runner\frozen_TARGET_evaluation_runner.py,1270,outer,< OUTER_SPLITS
results\human_posthold_descriptive\05f2b\runner\frozen_TARGET_evaluation_runner.py,1272,outer,< OUTER_SPLITS
results\human_posthold_descriptive\05f2b\runner\frozen_TARGET_evaluation_runner.py,1275,censor,"""TARGET event/censor counts cannot """
results\human_posthold_descriptive\05f2b\runner\frozen_TARGET_evaluation_runner.py,1276,fold,"""support frozen 5-fold stratification."""
results\human_posthold_descriptive\05f2b\runner\frozen_TARGET_evaluation_runner.py,1285,fold,fold_rows = []
results\human_posthold_descriptive\05f2b\runner\frozen_TARGET_evaluation_runner.py,1289,repeat,for repeat in range(
results\human_posthold_descriptive\05f2b\runner\frozen_TARGET_evaluation_runner.py,1290,outer;repeat,OUTER_REPEATS
results\human_posthold_descriptive\05f2b\runner\frozen_TARGET_evaluation_runner.py,1292,fold,splitter = StratifiedKFold(
results\human_posthold_descriptive\05f2b\runner\frozen_TARGET_evaluation_runner.py,1293,outer,"n_splits=OUTER_SPLITS,"
results\human_posthold_descriptive\05f2b\runner\frozen_TARGET_evaluation_runner.py,1297,repeat,+ repeat
results\human_posthold_descriptive\05f2b\runner\frozen_TARGET_evaluation_runner.py,1302,fold;outer,"outer_fold,"
results\human_posthold_descriptive\05f2b\runner\frozen_TARGET_evaluation_runner.py,1304,train_idx,"train_idx,"
results\human_posthold_descriptive\05f2b\runner\frozen_TARGET_evaluation_runner.py,1305,test_idx,"test_idx,"
results\human_posthold_descriptive\05f2b\runner\frozen_TARGET_evaluation_runner.py,1313,fold,fitted = fit_predict_fold(
results\human_posthold_descriptive\05f2b\runner\frozen_TARGET_evaluation_runner.py,1314,train_idx,"X_raw[train_idx],"
results\human_posthold_descriptive\05f2b\runner\frozen_TARGET_evaluation_runner.py,1315,test_idx,"X_raw[test_idx],"
results\human_posthold_descriptive\05f2b\runner\frozen_TARGET_evaluation_runner.py,1316,train_idx,"time_values[train_idx],"
results\human_posthold_descriptive\05f2b\runner\frozen_TARGET_evaluation_runner.py,1317,train_idx,"event_values[train_idx],"
results\human_posthold_descriptive\05f2b\runner\frozen_TARGET_evaluation_runner.py,1318,repeat,"repeat=repeat,"
results\human_posthold_descriptive\05f2b\runner\frozen_TARGET_evaluation_runner.py,1319,fold;outer,"outer_fold=outer_fold,"
results\human_posthold_descriptive\05f2b\runner\frozen_TARGET_evaluation_runner.py,1323,train_idx,for idx in train_idx:
results\human_posthold_descriptive\05f2b\runner\frozen_TARGET_evaluation_runner.py,1325,repeat,"""repeat"": repeat,"
results\human_posthold_descriptive\05f2b\runner\frozen_TARGET_evaluation_runner.py,1326,fold;outer,"""outer_fold"": outer_fold,"
results\human_posthold_descriptive\05f2b\runner\frozen_TARGET_evaluation_runner.py,1333,test_idx,for idx in test_idx:
results\human_posthold_descriptive\05f2b\runner\frozen_TARGET_evaluation_runner.py,1335,repeat,"""repeat"": repeat,"
results\human_posthold_descriptive\05f2b\runner\frozen_TARGET_evaluation_runner.py,1336,fold;outer,"""outer_fold"": outer_fold,"
results\human_posthold_descriptive\05f2b\runner\frozen_TARGET_evaluation_runner.py,1344,fold,metrics = _fold_metrics(
results\human_posthold_descriptive\05f2b\runner\frozen_TARGET_evaluation_runner.py,1346,train_idx,"time_values[train_idx],"
results\human_posthold_descriptive\05f2b\runner\frozen_TARGET_evaluation_runner.py,1347,train_idx,"event_values[train_idx],"
results\human_posthold_descriptive\05f2b\runner\frozen_TARGET_evaluation_runner.py,1348,test_idx,"time_values[test_idx],"
results\human_posthold_descriptive\05f2b\runner\frozen_TARGET_evaluation_runner.py,1349,test_idx,"event_values[test_idx],"
results\human_posthold_descriptive\05f2b\runner\frozen_TARGET_evaluation_runner.py,1358,fold,fold_rows.append({
results\human_posthold_descriptive\05f2b\runner\frozen_TARGET_evaluation_runner.py,1359,repeat,"""repeat"": repeat,"
results\human_posthold_descriptive\05f2b\runner\frozen_TARGET_evaluation_runner.py,1360,fold;outer,"""outer_fold"": outer_fold,"
results\human_posthold_descriptive\05f2b\runner\frozen_TARGET_evaluation_runner.py,1363,train_idx,train_idx
results\human_posthold_descriptive\05f2b\runner\frozen_TARGET_evaluation_runner.py,1367,train_idx,train_idx
results\human_posthold_descriptive\05f2b\runner\frozen_TARGET_evaluation_runner.py,1371,test_idx,test_idx
results\human_posthold_descriptive\05f2b\runner\frozen_TARGET_evaluation_runner.py,1375,test_idx,test_idx
results\human_posthold_descriptive\05f2b\runner\frozen_TARGET_evaluation_runner.py,1385,test_idx,test_idx
results\human_posthold_descriptive\05f2b\runner\frozen_TARGET_evaluation_runner.py,1388,repeat,"""repeat"": repeat,"
results\human_posthold_descriptive\05f2b\runner\frozen_TARGET_evaluation_runner.py,1389,fold;outer,"""outer_fold"": outer_fold,"
results\human_posthold_descriptive\05f2b\runner\frozen_TARGET_evaluation_runner.py,1425,repeat,"part[""repeat""] = repeat"
results\human_posthold_descriptive\05f2b\runner\frozen_TARGET_evaluation_runner.py,1426,fold;outer,"part[""outer_fold""] = ("
results\human_posthold_descriptive\05f2b\runner\frozen_TARGET_evaluation_runner.py,1427,fold;outer,outer_fold
results\human_posthold_descriptive\05f2b\runner\frozen_TARGET_evaluation_runner.py,1439,fold,folds = pd.DataFrame(
results\human_posthold_descriptive\05f2b\runner\frozen_TARGET_evaluation_runner.py,1440,fold,fold_rows
results\human_posthold_descriptive\05f2b\runner\frozen_TARGET_evaluation_runner.py,1456,fold,folds.to_csv(
results\human_posthold_descriptive\05f2b\runner\frozen_TARGET_evaluation_runner.py,1458,fold,"/ ""TARGET_fold_metrics.tsv"","
results\human_posthold_descriptive\05f2b\runner\frozen_TARGET_evaluation_runner.py,1478,fold,part = folds[
results\human_posthold_descriptive\05f2b\runner\frozen_TARGET_evaluation_runner.py,1479,fold,"folds[""model_id""]"
results\human_posthold_descriptive\05f2b\runner\frozen_TARGET_evaluation_runner.py,1484,repeat,_aggregate_repeat_metric(
results\human_posthold_descriptive\05f2b\runner\frozen_TARGET_evaluation_runner.py,1490,repeat,_aggregate_repeat_metric(
results\human_posthold_descriptive\05f2b\runner\frozen_TARGET_evaluation_runner.py,1496,repeat,_aggregate_repeat_metric(
results\human_posthold_descriptive\05f2b\runner\frozen_TARGET_evaluation_runner.py,1502,repeat,_aggregate_repeat_metric(
results\human_posthold_descriptive\05f2b\runner\frozen_TARGET_evaluation_runner.py,1511,repeat,"""uno_valid_repeats"": nrep_c,"
results\human_posthold_descriptive\05f2b\runner\frozen_TARGET_evaluation_runner.py,1513,repeat,"""ibs_valid_repeats"": nrep_ibs,"
results\human_posthold_descriptive\05f2b\runner\frozen_TARGET_evaluation_runner.py,1515,repeat,"""risk_sd_valid_repeats"": nrep_sd,"
results\human_posthold_descriptive\05f2b\runner\frozen_TARGET_evaluation_runner.py,1517,repeat,"""risk_q99_q01_valid_repeats"": nrep_q,"
results\human_posthold_descriptive\05f2b\runner\frozen_TARGET_evaluation_runner.py,1557,repeat,# Patient-clustered paired bootstrap of FIXED repeated-CV predictions.
results\human_posthold_descriptive\05f2b\runner\frozen_TARGET_evaluation_runner.py,1564,repeat,"repeat,"
results\human_posthold_descriptive\05f2b\runner\frozen_TARGET_evaluation_runner.py,1565,fold,"fold,"
results\human_posthold_descriptive\05f2b\runner\frozen_TARGET_evaluation_runner.py,1569,repeat,"""repeat"","
results\human_posthold_descriptive\05f2b\runner\frozen_TARGET_evaluation_runner.py,1570,fold;outer,"""outer_fold"","
results\human_posthold_descriptive\05f2b\runner\frozen_TARGET_evaluation_runner.py,1576,repeat,"int(repeat),"
results\human_posthold_descriptive\05f2b\runner\frozen_TARGET_evaluation_runner.py,1577,fold,"int(fold),"
results\human_posthold_descriptive\05f2b\runner\frozen_TARGET_evaluation_runner.py,1585,repeat,"repeat,"
results\human_posthold_descriptive\05f2b\runner\frozen_TARGET_evaluation_runner.py,1586,fold,"fold,"
results\human_posthold_descriptive\05f2b\runner\frozen_TARGET_evaluation_runner.py,1589,repeat,"""repeat"","
results\human_posthold_descriptive\05f2b\runner\frozen_TARGET_evaluation_runner.py,1590,fold;outer,"""outer_fold"","
results\human_posthold_descriptive\05f2b\runner\frozen_TARGET_evaluation_runner.py,1593,train_idx,train_idx = (
results\human_posthold_descriptive\05f2b\runner\frozen_TARGET_evaluation_runner.py,1603,test_idx,test_idx = (
results\human_posthold_descriptive\05f2b\runner\frozen_TARGET_evaluation_runner.py,1615,repeat,"int(repeat),"
results\human_posthold_descriptive\05f2b\runner\frozen_TARGET_evaluation_runner.py,1616,fold,"int(fold),"
results\human_posthold_descriptive\05f2b\runner\frozen_TARGET_evaluation_runner.py,1619,train_idx,"train_idx,"
results\human_posthold_descriptive\05f2b\runner\frozen_TARGET_evaluation_runner.py,1620,test_idx,"test_idx,"
results\human_posthold_descriptive\05f2b\runner\frozen_TARGET_evaluation_runner.py,1693,fold,draw_fold_rows = []
results\human_posthold_descriptive\05f2b\runner\frozen_TARGET_evaluation_runner.py,1696,repeat,for repeat in range(
results\human_posthold_descriptive\05f2b\runner\frozen_TARGET_evaluation_runner.py,1697,outer;repeat,OUTER_REPEATS
results\human_posthold_descriptive\05f2b\runner\frozen_TARGET_evaluation_runner.py,1699,fold,for fold in range(
results\human_posthold_descriptive\05f2b\runner\frozen_TARGET_evaluation_runner.py,1700,outer,OUTER_SPLITS
results\human_posthold_descriptive\05f2b\runner\frozen_TARGET_evaluation_runner.py,1703,train_idx,"train_idx,"
results\human_posthold_descriptive\05f2b\runner\frozen_TARGET_evaluation_runner.py,1704,test_idx,"test_idx,"
results\human_posthold_descriptive\05f2b\runner\frozen_TARGET_evaluation_runner.py,1707,repeat,"repeat,"
results\human_posthold_descriptive\05f2b\runner\frozen_TARGET_evaluation_runner.py,1708,fold,"fold,"
results\human_posthold_descriptive\05f2b\runner\frozen_TARGET_evaluation_runner.py,1716,test_idx,for idx in test_idx:
results\human_posthold_descriptive\05f2b\runner\frozen_TARGET_evaluation_runner.py,1737,surv,y_train = _make_surv(
results\human_posthold_descriptive\05f2b\runner\frozen_TARGET_evaluation_runner.py,1739,train_idx,train_idx
results\human_posthold_descriptive\05f2b\runner\frozen_TARGET_evaluation_runner.py,1742,train_idx,train_idx
results\human_posthold_descriptive\05f2b\runner\frozen_TARGET_evaluation_runner.py,1746,surv,y_boot = _make_surv(
results\human_posthold_descriptive\05f2b\runner\frozen_TARGET_evaluation_runner.py,1758,repeat,"repeat,"
results\human_posthold_descriptive\05f2b\runner\frozen_TARGET_evaluation_runner.py,1759,fold,"fold,"
results\human_posthold_descriptive\05f2b\runner\frozen_TARGET_evaluation_runner.py,1791,tau,UNO_TAU_QUANTILE
results\human_posthold_descriptive\05f2b\runner\frozen_TARGET_evaluation_runner.py,1799,fold,draw_fold_rows.append({
results\human_posthold_descriptive\05f2b\runner\frozen_TARGET_evaluation_runner.py,1800,repeat,"""repeat"": repeat,"
results\human_posthold_descriptive\05f2b\runner\frozen_TARGET_evaluation_runner.py,1801,fold;outer,"""outer_fold"": fold,"
results\human_posthold_descriptive\05f2b\runner\frozen_TARGET_evaluation_runner.py,1818,fold,draw_folds = pd.DataFrame(
results\human_posthold_descriptive\05f2b\runner\frozen_TARGET_evaluation_runner.py,1819,fold,draw_fold_rows
results\human_posthold_descriptive\05f2b\runner\frozen_TARGET_evaluation_runner.py,1826,repeat,_aggregate_repeat_metric(
results\human_posthold_descriptive\05f2b\runner\frozen_TARGET_evaluation_runner.py,1827,fold,draw_folds[
results\human_posthold_descriptive\05f2b\runner\frozen_TARGET_evaluation_runner.py,1828,fold,draw_folds[
results\human_posthold_descriptive\05f2b\runner\frozen_TARGET_evaluation_runner.py,1840,repeat,< MIN_VALID_REPEATS
results\human_posthold_descriptive\05f2b\source_artifacts_and_final_runner_contract.json,4,os_event,"""OS_events"": 124,"
results\human_posthold_descriptive\05f2b\source_artifacts_and_final_runner_contract.json,16,repeat,"""bootstrap"": ""5000 paired patient-clustered fixed-prediction Uno-C draws; same patient multiplicity across models/repeats; no model refit"","
results\human_posthold_descriptive\05f2b\source_artifacts_and_final_runner_contract.json,19,breslow;ipcw,"""IBS"": ""exact 04c IPCW/IBS grid plus target-training-only Breslow baseline recalibration of each fixed risk score"","
results\human_posthold_descriptive\05f2b\source_artifacts_and_final_runner_contract.json,20,tau,"""Uno_C"": ""exact 04c safe_uno_c, tau training quantile 0.90"","
results\human_posthold_descriptive\05f2b\source_artifacts_and_final_runner_contract.json,36,fold;outer;repeat,"""outer_CV"": ""5 folds x 20 repeats"","
results\human_posthold_descriptive\05f2b\source_artifacts_and_final_runner_contract.json,57,os_event;os_time_days,"""next"": ""05f3 first reserved TARGET-OS endpoint opening: verify exact 05f1c schema/ID mapping, read ONLY case_submitter_id/os_event/os_time_days, parse under frozen grammar, then execute the exact SHA-locked 05f2b TARGET runner without modification."","
results\human_posthold_descriptive\05f2b\source_artifacts_and_final_runner_contract.json,64,os_event,"""os_event"","
results\human_posthold_descriptive\05f2b\source_artifacts_and_final_runner_contract.json,65,os_time_days,"""os_time_days"""
results\human_posthold_descriptive\05f2b\source_artifacts_and_final_runner_contract.json,81,os_event,"""TARGET_OS_event_values_read_in_05f2b"": false,"
results\human_posthold_descriptive\05f2b\source_artifacts_and_final_runner_contract.json,85,surv,"""TARGET_survival_splits_generated"": false"
results\human_posthold_descriptive\05f2b\summary.json,9,os_event,"""TARGET_OS_event_values_read"": false,"
results\human_posthold_descriptive\05f2b\summary.json,15,surv,"""TARGET_survival_splits_generated"": false,"
results\human_posthold_descriptive\05f2b\summary.json,26,os_event;os_time_days,"""next"": ""05f3 first reserved TARGET-OS endpoint opening: verify exact 05f1c schema/ID mapping, read ONLY case_submitter_id/os_event/os_time_days, parse under frozen grammar, then execute the exact SHA-locked 05f2b TARGET runner without modification."","
results\human_posthold_descriptive\05f2b\TARGET_final_output_schema.tsv,3,fold,TARGET_oof_predictions.tsv	held-out raw risk per model/fold/patient	True
results\human_posthold_descriptive\05f2b\TARGET_final_output_schema.tsv,4,fold,"TARGET_fold_metrics.tsv	Uno-C, IBS and raw risk-scale metrics	True"
results\human_posthold_descriptive\05f2b\TARGET_final_output_schema.tsv,6,fold;repeat,TARGET_model_summary.tsv	frozen fold-repeat-final aggregation	True
results\human_posthold_descriptive\05f1c\TARGET_clinical_header.tsv,10,os_time_days,8	os_time_days	ostimedays	False
results\human_posthold_descriptive\05f1c\TARGET_clinical_header.tsv,11,os_event,9	os_event	osevent	False
scripts\05f3f_run_exact_target86_semantic_f3c_lock.py,22,fold,5. independently inspects the synthetic and 100-fold support tables;
scripts\05f3f_run_exact_target86_semantic_f3c_lock.py,60,surv,"""zero_time_synthetic_survival_stack_audit.tsv"""
scripts\05f3f_run_exact_target86_semantic_f3c_lock.py,89,censor;surv,"""sksurv_Surv_from_arrays_zero_censored"","
scripts\05f3f_run_exact_target86_semantic_f3c_lock.py,90,censor,"""frozen_04c_safe_uno_c_zero_censored"","
scripts\05f3f_run_exact_target86_semantic_f3c_lock.py,91,censor,"""frozen_04c_IBS_zero_censored"","
scripts\05f3f_run_exact_target86_semantic_f3c_lock.py,92,censor,"""frozen_04c_centered_ridge_zero_censored"","
scripts\05f3f_run_exact_target86_semantic_f3c_lock.py,93,censor,"""frozen_05c_cox_loss_zero_censored"","
scripts\05f3f_run_exact_target86_semantic_f3c_lock.py,424,censor,"""TARGET_censored"": base.EXPECTED_CENSORED,"
scripts\05f3f_run_exact_target86_semantic_f3c_lock.py,426,censor,"""zero_time_censored"": True,"
scripts\05f3f_run_exact_target86_semantic_f3c_lock.py,427,surv,"""synthetic_survival_stack_checks"": ""PASS"","
scripts\05f3f_run_exact_target86_semantic_f3c_lock.py,428,fold;surv,"""actual_frozen_fold_Surv_support"": ""100/100"","
scripts\05f3f_run_exact_target86_semantic_f3c_lock.py,429,fold,"""actual_frozen_fold_Uno_support"": ""100/100"","
scripts\05f3f_run_exact_target86_semantic_f3c_lock.py,510,censor,"""censored"": base.EXPECTED_CENSORED,"
scripts\05f3f_run_exact_target86_semantic_f3c_lock.py,524,surv,survival = (
scripts\05f3f_run_exact_target86_semantic_f3c_lock.py,526,surv,"""survival_stack"""
scripts\05f3f_run_exact_target86_semantic_f3c_lock.py,533,fold;surv,"""actual_100_fold_Surv_support_pass"","
scripts\05f3f_run_exact_target86_semantic_f3c_lock.py,534,fold,"""actual_100_fold_Uno_support_pass"","
scripts\05f3f_run_exact_target86_semantic_f3c_lock.py,536,surv,if survival.get(key) is not True:
scripts\05f3f_run_exact_target86_semantic_f3c_lock.py,538,surv,"f""05f3c survival-stack support no longer PASS: {key}."""
scripts\05f3f_run_exact_target86_semantic_f3c_lock.py,542,surv,survival.get(
scripts\05f3f_run_exact_target86_semantic_f3c_lock.py,717,fold,# Independently inspect all 100 frozen-fold metric-support rows.
scripts\05f3f_run_exact_target86_semantic_f3c_lock.py,726,repeat,"""repeat"","
scripts\05f3f_run_exact_target86_semantic_f3c_lock.py,727,fold;outer,"""outer_fold"","
scripts\05f3f_run_exact_target86_semantic_f3c_lock.py,728,surv,"""surv_constructor_status"","
scripts\05f3f_run_exact_target86_semantic_f3c_lock.py,752,fold;repeat,"(repeat, fold)"
scripts\05f3f_run_exact_target86_semantic_f3c_lock.py,753,repeat,for repeat in range(20)
scripts\05f3f_run_exact_target86_semantic_f3c_lock.py,754,fold,for fold in range(5)
scripts\05f3f_run_exact_target86_semantic_f3c_lock.py,757,fold;outer;repeat,"(int(row.repeat), int(row.outer_fold))"
scripts\05f3f_run_exact_target86_semantic_f3c_lock.py,765,fold;repeat,"""05f3c metric-support repeat/fold grid differs from 20 x 5."""
scripts\05f3f_run_exact_target86_semantic_f3c_lock.py,770,surv,"""surv_constructor_status"""
scripts\05f3f_run_exact_target86_semantic_f3c_lock.py,775,fold;surv,"""05f3c Surv constructor support is not PASS in all 100 folds."""
scripts\05f3f_run_exact_target86_semantic_f3c_lock.py,785,fold,"""05f3c Uno-C support is not finite in all 100 folds."""
scripts\05f3f_run_exact_target86_semantic_f3c_lock.py,812,fold,"""05f3c zero-time train/test fold coverage changed; """
scripts\05f3f_run_exact_target86_semantic_f3c_lock.py,813,fold,"""expected 80 train-containing and 20 test-containing folds."""
scripts\05f3f_run_exact_target86_semantic_f3c_lock.py,915,fold;surv,"""  frozen-fold Surv support: 100/100"""
scripts\05f3f_run_exact_target86_semantic_f3c_lock.py,918,fold,"""  frozen-fold finite Uno support: 100/100"""
scripts\05f3f_run_exact_target86_semantic_f3c_lock.py,921,fold,"""  zero-time fold coverage: 80 train / 20 test"""
scripts\05f3f_run_exact_target86_semantic_f3c_lock.py,1070,censor,"""  censored zero-time case retained unchanged: YES"""
scripts\05f3e_run_exact_target86_bytesafe_audited_runner_patch.py,14,censor,"n=86, events=29, censored=57;"
scripts\05f3e_run_exact_target86_bytesafe_audited_runner_patch.py,15,surv,- 05f3c proved the installed/frozen survival stack supports the single
scripts\05f3e_run_exact_target86_bytesafe_audited_runner_patch.py,16,censor;fold;outer,censored zero-time case in all 100 frozen outer-fold configurations;
scripts\05f3e_run_exact_target86_bytesafe_audited_runner_patch.py,34,censor,- verifies n=86/events=29/censored=57/one censored time-zero case;
scripts\05f3e_run_exact_target86_bytesafe_audited_runner_patch.py,170,censor,EXPECTED_CENSORED = 57
scripts\05f3e_run_exact_target86_bytesafe_audited_runner_patch.py,1131,os_time_days,"""os_time_days_parsed"""
scripts\05f3e_run_exact_target86_bytesafe_audited_runner_patch.py,1140,os_event,"""os_event_parsed"""
scripts\05f3e_run_exact_target86_bytesafe_audited_runner_patch.py,1180,censor,!= EXPECTED_CENSORED
scripts\05f3e_run_exact_target86_bytesafe_audited_runner_patch.py,1183,censor,"""TARGET86 censored count is not 57."""
scripts\05f3e_run_exact_target86_bytesafe_audited_runner_patch.py,1238,censor,"""TARGET86 zero-time case is not censored."""
scripts\05f3e_run_exact_target86_bytesafe_audited_runner_patch.py,1324,os_time_days,"""os_time_days"": time_values,"
scripts\05f3e_run_exact_target86_bytesafe_audited_runner_patch.py,1325,os_event,"""os_event"": event_values,"
scripts\05f3e_run_exact_target86_bytesafe_audited_runner_patch.py,1363,censor,"""censored"": EXPECTED_CENSORED,"
scripts\05f3e_run_exact_target86_bytesafe_audited_runner_patch.py,1474,censor,"""  events/censored: """
scripts\05f3e_run_exact_target86_bytesafe_audited_runner_patch.py,1479,censor,"""  zero-time: 1 censored """
scripts\05f3e_run_exact_target86_bytesafe_audited_runner_patch.py,1533,fold;outer;repeat,"""Outer CV: 5 folds x 20 repeats"""
scripts\05f3e_run_exact_target86_bytesafe_audited_runner_patch.py,1561,fold,fold_metrics_path = (
scripts\05f3e_run_exact_target86_bytesafe_audited_runner_patch.py,1563,fold,"/ ""TARGET_fold_metrics.tsv"""
scripts\05f3e_run_exact_target86_bytesafe_audited_runner_patch.py,1573,fold,"fold_metrics_path,"
scripts\05f3e_run_exact_target86_bytesafe_audited_runner_patch.py,1625,censor,"""TARGET_censored"": EXPECTED_CENSORED,"
scripts\05f3e_run_exact_target86_bytesafe_audited_runner_patch.py,1673,fold,"""fold_metrics_sha256"": sha256_file("
scripts\05f3e_run_exact_target86_bytesafe_audited_runner_patch.py,1674,fold,fold_metrics_path
scripts\05f3e_run_exact_target86_bytesafe_audited_runner_patch.py,1712,censor,"f""censored={EXPECTED_CENSORED}"""
scripts\05f3e_run_exact_target86_bytesafe_audited_runner_patch.py,1715,censor,"f""zero-time censored case retained: {EXPECTED_ZERO_TIME_SAMPLE}"""
scripts\05f3e_run_exact_target86_bytesafe_audited_runner_patch.py,1727,repeat,"""uno_valid_repeats"","
scripts\05f3e_run_exact_target86_bytesafe_audited_runner_patch.py,1728,repeat,"""ibs_valid_repeats"","
scripts\05f3d_run_exact_target86_after_audited_zero_time_amendment.py,14,censor,"n=86, events=29, censored=57;"
scripts\05f3d_run_exact_target86_after_audited_zero_time_amendment.py,15,surv,- 05f3c proved the installed/frozen survival stack supports the single
scripts\05f3d_run_exact_target86_after_audited_zero_time_amendment.py,16,censor;fold;outer,censored zero-time case in all 100 frozen outer-fold configurations;
scripts\05f3d_run_exact_target86_after_audited_zero_time_amendment.py,34,censor,- verifies n=86/events=29/censored=57/one censored time-zero case;
scripts\05f3d_run_exact_target86_after_audited_zero_time_amendment.py,170,censor,EXPECTED_CENSORED = 57
scripts\05f3d_run_exact_target86_after_audited_zero_time_amendment.py,984,os_time_days,"""os_time_days_parsed"""
scripts\05f3d_run_exact_target86_after_audited_zero_time_amendment.py,993,os_event,"""os_event_parsed"""
scripts\05f3d_run_exact_target86_after_audited_zero_time_amendment.py,1033,censor,!= EXPECTED_CENSORED
scripts\05f3d_run_exact_target86_after_audited_zero_time_amendment.py,1036,censor,"""TARGET86 censored count is not 57."""
scripts\05f3d_run_exact_target86_after_audited_zero_time_amendment.py,1091,censor,"""TARGET86 zero-time case is not censored."""
scripts\05f3d_run_exact_target86_after_audited_zero_time_amendment.py,1177,os_time_days,"""os_time_days"": time_values,"
scripts\05f3d_run_exact_target86_after_audited_zero_time_amendment.py,1178,os_event,"""os_event"": event_values,"
scripts\05f3d_run_exact_target86_after_audited_zero_time_amendment.py,1216,censor,"""censored"": EXPECTED_CENSORED,"
scripts\05f3d_run_exact_target86_after_audited_zero_time_amendment.py,1314,censor,"""  events/censored: """
scripts\05f3d_run_exact_target86_after_audited_zero_time_amendment.py,1319,censor,"""  zero-time: 1 censored """
scripts\05f3d_run_exact_target86_after_audited_zero_time_amendment.py,1373,fold;outer;repeat,"""Outer CV: 5 folds x 20 repeats"""
scripts\05f3d_run_exact_target86_after_audited_zero_time_amendment.py,1401,fold,fold_metrics_path = (
scripts\05f3d_run_exact_target86_after_audited_zero_time_amendment.py,1403,fold,"/ ""TARGET_fold_metrics.tsv"""
scripts\05f3d_run_exact_target86_after_audited_zero_time_amendment.py,1413,fold,"fold_metrics_path,"
scripts\05f3d_run_exact_target86_after_audited_zero_time_amendment.py,1460,censor,"""TARGET_censored"": EXPECTED_CENSORED,"
scripts\05f3d_run_exact_target86_after_audited_zero_time_amendment.py,1499,fold,"""fold_metrics_sha256"": sha256_file("
scripts\05f3d_run_exact_target86_after_audited_zero_time_amendment.py,1500,fold,fold_metrics_path
scripts\05f3d_run_exact_target86_after_audited_zero_time_amendment.py,1538,censor,"f""censored={EXPECTED_CENSORED}"""
scripts\05f3d_run_exact_target86_after_audited_zero_time_amendment.py,1541,censor,"f""zero-time censored case retained: {EXPECTED_ZERO_TIME_SAMPLE}"""
scripts\05f3d_run_exact_target86_after_audited_zero_time_amendment.py,1553,repeat,"""uno_valid_repeats"","
scripts\05f3d_run_exact_target86_after_audited_zero_time_amendment.py,1554,repeat,"""ibs_valid_repeats"","
scripts\05f3c_audit_target_zero_time_execution_semantics.py,9,censor,"n=86, events=29, censored=57,"
scripts\05f3c_audit_target_zero_time_execution_semantics.py,10,censor,including exactly one censored observation at time 0:
scripts\05f3c_audit_target_zero_time_execution_semantics.py,14,surv,05f3c determines whether the exact installed survival stack and frozen Paper-6
scripts\05f3c_audit_target_zero_time_execution_semantics.py,15,censor,metric/loss functions support that pre-existing zero-time censored observation.
scripts\05f3c_audit_target_zero_time_execution_semantics.py,23,surv,- inspect the installed scikit-survival version;
scripts\05f3c_audit_target_zero_time_execution_semantics.py,25,surv,"sksurv Surv.from_arrays,"
scripts\05f3c_audit_target_zero_time_execution_semantics.py,73,surv,import sksurv
scripts\05f3c_audit_target_zero_time_execution_semantics.py,74,surv,from sksurv.util import Surv
scripts\05f3c_audit_target_zero_time_execution_semantics.py,76,surv,"raise ImportError(""05f3c requires scikit-survival."") from exc"
scripts\05f3c_audit_target_zero_time_execution_semantics.py,78,fold,from sklearn.model_selection import StratifiedKFold
scripts\05f3c_audit_target_zero_time_execution_semantics.py,122,censor,EXPECTED_CENSORED = 57
scripts\05f3c_audit_target_zero_time_execution_semantics.py,164,outer,OUTER_SPLITS = 5
scripts\05f3c_audit_target_zero_time_execution_semantics.py,165,outer;repeat,OUTER_REPEATS = 20
scripts\05f3c_audit_target_zero_time_execution_semantics.py,181,surv,"/ ""zero_time_synthetic_survival_stack_audit.tsv"""
scripts\05f3c_audit_target_zero_time_execution_semantics.py,304,surv,# Deterministic synthetic survival data.
scripts\05f3c_audit_target_zero_time_execution_semantics.py,305,censor,# Index 0 is censored at time zero.
scripts\05f3c_audit_target_zero_time_execution_semantics.py,403,surv,# 1. sksurv Surv constructor.
scripts\05f3c_audit_target_zero_time_execution_semantics.py,405,surv,y_train = Surv.from_arrays(
scripts\05f3c_audit_target_zero_time_execution_semantics.py,409,surv,y_test = Surv.from_arrays(
scripts\05f3c_audit_target_zero_time_execution_semantics.py,415,censor;surv,"""check"": ""sksurv_Surv_from_arrays_zero_censored"","
scripts\05f3c_audit_target_zero_time_execution_semantics.py,418,surv,"f""sksurv={sksurv.__version__}"""
scripts\05f3c_audit_target_zero_time_execution_semantics.py,425,censor;surv,"""check"": ""sksurv_Surv_from_arrays_zero_censored"","
scripts\05f3c_audit_target_zero_time_execution_semantics.py,448,censor,"""check"": ""frozen_04c_safe_uno_c_zero_censored"","
scripts\05f3c_audit_target_zero_time_execution_semantics.py,456,censor,"""check"": ""frozen_04c_safe_uno_c_zero_censored"","
scripts\05f3c_audit_target_zero_time_execution_semantics.py,471,surv,# Outcome-independent smooth survival probabilities for API test.
scripts\05f3c_audit_target_zero_time_execution_semantics.py,480,surv,survival = np.exp(
scripts\05f3c_audit_target_zero_time_execution_semantics.py,488,brier;integrated_brier,ibs = m04c.integrated_brier_custom(
scripts\05f3c_audit_target_zero_time_execution_semantics.py,491,surv,"survival,"
scripts\05f3c_audit_target_zero_time_execution_semantics.py,502,censor,"""check"": ""frozen_04c_IBS_zero_censored"","
scripts\05f3c_audit_target_zero_time_execution_semantics.py,513,censor,"""check"": ""frozen_04c_IBS_zero_censored"","
scripts\05f3c_audit_target_zero_time_execution_semantics.py,558,censor,"""check"": ""frozen_04c_centered_ridge_zero_censored"","
scripts\05f3c_audit_target_zero_time_execution_semantics.py,569,censor,"""check"": ""frozen_04c_centered_ridge_zero_censored"","
scripts\05f3c_audit_target_zero_time_execution_semantics.py,577,censor,# 5. Frozen 05c Cox loss on synthetic time=0 censored row.
scripts\05f3c_audit_target_zero_time_execution_semantics.py,619,censor,"""check"": ""frozen_05c_cox_loss_zero_censored"","
scripts\05f3c_audit_target_zero_time_execution_semantics.py,628,censor,"""check"": ""frozen_05c_cox_loss_zero_censored"","
scripts\05f3c_audit_target_zero_time_execution_semantics.py,651,os_time_days,"complete[""os_time_days_parsed""],"
scripts\05f3c_audit_target_zero_time_execution_semantics.py,658,os_event,"complete[""os_event_parsed""],"
scripts\05f3c_audit_target_zero_time_execution_semantics.py,683,repeat,for repeat in range(
scripts\05f3c_audit_target_zero_time_execution_semantics.py,684,outer;repeat,OUTER_REPEATS
scripts\05f3c_audit_target_zero_time_execution_semantics.py,686,fold,splitter = StratifiedKFold(
scripts\05f3c_audit_target_zero_time_execution_semantics.py,687,outer,"n_splits=OUTER_SPLITS,"
scripts\05f3c_audit_target_zero_time_execution_semantics.py,691,repeat,+ repeat
scripts\05f3c_audit_target_zero_time_execution_semantics.py,695,fold,"for fold, ("
scripts\05f3c_audit_target_zero_time_execution_semantics.py,696,train_idx,"train_idx,"
scripts\05f3c_audit_target_zero_time_execution_semantics.py,697,test_idx,"test_idx,"
scripts\05f3c_audit_target_zero_time_execution_semantics.py,707,repeat,"""repeat"": repeat,"
scripts\05f3c_audit_target_zero_time_execution_semantics.py,708,fold;outer,"""outer_fold"": fold,"
scripts\05f3c_audit_target_zero_time_execution_semantics.py,710,train_idx,len(train_idx)
scripts\05f3c_audit_target_zero_time_execution_semantics.py,713,test_idx,len(test_idx)
scripts\05f3c_audit_target_zero_time_execution_semantics.py,717,train_idx,train_idx
scripts\05f3c_audit_target_zero_time_execution_semantics.py,722,test_idx,test_idx
scripts\05f3c_audit_target_zero_time_execution_semantics.py,728,train_idx,train_idx
scripts\05f3c_audit_target_zero_time_execution_semantics.py,736,test_idx,test_idx
scripts\05f3c_audit_target_zero_time_execution_semantics.py,744,surv,y_train = Surv.from_arrays(
scripts\05f3c_audit_target_zero_time_execution_semantics.py,746,train_idx,train_idx
scripts\05f3c_audit_target_zero_time_execution_semantics.py,749,train_idx,train_idx
scripts\05f3c_audit_target_zero_time_execution_semantics.py,753,surv,y_test = Surv.from_arrays(
scripts\05f3c_audit_target_zero_time_execution_semantics.py,755,test_idx,test_idx
scripts\05f3c_audit_target_zero_time_execution_semantics.py,758,test_idx,test_idx
scripts\05f3c_audit_target_zero_time_execution_semantics.py,763,surv,"""surv_constructor_status"""
scripts\05f3c_audit_target_zero_time_execution_semantics.py,768,surv,"""surv_constructor_status"""
scripts\05f3c_audit_target_zero_time_execution_semantics.py,787,test_idx,test_idx
scripts\05f3c_audit_target_zero_time_execution_semantics.py,951,censor,"""retain pre-existing censored time=0 observation; """
scripts\05f3c_audit_target_zero_time_execution_semantics.py,977,censor,"""  reconciled upstream OS population: n=86, events=29, censored=57"""
scripts\05f3c_audit_target_zero_time_execution_semantics.py,980,censor,"""  zero-time observation: 1, censored"""
scripts\05f3c_audit_target_zero_time_execution_semantics.py,1091,os_event,"""os_event_parsed"""
scripts\05f3c_audit_target_zero_time_execution_semantics.py,1098,os_time_days,"""os_time_days_parsed"""
scripts\05f3c_audit_target_zero_time_execution_semantics.py,1108,censor,if int((event == 0).sum()) != EXPECTED_CENSORED:
scripts\05f3c_audit_target_zero_time_execution_semantics.py,1110,censor,"""Complete-roster censored count changed."""
scripts\05f3c_audit_target_zero_time_execution_semantics.py,1130,os_event,"""os_event_parsed"""
scripts\05f3c_audit_target_zero_time_execution_semantics.py,1144,censor,"""Zero-time observation is not censored."""
scripts\05f3c_audit_target_zero_time_execution_semantics.py,1157,surv,"print(""Installed survival stack:"")"
scripts\05f3c_audit_target_zero_time_execution_semantics.py,1159,surv,"f""  scikit-survival: {sksurv.__version__}"""
scripts\05f3c_audit_target_zero_time_execution_semantics.py,1178,surv,"""Synthetic zero-time survival-stack audit:"""
scripts\05f3c_audit_target_zero_time_execution_semantics.py,1195,surv,"""At least one exact synthetic zero-time survival-stack check failed: """
scripts\05f3c_audit_target_zero_time_execution_semantics.py,1217,outer;repeat,OUTER_REPEATS
scripts\05f3c_audit_target_zero_time_execution_semantics.py,1218,outer,* OUTER_SPLITS
scripts\05f3c_audit_target_zero_time_execution_semantics.py,1226,surv,surv_pass = int(
scripts\05f3c_audit_target_zero_time_execution_semantics.py,1229,surv,"""surv_constructor_status"""
scripts\05f3c_audit_target_zero_time_execution_semantics.py,1253,fold,folds_zero_train = int(
scripts\05f3c_audit_target_zero_time_execution_semantics.py,1262,fold,folds_zero_test = int(
scripts\05f3c_audit_target_zero_time_execution_semantics.py,1279,surv,"f""  Surv constructor PASS: {surv_pass}/100"""
scripts\05f3c_audit_target_zero_time_execution_semantics.py,1288,fold,"f""  folds with zero-time patient in train: {folds_zero_train}"""
scripts\05f3c_audit_target_zero_time_execution_semantics.py,1291,fold,"f""  folds with zero-time patient in test: {folds_zero_test}"""
scripts\05f3c_audit_target_zero_time_execution_semantics.py,1295,surv,if surv_pass != expected_rows:
scripts\05f3c_audit_target_zero_time_execution_semantics.py,1297,surv,"""Installed survival stack does not support the reconciled zero-time """
scripts\05f3c_audit_target_zero_time_execution_semantics.py,1298,fold,"""endpoint in every frozen fold."""
scripts\05f3c_audit_target_zero_time_execution_semantics.py,1303,fold,"""Frozen Uno-C implementation is not finite in every frozen fold """
scripts\05f3c_audit_target_zero_time_execution_semantics.py,1332,censor,"""    time validity: reject <0, retain censored time=0"""
scripts\05f3c_audit_target_zero_time_execution_semantics.py,1355,censor,"""censored"": EXPECTED_CENSORED,"
scripts\05f3c_audit_target_zero_time_execution_semantics.py,1361,surv,"""survival_stack"": {"
scripts\05f3c_audit_target_zero_time_execution_semantics.py,1362,surv,"""scikit_survival_version"": str("
scripts\05f3c_audit_target_zero_time_execution_semantics.py,1363,surv,sksurv.__version__
scripts\05f3c_audit_target_zero_time_execution_semantics.py,1366,fold;surv,"""actual_100_fold_Surv_support_pass"": ("
scripts\05f3c_audit_target_zero_time_execution_semantics.py,1367,surv,surv_pass
scripts\05f3c_audit_target_zero_time_execution_semantics.py,1370,fold,"""actual_100_fold_Uno_support_pass"": ("
scripts\05f3c_audit_target_zero_time_execution_semantics.py,1374,fold,"""actual_100_fold_IBS_grid_support_n"": ibs_pass,"
scripts\05f3c_audit_target_zero_time_execution_semantics.py,1443,censor,"""TARGET_censored"": EXPECTED_CENSORED,"
scripts\05f3c_audit_target_zero_time_execution_semantics.py,1445,censor,"""zero_time_censored"": True,"
scripts\05f3c_audit_target_zero_time_execution_semantics.py,1446,surv,"""synthetic_survival_stack_checks"": ""PASS"","
scripts\05f3c_audit_target_zero_time_execution_semantics.py,1447,fold;surv,"""actual_frozen_fold_Surv_support"": f""{surv_pass}/100"","
scripts\05f3c_audit_target_zero_time_execution_semantics.py,1448,fold,"""actual_frozen_fold_Uno_support"": f""{uno_pass}/100"","
scripts\05f3c_audit_target_zero_time_execution_semantics.py,1449,fold,"""actual_frozen_fold_IBS_grid_support"": f""{ibs_pass}/100"","
scripts\05f3c_audit_target_zero_time_execution_semantics.py,1469,censor,"""Reconciled endpoint: n=86, events=29, censored=57"""
scripts\05f3c_audit_target_zero_time_execution_semantics.py,1472,censor,"""Zero-time case: TARGET-40-PAKUZU, censored"""
scripts\05f3c_audit_target_zero_time_execution_semantics.py,1476,censor;surv,"""Exact installed/frozen survival stack supports censored time=0: PASS"""
scripts\05f3c_audit_target_zero_time_execution_semantics.py,1479,fold;surv,"f""All 100 frozen folds Surv support: {surv_pass}/100"""
scripts\05f3c_audit_target_zero_time_execution_semantics.py,1482,fold,"f""All 100 frozen folds finite Uno support: {uno_pass}/100"""
scripts\05f3b_audit_target_os_preexisting_complete_case_policy.py,8,os_event,immediately because at least one os_event value was missing; no TARGET model
scripts\05f3b_audit_target_os_preexisting_complete_case_policy.py,13,os_event,- script 22 intentionally encoded os_event=NaN when vital status was neither
scripts\05f3b_audit_target_os_preexisting_complete_case_policy.py,17,surv,- script 23 analyzed TARGET survival using complete primary OS rows;
scripts\05f3b_audit_target_os_preexisting_complete_case_policy.py,29,os_event,- os_event
scripts\05f3b_audit_target_os_preexisting_complete_case_policy.py,30,os_time_days,- os_time_days
scripts\05f3b_audit_target_os_preexisting_complete_case_policy.py,125,os_event,"EXPECTED_EVENT_COLUMN = ""os_event"""
scripts\05f3b_audit_target_os_preexisting_complete_case_policy.py,126,os_time_days,"EXPECTED_TIME_COLUMN = ""os_time_days"""
scripts\05f3b_audit_target_os_preexisting_complete_case_policy.py,135,os_event,EXPECTED_OS_EVENTS = 29
scripts\05f3b_audit_target_os_preexisting_complete_case_policy.py,136,censor,EXPECTED_OS_CENSORED = 57
scripts\05f3b_audit_target_os_preexisting_complete_case_policy.py,336,censor,censored_tokens = {
scripts\05f3b_audit_target_os_preexisting_complete_case_policy.py,339,censor,"""accepted_censored_strings_case_insensitive"","
scripts\05f3b_audit_target_os_preexisting_complete_case_policy.py,347,censor,if lower in censored_tokens:
scripts\05f3b_audit_target_os_preexisting_complete_case_policy.py,348,censor,"return True, 0, ""PARSED_CENSORED"""
scripts\05f3b_audit_target_os_preexisting_complete_case_policy.py,359,censor,"return True, 0, ""PARSED_NUMERIC_CENSORED"""
scripts\05f3b_audit_target_os_preexisting_complete_case_policy.py,402,os_event,"print(""  os_event: YES [already-opened primary endpoint]"")"
scripts\05f3b_audit_target_os_preexisting_complete_case_policy.py,403,os_time_days,"print(""  os_time_days: YES [already-opened primary endpoint]"")"
scripts\05f3b_audit_target_os_preexisting_complete_case_policy.py,494,os_event,"'""os_event"": os_event',"
scripts\05f3b_audit_target_os_preexisting_complete_case_policy.py,495,os_time_days,"'""os_time_days"": os_time',"
scripts\05f3b_audit_target_os_preexisting_complete_case_policy.py,562,surv,"f""Paper4 TARGET survival result n differs from 86: {old_n_values}"""
scripts\05f3b_audit_target_os_preexisting_complete_case_policy.py,565,os_event,if old_event_values != [EXPECTED_OS_EVENTS]:
scripts\05f3b_audit_target_os_preexisting_complete_case_policy.py,567,surv,"f""Paper4 TARGET survival result events differ from 29: {old_event_values}"""
scripts\05f3b_audit_target_os_preexisting_complete_case_policy.py,573,surv,"print(""  old TARGET survival analysis n/events: 86/29"")"
scripts\05f3b_audit_target_os_preexisting_complete_case_policy.py,574,surv,"print(""  old complete-case survival policy in fit_cox_score: PASS"")"
scripts\05f3b_audit_target_os_preexisting_complete_case_policy.py,703,os_event,"f""Nonblank invalid os_event for {current_id}: {event_status}"""
scripts\05f3b_audit_target_os_preexisting_complete_case_policy.py,708,os_time_days,"f""Nonblank invalid os_time_days for {current_id}: {time_status}"""
scripts\05f3b_audit_target_os_preexisting_complete_case_policy.py,720,os_event,"""os_event_raw"": str(clinical_row[EXPECTED_EVENT_COLUMN]),"
scripts\05f3b_audit_target_os_preexisting_complete_case_policy.py,721,os_time_days,"""os_time_days_raw"": str(clinical_row[EXPECTED_TIME_COLUMN]),"
scripts\05f3b_audit_target_os_preexisting_complete_case_policy.py,725,os_event,"""os_event_parsed"": ("
scripts\05f3b_audit_target_os_preexisting_complete_case_policy.py,730,os_time_days,"""os_time_days_parsed"": ("
scripts\05f3b_audit_target_os_preexisting_complete_case_policy.py,748,os_event,"complete[""os_event_parsed""],"
scripts\05f3b_audit_target_os_preexisting_complete_case_policy.py,752,censor,n_censored = int(
scripts\05f3b_audit_target_os_preexisting_complete_case_policy.py,755,os_event,"complete[""os_event_parsed""],"
scripts\05f3b_audit_target_os_preexisting_complete_case_policy.py,776,os_event,if n_events != EXPECTED_OS_EVENTS:
scripts\05f3b_audit_target_os_preexisting_complete_case_policy.py,779,os_event,"f""but pre-existing Paper4 recorded {EXPECTED_OS_EVENTS}."""
scripts\05f3b_audit_target_os_preexisting_complete_case_policy.py,782,censor,if n_censored != EXPECTED_OS_CENSORED:
scripts\05f3b_audit_target_os_preexisting_complete_case_policy.py,784,censor,"f""Current TARGET complete-case censored={n_censored}, """
scripts\05f3b_audit_target_os_preexisting_complete_case_policy.py,785,censor,"f""expected {EXPECTED_OS_CENSORED}."""
scripts\05f3b_audit_target_os_preexisting_complete_case_policy.py,813,censor,"print(f""Complete-case OS censored: {n_censored}"")"
scripts\05f3b_audit_target_os_preexisting_complete_case_policy.py,826,censor,"print(""  censored 57: PASS"")"
scripts\05f3b_audit_target_os_preexisting_complete_case_policy.py,859,os_event;os_time_days,"""os_event and os_time_days are nonmissing and valid; blank """
scripts\05f3b_audit_target_os_preexisting_complete_case_policy.py,894,censor,"""censored"": n_censored,"
scripts\05f3b_audit_target_os_preexisting_complete_case_policy.py,939,censor,"""censored"": n_censored,"
scripts\05f3b_v2_audit_target_os_complete_case_and_zero_time_policy.py,8,os_event,immediately because at least one os_event value was missing; no TARGET model
scripts\05f3b_v2_audit_target_os_complete_case_and_zero_time_policy.py,13,os_event,- script 22 intentionally encoded os_event=NaN when vital status was neither
scripts\05f3b_v2_audit_target_os_complete_case_and_zero_time_policy.py,17,surv,- script 23 analyzed TARGET survival using complete primary OS rows;
scripts\05f3b_v2_audit_target_os_complete_case_and_zero_time_policy.py,29,os_event,- os_event
scripts\05f3b_v2_audit_target_os_complete_case_and_zero_time_policy.py,30,os_time_days,- os_time_days
scripts\05f3b_v2_audit_target_os_complete_case_and_zero_time_policy.py,125,os_event,"EXPECTED_EVENT_COLUMN = ""os_event"""
scripts\05f3b_v2_audit_target_os_complete_case_and_zero_time_policy.py,126,os_time_days,"EXPECTED_TIME_COLUMN = ""os_time_days"""
scripts\05f3b_v2_audit_target_os_complete_case_and_zero_time_policy.py,135,os_event,EXPECTED_OS_EVENTS = 29
scripts\05f3b_v2_audit_target_os_complete_case_and_zero_time_policy.py,136,censor,EXPECTED_OS_CENSORED = 57
scripts\05f3b_v2_audit_target_os_complete_case_and_zero_time_policy.py,336,censor,censored_tokens = {
scripts\05f3b_v2_audit_target_os_complete_case_and_zero_time_policy.py,339,censor,"""accepted_censored_strings_case_insensitive"","
scripts\05f3b_v2_audit_target_os_complete_case_and_zero_time_policy.py,347,censor,if lower in censored_tokens:
scripts\05f3b_v2_audit_target_os_complete_case_and_zero_time_policy.py,348,censor,"return True, 0, ""PARSED_CENSORED"""
scripts\05f3b_v2_audit_target_os_complete_case_and_zero_time_policy.py,359,censor,"return True, 0, ""PARSED_NUMERIC_CENSORED"""
scripts\05f3b_v2_audit_target_os_complete_case_and_zero_time_policy.py,417,os_event,"print(""  os_event: YES [already-opened primary endpoint]"")"
scripts\05f3b_v2_audit_target_os_complete_case_and_zero_time_policy.py,418,os_time_days,"print(""  os_time_days: YES [already-opened primary endpoint]"")"
scripts\05f3b_v2_audit_target_os_complete_case_and_zero_time_policy.py,509,os_event,"'""os_event"": os_event',"
scripts\05f3b_v2_audit_target_os_complete_case_and_zero_time_policy.py,510,os_time_days,"'""os_time_days"": os_time',"
scripts\05f3b_v2_audit_target_os_complete_case_and_zero_time_policy.py,577,surv,"f""Paper4 TARGET survival result n differs from 86: {old_n_values}"""
scripts\05f3b_v2_audit_target_os_complete_case_and_zero_time_policy.py,580,os_event,if old_event_values != [EXPECTED_OS_EVENTS]:
scripts\05f3b_v2_audit_target_os_complete_case_and_zero_time_policy.py,582,surv,"f""Paper4 TARGET survival result events differ from 29: {old_event_values}"""
scripts\05f3b_v2_audit_target_os_complete_case_and_zero_time_policy.py,588,surv,"print(""  old TARGET survival analysis n/events: 86/29"")"
scripts\05f3b_v2_audit_target_os_complete_case_and_zero_time_policy.py,589,surv,"print(""  old complete-case survival policy in fit_cox_score: PASS"")"
scripts\05f3b_v2_audit_target_os_complete_case_and_zero_time_policy.py,718,os_event,"f""Nonblank invalid os_event for {current_id}: {event_status}"""
scripts\05f3b_v2_audit_target_os_complete_case_and_zero_time_policy.py,723,os_time_days,"f""Nonblank invalid os_time_days for {current_id}: {time_status}"""
scripts\05f3b_v2_audit_target_os_complete_case_and_zero_time_policy.py,735,os_event,"""os_event_raw"": str(clinical_row[EXPECTED_EVENT_COLUMN]),"
scripts\05f3b_v2_audit_target_os_complete_case_and_zero_time_policy.py,736,os_time_days,"""os_time_days_raw"": str(clinical_row[EXPECTED_TIME_COLUMN]),"
scripts\05f3b_v2_audit_target_os_complete_case_and_zero_time_policy.py,740,os_event,"""os_event_parsed"": ("
scripts\05f3b_v2_audit_target_os_complete_case_and_zero_time_policy.py,745,os_time_days,"""os_time_days_parsed"": ("
scripts\05f3b_v2_audit_target_os_complete_case_and_zero_time_policy.py,763,os_time_days,"complete[""os_time_days_parsed""],"
scripts\05f3b_v2_audit_target_os_complete_case_and_zero_time_policy.py,772,os_event,"complete[""os_event_parsed""],"
scripts\05f3b_v2_audit_target_os_complete_case_and_zero_time_policy.py,776,censor,n_censored = int(
scripts\05f3b_v2_audit_target_os_complete_case_and_zero_time_policy.py,779,os_event,"complete[""os_event_parsed""],"
scripts\05f3b_v2_audit_target_os_complete_case_and_zero_time_policy.py,800,os_event,if n_events != EXPECTED_OS_EVENTS:
scripts\05f3b_v2_audit_target_os_complete_case_and_zero_time_policy.py,803,os_event,"f""but pre-existing Paper4 recorded {EXPECTED_OS_EVENTS}."""
scripts\05f3b_v2_audit_target_os_complete_case_and_zero_time_policy.py,806,censor,if n_censored != EXPECTED_OS_CENSORED:
scripts\05f3b_v2_audit_target_os_complete_case_and_zero_time_policy.py,808,censor,"f""Current TARGET complete-case censored={n_censored}, """
scripts\05f3b_v2_audit_target_os_complete_case_and_zero_time_policy.py,809,censor,"f""expected {EXPECTED_OS_CENSORED}."""
scripts\05f3b_v2_audit_target_os_complete_case_and_zero_time_policy.py,837,censor,"print(f""Complete-case OS censored: {n_censored}"")"
scripts\05f3b_v2_audit_target_os_complete_case_and_zero_time_policy.py,844,os_event,"f""os_event={int(row.os_event_parsed)}, """
scripts\05f3b_v2_audit_target_os_complete_case_and_zero_time_policy.py,845,os_time_days,"f""os_time_days={float(row.os_time_days_parsed):.1f}"""
scripts\05f3b_v2_audit_target_os_complete_case_and_zero_time_policy.py,859,censor,"print(""  censored 57: PASS"")"
scripts\05f3b_v2_audit_target_os_complete_case_and_zero_time_policy.py,893,os_event;os_time_days,"""os_event and os_time_days are present and parseable; numeric """
scripts\05f3b_v2_audit_target_os_complete_case_and_zero_time_policy.py,934,censor,"""censored"": n_censored,"
scripts\05f3b_v2_audit_target_os_complete_case_and_zero_time_policy.py,959,surv,"""any zero-time row with the authoritative Paper4/sksurv execution """
scripts\05f3b_v2_audit_target_os_complete_case_and_zero_time_policy.py,981,censor,"""censored"": n_censored,"
scripts\05f2c_preoutcome_validate_amend_target_runner.py,26,fold,T0-T2/N0-N5 fold callables using fake expression/outcome values;
scripts\05f2c_preoutcome_validate_amend_target_runner.py,106,tau,"RUNNER_V2_SOURCE_B64 = ""IyEvdXNyL2Jpbi9lbnYgcHl0aG9uMwoiIiIKQVVUTy1HRU5FUkFURUQgQlkgUGFwZXItNiAwNWYyYi4KCkZyb3plbiBwb3N0LUhPTEQgZGVzY3JpcHRpdmUgVEFSR0VUIGV2YWx1YXRpb24gcnVubmVyLgoKVGhpcyBtb2R1bGUgaXMgU0hBLWxvY2tlZCBieSAwNWYyYi4gRG8gbm90IGVkaXQgaXQgYWZ0ZXIgdGhlIDA1ZjJiIFBBU1MuCkl0IGRvZXMgbm90IHJlYWQgY2xpbmljYWwgZmlsZXMgaXRzZWxmLiBUaGUgbGF0ZXIgb3V0Y29tZS1vcGVuaW5nIHdyYXBwZXIgbXVzdApwYXNzIHRoZSBmcm96ZW4gODgtc2FtcGxlIHJhdyBhbGlnbmVkIG1hdHJpeCBwbHVzIE9TIHRpbWUvZXZlbnQgYXJyYXlzIGluIHRoZQphbHJlYWR5LWZyb3plbiBzYW1wbGUgb3JkZXIuCiIiIgoKZnJvbSBfX2Z1dHVyZV9fIGltcG9ydCBhbm5vdGF0aW9ucwoKaW1wb3J0IGhhc2hsaWIKaW1wb3J0IGltcG9ydGxpYi51dGlsCmltcG9ydCBqc29uCmltcG9ydCBzeXMKZnJvbSBwYXRobGliIGltcG9ydCBQYXRoCmZyb20gdHlwaW5nIGltcG9ydCBBbnksIERpY3QsIExpc3QsIFR1cGxlCgppbXBvcnQgbnVtcHkgYXMgbnAKaW1wb3J0IHBhbmRhcyBhcyBwZAppbXBvcnQgdG9yY2gKaW1wb3J0IHRvcmNoLm5uIGFzIG5uCgpmcm9tIHNrbGVhcm4ubW9kZWxfc2VsZWN0aW9uIGltcG9ydCBTdHJhdGlmaWVkS0ZvbGQKZnJvbSBza3N1cnYudXRpbCBpbXBvcnQgU3VydgoKClJPT1QgPSBQYXRoKF9fZmlsZV9fKS5yZXNvbHZl"
scripts\05f2c_preoutcome_validate_amend_target_runner.py,202,os_event,"if f2b.get(""TARGET_OS_event_values_read"") is not False:"
scripts\05f2c_preoutcome_validate_amend_target_runner.py,294,fold,fitted = runner.fit_predict_fold(
scripts\05f2c_preoutcome_validate_amend_target_runner.py,299,repeat,"repeat=0,"
scripts\05f2c_preoutcome_validate_amend_target_runner.py,300,fold;outer,"outer_fold=0,"
scripts\05f2c_preoutcome_validate_amend_target_runner.py,338,fold,metric_smoke = runner._fold_metrics(
scripts\05f2c_preoutcome_validate_amend_target_runner.py,349,fold,"raise RuntimeError(""Synthetic smoke fold Uno-C nonfinite."")"
scripts\05f2c_preoutcome_validate_amend_target_runner.py,408,fold,"""fold_uno_c_finite"": True,"
scripts\05f2c_preoutcome_validate_amend_target_runner.py,409,fold,"""fold_ibs_status"": metric_smoke[""ibs_status""],"
scripts\05f2c_preoutcome_validate_amend_target_runner.py,470,os_event,"""os_event"","
scripts\05f2c_preoutcome_validate_amend_target_runner.py,471,os_time_days,"""os_time_days"","
scripts\05f2c_preoutcome_validate_amend_target_runner.py,477,os_event,"""TARGET_OS_event_values_read"": False,"
scripts\05f2c_preoutcome_validate_amend_target_runner.py,505,os_event,"""TARGET_OS_event_values_read"": False,"
scripts\05f2c_preoutcome_validate_amend_target_runner.py,529,fold,"print(""  fold Uno-C adapter: PASS"")"
scripts\05f2c_preoutcome_validate_amend_target_runner.py,530,fold,"print(f""  fold IBS adapter status: {metric_smoke['ibs_status']}"")"
scripts\05f2c_preoutcome_validate_amend_target_runner_v2.py,26,fold,T0-T2/N0-N5 fold callables using fake expression/outcome values;
scripts\05f2c_preoutcome_validate_amend_target_runner_v2.py,106,tau,"RUNNER_V2_SOURCE_B64 = ""IyEvdXNyL2Jpbi9lbnYgcHl0aG9uMwoiIiIKQVVUTy1HRU5FUkFURUQgQlkgUGFwZXItNiAwNWYyYi4KCkZyb3plbiBwb3N0LUhPTEQgZGVzY3JpcHRpdmUgVEFSR0VUIGV2YWx1YXRpb24gcnVubmVyLgoKVGhpcyBtb2R1bGUgaXMgU0hBLWxvY2tlZCBieSAwNWYyYi4gRG8gbm90IGVkaXQgaXQgYWZ0ZXIgdGhlIDA1ZjJiIFBBU1MuCkl0IGRvZXMgbm90IHJlYWQgY2xpbmljYWwgZmlsZXMgaXRzZWxmLiBUaGUgbGF0ZXIgb3V0Y29tZS1vcGVuaW5nIHdyYXBwZXIgbXVzdApwYXNzIHRoZSBmcm96ZW4gODgtc2FtcGxlIHJhdyBhbGlnbmVkIG1hdHJpeCBwbHVzIE9TIHRpbWUvZXZlbnQgYXJyYXlzIGluIHRoZQphbHJlYWR5LWZyb3plbiBzYW1wbGUgb3JkZXIuCiIiIgoKZnJvbSBfX2Z1dHVyZV9fIGltcG9ydCBhbm5vdGF0aW9ucwoKaW1wb3J0IGhhc2hsaWIKaW1wb3J0IGltcG9ydGxpYi51dGlsCmltcG9ydCBqc29uCmltcG9ydCBzeXMKZnJvbSBwYXRobGliIGltcG9ydCBQYXRoCmZyb20gdHlwaW5nIGltcG9ydCBBbnksIERpY3QsIExpc3QsIFR1cGxlCgppbXBvcnQgbnVtcHkgYXMgbnAKaW1wb3J0IHBhbmRhcyBhcyBwZAppbXBvcnQgdG9yY2gKaW1wb3J0IHRvcmNoLm5uIGFzIG5uCgpmcm9tIHNrbGVhcm4ubW9kZWxfc2VsZWN0aW9uIGltcG9ydCBTdHJhdGlmaWVkS0ZvbGQKZnJvbSBza3N1cnYudXRpbCBpbXBvcnQgU3VydgoKClJPT1QgPSBQYXRoKF9fZmlsZV9fKS5yZXNvbHZl"
scripts\05f2c_preoutcome_validate_amend_target_runner_v2.py,204,os_event,"if f2b.get(""TARGET_OS_event_values_read"") is not False:"
scripts\05f2c_preoutcome_validate_amend_target_runner_v2.py,296,fold,fitted = runner.fit_predict_fold(
scripts\05f2c_preoutcome_validate_amend_target_runner_v2.py,301,repeat,"repeat=0,"
scripts\05f2c_preoutcome_validate_amend_target_runner_v2.py,302,fold;outer,"outer_fold=0,"
scripts\05f2c_preoutcome_validate_amend_target_runner_v2.py,340,fold,metric_smoke = runner._fold_metrics(
scripts\05f2c_preoutcome_validate_amend_target_runner_v2.py,351,fold,"raise RuntimeError(""Synthetic smoke fold Uno-C nonfinite."")"
scripts\05f2c_preoutcome_validate_amend_target_runner_v2.py,433,fold,"""fold_uno_c_finite"": True,"
scripts\05f2c_preoutcome_validate_amend_target_runner_v2.py,434,fold,"""fold_ibs_status"": metric_smoke[""ibs_status""],"
scripts\05f2c_preoutcome_validate_amend_target_runner_v2.py,473,fold,"""all_model_fold_callables_had_already_executed_before_failure"": True,"
scripts\05f2c_preoutcome_validate_amend_target_runner_v2.py,522,os_event,"""os_event"","
scripts\05f2c_preoutcome_validate_amend_target_runner_v2.py,523,os_time_days,"""os_time_days"","
scripts\05f2c_preoutcome_validate_amend_target_runner_v2.py,529,os_event,"""TARGET_OS_event_values_read"": False,"
scripts\05f2c_preoutcome_validate_amend_target_runner_v2.py,559,os_event,"""TARGET_OS_event_values_read"": False,"
scripts\05f2c_preoutcome_validate_amend_target_runner_v2.py,589,fold,"print(""  fold Uno-C adapter: PASS"")"
scripts\05f2c_preoutcome_validate_amend_target_runner_v2.py,590,fold,"print(f""  fold IBS adapter status: {metric_smoke['ibs_status']}"")"
scripts\05f2b_materialize_dog2_source_artifacts_freeze_target_runner.py,140,tau,"RUNNER_SOURCE_B64 = ""IyEvdXNyL2Jpbi9lbnYgcHl0aG9uMwoiIiIKQVVUTy1HRU5FUkFURUQgQlkgUGFwZXItNiAwNWYyYi4KCkZyb3plbiBwb3N0LUhPTEQgZGVzY3JpcHRpdmUgVEFSR0VUIGV2YWx1YXRpb24gcnVubmVyLgoKVGhpcyBtb2R1bGUgaXMgU0hBLWxvY2tlZCBieSAwNWYyYi4gRG8gbm90IGVkaXQgaXQgYWZ0ZXIgdGhlIDA1ZjJiIFBBU1MuCkl0IGRvZXMgbm90IHJlYWQgY2xpbmljYWwgZmlsZXMgaXRzZWxmLiBUaGUgbGF0ZXIgb3V0Y29tZS1vcGVuaW5nIHdyYXBwZXIgbXVzdApwYXNzIHRoZSBmcm96ZW4gODgtc2FtcGxlIHJhdyBhbGlnbmVkIG1hdHJpeCBwbHVzIE9TIHRpbWUvZXZlbnQgYXJyYXlzIGluIHRoZQphbHJlYWR5LWZyb3plbiBzYW1wbGUgb3JkZXIuCiIiIgoKZnJvbSBfX2Z1dHVyZV9fIGltcG9ydCBhbm5vdGF0aW9ucwoKaW1wb3J0IGhhc2hsaWIKaW1wb3J0IGltcG9ydGxpYi51dGlsCmltcG9ydCBqc29uCmltcG9ydCBzeXMKZnJvbSBwYXRobGliIGltcG9ydCBQYXRoCmZyb20gdHlwaW5nIGltcG9ydCBBbnksIERpY3QsIExpc3QsIFR1cGxlCgppbXBvcnQgbnVtcHkgYXMgbnAKaW1wb3J0IHBhbmRhcyBhcyBwZAppbXBvcnQgdG9yY2gKaW1wb3J0IHRvcmNoLm5uIGFzIG5uCgpmcm9tIHNrbGVhcm4ubW9kZWxfc2VsZWN0aW9uIGltcG9ydCBTdHJhdGlmaWVkS0ZvbGQKZnJvbSBza3N1cnYudXRpbCBpbXBvcnQgU3VydgoKClJPT1QgPSBQYXRoKF9fZmlsZV9fKS5yZXNvbHZlKCk"
scripts\05f2b_materialize_dog2_source_artifacts_freeze_target_runner.py,277,os_event,"if f1c.get(""TARGET_OS_event_values_read"") is not False:"
scripts\05f2b_materialize_dog2_source_artifacts_freeze_target_runner.py,452,os_event,"os_event: np.ndarray,"
scripts\05f2b_materialize_dog2_source_artifacts_freeze_target_runner.py,468,os_event,"os_event.astype(np.float32)[None, :],"
scripts\05f2b_materialize_dog2_source_artifacts_freeze_target_runner.py,540,fold,"(""TARGET_oof_predictions.tsv"", ""held-out raw risk per model/fold/patient""),"
scripts\05f2b_materialize_dog2_source_artifacts_freeze_target_runner.py,541,fold,"(""TARGET_fold_metrics.tsv"", ""Uno-C, IBS and raw risk-scale metrics""),"
scripts\05f2b_materialize_dog2_source_artifacts_freeze_target_runner.py,543,fold;repeat,"(""TARGET_model_summary.tsv"", ""frozen fold-repeat-final aggregation""),"
scripts\05f2b_materialize_dog2_source_artifacts_freeze_target_runner.py,577,surv,"print(""  TARGET survival splits generated: NO"")"
scripts\05f2b_materialize_dog2_source_artifacts_freeze_target_runner.py,891,os_event,"""OS_events"": EXPECTED_DOG_EVENTS,"
scripts\05f2b_materialize_dog2_source_artifacts_freeze_target_runner.py,932,fold;outer;repeat,"""outer_CV"": ""5 folds x 20 repeats"","
scripts\05f2b_materialize_dog2_source_artifacts_freeze_target_runner.py,935,repeat,"""same patient multiplicity across models/repeats; no model refit"""
scripts\05f2b_materialize_dog2_source_artifacts_freeze_target_runner.py,939,tau,"""Uno_C"": ""exact 04c safe_uno_c, tau training quantile 0.90"","
scripts\05f2b_materialize_dog2_source_artifacts_freeze_target_runner.py,941,ipcw,"""exact 04c IPCW/IBS grid plus target-training-only """
scripts\05f2b_materialize_dog2_source_artifacts_freeze_target_runner.py,942,breslow,"""Breslow baseline recalibration of each fixed risk score"""
scripts\05f2b_materialize_dog2_source_artifacts_freeze_target_runner.py,962,os_event,"""os_event"","
scripts\05f2b_materialize_dog2_source_artifacts_freeze_target_runner.py,963,os_time_days,"""os_time_days"","
scripts\05f2b_materialize_dog2_source_artifacts_freeze_target_runner.py,971,os_event,"""TARGET_OS_event_values_read_in_05f2b"": False,"
scripts\05f2b_materialize_dog2_source_artifacts_freeze_target_runner.py,974,surv,"""TARGET_survival_splits_generated"": False,"
scripts\05f2b_materialize_dog2_source_artifacts_freeze_target_runner.py,985,os_event,"""05f1c schema/ID mapping, read ONLY case_submitter_id/os_event/"""
scripts\05f2b_materialize_dog2_source_artifacts_freeze_target_runner.py,986,os_time_days,"""os_time_days, parse under frozen grammar, then execute the exact """
scripts\05f2b_materialize_dog2_source_artifacts_freeze_target_runner.py,1006,os_event,"""TARGET_OS_event_values_read"": False,"
scripts\05f2b_materialize_dog2_source_artifacts_freeze_target_runner.py,1009,surv,"""TARGET_survival_splits_generated"": False,"
scripts\05f2b_materialize_dog2_source_artifacts_freeze_target_runner.py,1059,surv,"print(""  TARGET survival splits generated: NO"")"
scripts\05f2b_materialize_dog2_source_artifacts_freeze_target_runner.py,1063,os_event;os_time_days,"print(""  allowed only: case_submitter_id, os_event, os_time_days"")"
scripts\05f1c0_probe_target_clinical_identifier_schema.py,7,surv,Diagnose the 05f1c identifier-mapping failure without reading ANY survival or
scripts\05f1c0_probe_target_clinical_identifier_schema.py,18,surv,- survival/death/follow-up/time values;
scripts\05f1c0_probe_target_clinical_identifier_schema.py,55,surv,"""survival"","
scripts\05f1c0_probe_target_clinical_identifier_schema.py,156,surv,"""target_survival"","
scripts\05f1c0_probe_target_clinical_identifier_schema.py,170,surv,"or ""survival"" in str(role).lower()"
scripts\05f1c0_probe_target_clinical_identifier_schema.py,248,surv,"""survival"","
scripts\05f1c0_probe_target_clinical_identifier_schema.py,351,surv,"print(""  OS/event/status/survival/time columns read: NO"")"
scripts\05f1c_freeze_target_clinical_schema_and_evaluation_mechanics.py,12,surv,"Freeze, before any TARGET survival value is read:"
scripts\05f1c_freeze_target_clinical_schema_and_evaluation_mechanics.py,19,outer;repeat,5. exact repeated 5x20 outer-CV split algorithm/seeds;
scripts\05f1c_freeze_target_clinical_schema_and_evaluation_mechanics.py,20,fold,6. exact 4-fold inner-CV seed namespace for classical target fitting;
scripts\05f1c_freeze_target_clinical_schema_and_evaluation_mechanics.py,21,fold;repeat,7. exact fold/repeat aggregation rule;
scripts\05f1c_freeze_target_clinical_schema_and_evaluation_mechanics.py,42,surv,No survival split generation (labels are still closed).
scripts\05f1c_freeze_target_clinical_schema_and_evaluation_mechanics.py,140,outer,OUTER_SPLITS = 5
scripts\05f1c_freeze_target_clinical_schema_and_evaluation_mechanics.py,141,outer;repeat,OUTER_REPEATS = 20
scripts\05f1c_freeze_target_clinical_schema_and_evaluation_mechanics.py,145,outer,OUTER_SEED_OFFSET = 0
scripts\05f1c_freeze_target_clinical_schema_and_evaluation_mechanics.py,155,repeat,MIN_VALID_REPEATS = 16  # 80% of the frozen 20 repeats.
scripts\05f1c_freeze_target_clinical_schema_and_evaluation_mechanics.py,177,os_event,OS_EVENT_ALIAS_PRIORITY = [
scripts\05f1c_freeze_target_clinical_schema_and_evaluation_mechanics.py,180,surv,"""overall survivalevent"","
scripts\05f1c_freeze_target_clinical_schema_and_evaluation_mechanics.py,181,surv,"""overall survivalstatus"","
scripts\05f1c_freeze_target_clinical_schema_and_evaluation_mechanics.py,182,surv,"""overallsurvivalevent"","
scripts\05f1c_freeze_target_clinical_schema_and_evaluation_mechanics.py,183,surv,"""overallsurvivalstatus"","
scripts\05f1c_freeze_target_clinical_schema_and_evaluation_mechanics.py,192,surv,"""overall survivaltime"","
scripts\05f1c_freeze_target_clinical_schema_and_evaluation_mechanics.py,193,surv,"""overall survivaldays"","
scripts\05f1c_freeze_target_clinical_schema_and_evaluation_mechanics.py,194,surv,"""overall survivalmonths"","
scripts\05f1c_freeze_target_clinical_schema_and_evaluation_mechanics.py,195,surv,"""overallsurvivaltime"","
scripts\05f1c_freeze_target_clinical_schema_and_evaluation_mechanics.py,196,surv,"""overallsurvivaldays"","
scripts\05f1c_freeze_target_clinical_schema_and_evaluation_mechanics.py,197,surv,"""overallsurvivalmonths"","
scripts\05f1c_freeze_target_clinical_schema_and_evaluation_mechanics.py,198,surv,"""survivaltime"","
scripts\05f1c_freeze_target_clinical_schema_and_evaluation_mechanics.py,381,surv,"""target_survival"","
scripts\05f1c_freeze_target_clinical_schema_and_evaluation_mechanics.py,395,surv,"or ""survival"" in str(role).lower()"
scripts\05f1c_freeze_target_clinical_schema_and_evaluation_mechanics.py,665,os_event,"OS_EVENT_ALIAS_PRIORITY,"
scripts\05f1c_freeze_target_clinical_schema_and_evaluation_mechanics.py,679,os_event,"""schema_type"": ""PRECOMPUTED_OS_EVENT_PLUS_TIME"","
scripts\05f1c_freeze_target_clinical_schema_and_evaluation_mechanics.py,734,censor,"""0"": ""CENSORED"","
scripts\05f1c_freeze_target_clinical_schema_and_evaluation_mechanics.py,749,censor,"""accepted_censored_strings_case_insensitive"": ["
scripts\05f1c_freeze_target_clinical_schema_and_evaluation_mechanics.py,752,censor,"""censored"","
scripts\05f1c_freeze_target_clinical_schema_and_evaluation_mechanics.py,776,os_event,"== ""PRECOMPUTED_OS_EVENT_PLUS_TIME"""
scripts\05f1c_freeze_target_clinical_schema_and_evaluation_mechanics.py,872,surv,"print(""  Survival split generation: NO"")"
scripts\05f1c_freeze_target_clinical_schema_and_evaluation_mechanics.py,1017,repeat,# Exact repeated-CV + bootstrap mechanics frozen BEFORE labels are read.
scripts\05f1c_freeze_target_clinical_schema_and_evaluation_mechanics.py,1027,outer,"""outer_CV"": {"
scripts\05f1c_freeze_target_clinical_schema_and_evaluation_mechanics.py,1028,fold,"""algorithm"": ""sklearn.model_selection.StratifiedKFold"","
scripts\05f1c_freeze_target_clinical_schema_and_evaluation_mechanics.py,1029,outer,"""n_splits"": OUTER_SPLITS,"
scripts\05f1c_freeze_target_clinical_schema_and_evaluation_mechanics.py,1030,outer;repeat,"""n_repeats"": OUTER_REPEATS,"
scripts\05f1c_freeze_target_clinical_schema_and_evaluation_mechanics.py,1032,os_event,"""stratification_variable"": ""OS_event"","
scripts\05f1c_freeze_target_clinical_schema_and_evaluation_mechanics.py,1033,repeat,"""repeat_seed_formula"": ("
scripts\05f1c_freeze_target_clinical_schema_and_evaluation_mechanics.py,1034,repeat,"f""{BASE_SEED} + repeat_index"""
scripts\05f1c_freeze_target_clinical_schema_and_evaluation_mechanics.py,1036,repeat,"""repeat_index_range"": ""0..19"","
scripts\05f1c_freeze_target_clinical_schema_and_evaluation_mechanics.py,1044,fold,"""algorithm"": ""sklearn.model_selection.StratifiedKFold"","
scripts\05f1c_freeze_target_clinical_schema_and_evaluation_mechanics.py,1047,os_event;outer,"""stratification_variable"": ""OS_event within outer training only"","
scripts\05f1c_freeze_target_clinical_schema_and_evaluation_mechanics.py,1050,fold;outer;repeat,"""+ outer_repeat_index*100 + outer_fold_index"""
scripts\05f1c_freeze_target_clinical_schema_and_evaluation_mechanics.py,1052,outer,"""target_outer_test_used"": False,"
scripts\05f1c_freeze_target_clinical_schema_and_evaluation_mechanics.py,1059,fold,"""fold_metric_definition"": {"
scripts\05f1c_freeze_target_clinical_schema_and_evaluation_mechanics.py,1061,fold;outer,"""Compute on each outer-test fold using the corresponding """
scripts\05f1c_freeze_target_clinical_schema_and_evaluation_mechanics.py,1062,censor;ipcw;outer;surv,"""outer-training survival distribution for IPCW censoring weights."""
scripts\05f1c_freeze_target_clinical_schema_and_evaluation_mechanics.py,1065,fold;outer,"""Compute on each outer-test fold using corresponding """
scripts\05f1c_freeze_target_clinical_schema_and_evaluation_mechanics.py,1066,outer;surv,"""outer-training survival distribution and training-fitted """
scripts\05f1c_freeze_target_clinical_schema_and_evaluation_mechanics.py,1072,fold;outer,"""each outer-test fold."""
scripts\05f1c_freeze_target_clinical_schema_and_evaluation_mechanics.py,1076,fold;outer,"""outer-test fold."""
scripts\05f1c_freeze_target_clinical_schema_and_evaluation_mechanics.py,1081,fold;repeat,"""fold_to_repeat"": ("
scripts\05f1c_freeze_target_clinical_schema_and_evaluation_mechanics.py,1082,fold;outer,"""Sample-count-weighted mean of the 5 outer-fold metrics """
scripts\05f1c_freeze_target_clinical_schema_and_evaluation_mechanics.py,1083,repeat,"""within each repeat."""
scripts\05f1c_freeze_target_clinical_schema_and_evaluation_mechanics.py,1085,repeat,"""repeat_to_final"": ("
scripts\05f1c_freeze_target_clinical_schema_and_evaluation_mechanics.py,1086,repeat,"""Arithmetic mean across valid repeat-level estimates."""
scripts\05f1c_freeze_target_clinical_schema_and_evaluation_mechanics.py,1088,repeat,"""minimum_valid_repeats"": MIN_VALID_REPEATS,"
scripts\05f1c_freeze_target_clinical_schema_and_evaluation_mechanics.py,1089,repeat,"""if_fewer_than_min_valid_repeats"": ("
scripts\05f1c_freeze_target_clinical_schema_and_evaluation_mechanics.py,1093,fold;outer;repeat,"""Within identical outer fold/repeat, treatment metric minus """
scripts\05f1c_freeze_target_clinical_schema_and_evaluation_mechanics.py,1094,fold;repeat,"""control metric; aggregate with the same fold/repeat rule."""
scripts\05f1c_freeze_target_clinical_schema_and_evaluation_mechanics.py,1103,os_event,"""stratification"": ""OS_event"","
scripts\05f1c_freeze_target_clinical_schema_and_evaluation_mechanics.py,1106,outer,"""same_patient_multiplicity_all_20_outer_test_appearances"": True,"
scripts\05f1c_freeze_target_clinical_schema_and_evaluation_mechanics.py,1108,outer,"""outer_split_regeneration_inside_bootstrap"": False,"
scripts\05f1c_freeze_target_clinical_schema_and_evaluation_mechanics.py,1109,surv,"""training_survival_distribution_inside_bootstrap"": ("
scripts\05f1c_freeze_target_clinical_schema_and_evaluation_mechanics.py,1110,outer;surv,"""Keep the original frozen outer-training survival distribution """
scripts\05f1c_freeze_target_clinical_schema_and_evaluation_mechanics.py,1111,fold,"""for each fold; bootstrap only the already-held-out patient """
scripts\05f1c_freeze_target_clinical_schema_and_evaluation_mechanics.py,1115,repeat,"""Patient multiplicity is represented by literal repeated copies """
scripts\05f1c_freeze_target_clinical_schema_and_evaluation_mechanics.py,1117,fold,"""the fixed fold prediction."""
scripts\05f1c_freeze_target_clinical_schema_and_evaluation_mechanics.py,1119,fold,"""fold_metric_recomputed_each_draw"": True,"
scripts\05f1c_freeze_target_clinical_schema_and_evaluation_mechanics.py,1120,fold;repeat,"""fold_to_repeat_aggregation_same_as_point_estimate"": True,"
scripts\05f1c_freeze_target_clinical_schema_and_evaluation_mechanics.py,1121,repeat,"""repeat_to_final_aggregation_same_as_point_estimate"": True,"
scripts\05f1c_freeze_target_clinical_schema_and_evaluation_mechanics.py,1128,fold,"""A draw is invalid if a required fold metric cannot be evaluated """
scripts\05f1c_freeze_target_clinical_schema_and_evaluation_mechanics.py,1139,repeat,"""Conditional uncertainty of fixed repeated-CV predictions; """
scripts\05f1c_freeze_target_clinical_schema_and_evaluation_mechanics.py,1173,fold,"""fold_exclusion_after_opening"": False,"
scripts\05f1c_freeze_target_clinical_schema_and_evaluation_mechanics.py,1197,repeat,"""05f1c repeated-CV/bootstrap/branch-uncertainty freeze"","
scripts\05f1c_freeze_target_clinical_schema_and_evaluation_mechanics.py,1205,tau,"""freeze exact Uno-C tau/time-support implementation"","
scripts\05f1c_freeze_target_clinical_schema_and_evaluation_mechanics.py,1206,surv,"""freeze exact IBS prediction-survival conversion/calibration implementation"","
scripts\05f1c_freeze_target_clinical_schema_and_evaluation_mechanics.py,1207,fold,"""freeze exact fold-safe Hallmark implementation code"","
scripts\05f1c_freeze_target_clinical_schema_and_evaluation_mechanics.py,1235,fold;repeat,"""drop samples/folds/repeats based on observed outcomes/model behavior"","
scripts\05f1c_freeze_target_clinical_schema_and_evaluation_mechanics.py,1277,os_event,"""OS_event_column"": os_schema[""event_column""],"
scripts\05f1c_freeze_target_clinical_schema_and_evaluation_mechanics.py,1286,fold;outer;repeat,"""outer_CV"": f""{OUTER_SPLITS} folds x {OUTER_REPEATS} repeats"","
scripts\05f1c_freeze_target_clinical_schema_and_evaluation_mechanics.py,1287,fold,"""inner_classical_CV"": f""{INNER_SPLITS_CLASSICAL} folds"","
scripts\05f1c_freeze_target_clinical_schema_and_evaluation_mechanics.py,1289,repeat,"""minimum_valid_repeats"": MIN_VALID_REPEATS,"
scripts\05f1c_freeze_target_clinical_schema_and_evaluation_mechanics.py,1293,os_event,"""TARGET_OS_event_values_read"": False,"
scripts\05f1c_freeze_target_clinical_schema_and_evaluation_mechanics.py,1298,surv,"""survival_splits_generated"": False,"
scripts\05f1c_freeze_target_clinical_schema_and_evaluation_mechanics.py,1372,fold;outer;repeat,"f""  outer CV: {OUTER_SPLITS} folds x {OUTER_REPEATS} repeats"""
scripts\05f1c_freeze_target_clinical_schema_and_evaluation_mechanics.py,1375,fold,"f""  inner classical CV: {INNER_SPLITS_CLASSICAL} folds"""
scripts\05f1c_freeze_target_clinical_schema_and_evaluation_mechanics.py,1381,repeat,"""  same patient multiplicity across all models/repeats: YES"""
scripts\05f1c_freeze_target_clinical_schema_and_evaluation_mechanics.py,1394,surv,"print(""  survival splits generated: NO"")"
scripts\05f1c_freeze_target_clinical_schema_and_evaluation_mechanics_v2.py,12,surv,"Freeze, before any TARGET survival value is read:"
scripts\05f1c_freeze_target_clinical_schema_and_evaluation_mechanics_v2.py,19,outer;repeat,5. exact repeated 5x20 outer-CV split algorithm/seeds;
scripts\05f1c_freeze_target_clinical_schema_and_evaluation_mechanics_v2.py,20,fold,6. exact 4-fold inner-CV seed namespace for classical target fitting;
scripts\05f1c_freeze_target_clinical_schema_and_evaluation_mechanics_v2.py,21,fold;repeat,7. exact fold/repeat aggregation rule;
scripts\05f1c_freeze_target_clinical_schema_and_evaluation_mechanics_v2.py,42,surv,No survival split generation (labels are still closed).
scripts\05f1c_freeze_target_clinical_schema_and_evaluation_mechanics_v2.py,140,outer,OUTER_SPLITS = 5
scripts\05f1c_freeze_target_clinical_schema_and_evaluation_mechanics_v2.py,141,outer;repeat,OUTER_REPEATS = 20
scripts\05f1c_freeze_target_clinical_schema_and_evaluation_mechanics_v2.py,145,outer,OUTER_SEED_OFFSET = 0
scripts\05f1c_freeze_target_clinical_schema_and_evaluation_mechanics_v2.py,155,repeat,MIN_VALID_REPEATS = 16  # 80% of the frozen 20 repeats.
scripts\05f1c_freeze_target_clinical_schema_and_evaluation_mechanics_v2.py,180,os_event,OS_EVENT_ALIAS_PRIORITY = [
scripts\05f1c_freeze_target_clinical_schema_and_evaluation_mechanics_v2.py,182,os_event,"""os_event"","
scripts\05f1c_freeze_target_clinical_schema_and_evaluation_mechanics_v2.py,185,surv,"""overall survivalevent"","
scripts\05f1c_freeze_target_clinical_schema_and_evaluation_mechanics_v2.py,186,surv,"""overall survivalstatus"","
scripts\05f1c_freeze_target_clinical_schema_and_evaluation_mechanics_v2.py,187,surv,"""overallsurvivalevent"","
scripts\05f1c_freeze_target_clinical_schema_and_evaluation_mechanics_v2.py,188,surv,"""overallsurvivalstatus"","
scripts\05f1c_freeze_target_clinical_schema_and_evaluation_mechanics_v2.py,195,os_time_days,"""os_time_days"","
scripts\05f1c_freeze_target_clinical_schema_and_evaluation_mechanics_v2.py,200,surv,"""overall survivaltime"","
scripts\05f1c_freeze_target_clinical_schema_and_evaluation_mechanics_v2.py,201,surv,"""overall survivaldays"","
scripts\05f1c_freeze_target_clinical_schema_and_evaluation_mechanics_v2.py,202,surv,"""overall survivalmonths"","
scripts\05f1c_freeze_target_clinical_schema_and_evaluation_mechanics_v2.py,203,surv,"""overallsurvivaltime"","
scripts\05f1c_freeze_target_clinical_schema_and_evaluation_mechanics_v2.py,204,surv,"""overallsurvivaldays"","
scripts\05f1c_freeze_target_clinical_schema_and_evaluation_mechanics_v2.py,205,surv,"""overallsurvivalmonths"","
scripts\05f1c_freeze_target_clinical_schema_and_evaluation_mechanics_v2.py,206,surv,"""survivaltime"","
scripts\05f1c_freeze_target_clinical_schema_and_evaluation_mechanics_v2.py,235,os_event,"PROBED_OS_EVENT_COLUMN = ""os_event"""
scripts\05f1c_freeze_target_clinical_schema_and_evaluation_mechanics_v2.py,236,os_time_days,"PROBED_OS_TIME_COLUMN = ""os_time_days"""
scripts\05f1c_freeze_target_clinical_schema_and_evaluation_mechanics_v2.py,400,surv,"""target_survival"","
scripts\05f1c_freeze_target_clinical_schema_and_evaluation_mechanics_v2.py,414,surv,"or ""survival"" in str(role).lower()"
scripts\05f1c_freeze_target_clinical_schema_and_evaluation_mechanics_v2.py,684,os_event,"OS_EVENT_ALIAS_PRIORITY,"
scripts\05f1c_freeze_target_clinical_schema_and_evaluation_mechanics_v2.py,698,os_event,"""schema_type"": ""PRECOMPUTED_OS_EVENT_PLUS_TIME"","
scripts\05f1c_freeze_target_clinical_schema_and_evaluation_mechanics_v2.py,753,censor,"""0"": ""CENSORED"","
scripts\05f1c_freeze_target_clinical_schema_and_evaluation_mechanics_v2.py,768,censor,"""accepted_censored_strings_case_insensitive"": ["
scripts\05f1c_freeze_target_clinical_schema_and_evaluation_mechanics_v2.py,771,censor,"""censored"","
scripts\05f1c_freeze_target_clinical_schema_and_evaluation_mechanics_v2.py,795,os_event,"== ""PRECOMPUTED_OS_EVENT_PLUS_TIME"""
scripts\05f1c_freeze_target_clinical_schema_and_evaluation_mechanics_v2.py,894,surv,"print(""  Survival split generation: NO"")"
scripts\05f1c_freeze_target_clinical_schema_and_evaluation_mechanics_v2.py,967,os_event,"if os_schema[""schema_type""] != ""PRECOMPUTED_OS_EVENT_PLUS_TIME"":"
scripts\05f1c_freeze_target_clinical_schema_and_evaluation_mechanics_v2.py,973,os_event,"if os_schema[""event_column""] != PROBED_OS_EVENT_COLUMN:"
scripts\05f1c_freeze_target_clinical_schema_and_evaluation_mechanics_v2.py,976,os_event,"f""from outcome-free probe header {PROBED_OS_EVENT_COLUMN!r}."""
scripts\05f1c_freeze_target_clinical_schema_and_evaluation_mechanics_v2.py,1093,os_event,"""probe_header_OS_event_column"": PROBED_OS_EVENT_COLUMN,"
scripts\05f1c_freeze_target_clinical_schema_and_evaluation_mechanics_v2.py,1105,repeat,# Exact repeated-CV + bootstrap mechanics frozen BEFORE labels are read.
scripts\05f1c_freeze_target_clinical_schema_and_evaluation_mechanics_v2.py,1115,outer,"""outer_CV"": {"
scripts\05f1c_freeze_target_clinical_schema_and_evaluation_mechanics_v2.py,1116,fold,"""algorithm"": ""sklearn.model_selection.StratifiedKFold"","
scripts\05f1c_freeze_target_clinical_schema_and_evaluation_mechanics_v2.py,1117,outer,"""n_splits"": OUTER_SPLITS,"
scripts\05f1c_freeze_target_clinical_schema_and_evaluation_mechanics_v2.py,1118,outer;repeat,"""n_repeats"": OUTER_REPEATS,"
scripts\05f1c_freeze_target_clinical_schema_and_evaluation_mechanics_v2.py,1120,os_event,"""stratification_variable"": ""OS_event"","
scripts\05f1c_freeze_target_clinical_schema_and_evaluation_mechanics_v2.py,1121,repeat,"""repeat_seed_formula"": ("
scripts\05f1c_freeze_target_clinical_schema_and_evaluation_mechanics_v2.py,1122,repeat,"f""{BASE_SEED} + repeat_index"""
scripts\05f1c_freeze_target_clinical_schema_and_evaluation_mechanics_v2.py,1124,repeat,"""repeat_index_range"": ""0..19"","
scripts\05f1c_freeze_target_clinical_schema_and_evaluation_mechanics_v2.py,1132,fold,"""algorithm"": ""sklearn.model_selection.StratifiedKFold"","
scripts\05f1c_freeze_target_clinical_schema_and_evaluation_mechanics_v2.py,1135,os_event;outer,"""stratification_variable"": ""OS_event within outer training only"","
scripts\05f1c_freeze_target_clinical_schema_and_evaluation_mechanics_v2.py,1138,fold;outer;repeat,"""+ outer_repeat_index*100 + outer_fold_index"""
scripts\05f1c_freeze_target_clinical_schema_and_evaluation_mechanics_v2.py,1140,outer,"""target_outer_test_used"": False,"
scripts\05f1c_freeze_target_clinical_schema_and_evaluation_mechanics_v2.py,1147,fold,"""fold_metric_definition"": {"
scripts\05f1c_freeze_target_clinical_schema_and_evaluation_mechanics_v2.py,1149,fold;outer,"""Compute on each outer-test fold using the corresponding """
scripts\05f1c_freeze_target_clinical_schema_and_evaluation_mechanics_v2.py,1150,censor;ipcw;outer;surv,"""outer-training survival distribution for IPCW censoring weights."""
scripts\05f1c_freeze_target_clinical_schema_and_evaluation_mechanics_v2.py,1153,fold;outer,"""Compute on each outer-test fold using corresponding """
scripts\05f1c_freeze_target_clinical_schema_and_evaluation_mechanics_v2.py,1154,outer;surv,"""outer-training survival distribution and training-fitted """
scripts\05f1c_freeze_target_clinical_schema_and_evaluation_mechanics_v2.py,1160,fold;outer,"""each outer-test fold."""
scripts\05f1c_freeze_target_clinical_schema_and_evaluation_mechanics_v2.py,1164,fold;outer,"""outer-test fold."""
scripts\05f1c_freeze_target_clinical_schema_and_evaluation_mechanics_v2.py,1169,fold;repeat,"""fold_to_repeat"": ("
scripts\05f1c_freeze_target_clinical_schema_and_evaluation_mechanics_v2.py,1170,fold;outer,"""Sample-count-weighted mean of the 5 outer-fold metrics """
scripts\05f1c_freeze_target_clinical_schema_and_evaluation_mechanics_v2.py,1171,repeat,"""within each repeat."""
scripts\05f1c_freeze_target_clinical_schema_and_evaluation_mechanics_v2.py,1173,repeat,"""repeat_to_final"": ("
scripts\05f1c_freeze_target_clinical_schema_and_evaluation_mechanics_v2.py,1174,repeat,"""Arithmetic mean across valid repeat-level estimates."""
scripts\05f1c_freeze_target_clinical_schema_and_evaluation_mechanics_v2.py,1176,repeat,"""minimum_valid_repeats"": MIN_VALID_REPEATS,"
scripts\05f1c_freeze_target_clinical_schema_and_evaluation_mechanics_v2.py,1177,repeat,"""if_fewer_than_min_valid_repeats"": ("
scripts\05f1c_freeze_target_clinical_schema_and_evaluation_mechanics_v2.py,1181,fold;outer;repeat,"""Within identical outer fold/repeat, treatment metric minus """
scripts\05f1c_freeze_target_clinical_schema_and_evaluation_mechanics_v2.py,1182,fold;repeat,"""control metric; aggregate with the same fold/repeat rule."""
scripts\05f1c_freeze_target_clinical_schema_and_evaluation_mechanics_v2.py,1191,os_event,"""stratification"": ""OS_event"","
scripts\05f1c_freeze_target_clinical_schema_and_evaluation_mechanics_v2.py,1194,outer,"""same_patient_multiplicity_all_20_outer_test_appearances"": True,"
scripts\05f1c_freeze_target_clinical_schema_and_evaluation_mechanics_v2.py,1196,outer,"""outer_split_regeneration_inside_bootstrap"": False,"
scripts\05f1c_freeze_target_clinical_schema_and_evaluation_mechanics_v2.py,1197,surv,"""training_survival_distribution_inside_bootstrap"": ("
scripts\05f1c_freeze_target_clinical_schema_and_evaluation_mechanics_v2.py,1198,outer;surv,"""Keep the original frozen outer-training survival distribution """
scripts\05f1c_freeze_target_clinical_schema_and_evaluation_mechanics_v2.py,1199,fold,"""for each fold; bootstrap only the already-held-out patient """
scripts\05f1c_freeze_target_clinical_schema_and_evaluation_mechanics_v2.py,1203,repeat,"""Patient multiplicity is represented by literal repeated copies """
scripts\05f1c_freeze_target_clinical_schema_and_evaluation_mechanics_v2.py,1205,fold,"""the fixed fold prediction."""
scripts\05f1c_freeze_target_clinical_schema_and_evaluation_mechanics_v2.py,1207,fold,"""fold_metric_recomputed_each_draw"": True,"
scripts\05f1c_freeze_target_clinical_schema_and_evaluation_mechanics_v2.py,1208,fold;repeat,"""fold_to_repeat_aggregation_same_as_point_estimate"": True,"
scripts\05f1c_freeze_target_clinical_schema_and_evaluation_mechanics_v2.py,1209,repeat,"""repeat_to_final_aggregation_same_as_point_estimate"": True,"
scripts\05f1c_freeze_target_clinical_schema_and_evaluation_mechanics_v2.py,1216,fold,"""A draw is invalid if a required fold metric cannot be evaluated """
scripts\05f1c_freeze_target_clinical_schema_and_evaluation_mechanics_v2.py,1227,repeat,"""Conditional uncertainty of fixed repeated-CV predictions; """
scripts\05f1c_freeze_target_clinical_schema_and_evaluation_mechanics_v2.py,1261,fold,"""fold_exclusion_after_opening"": False,"
scripts\05f1c_freeze_target_clinical_schema_and_evaluation_mechanics_v2.py,1285,repeat,"""05f1c repeated-CV/bootstrap/branch-uncertainty freeze"","
scripts\05f1c_freeze_target_clinical_schema_and_evaluation_mechanics_v2.py,1293,tau,"""freeze exact Uno-C tau/time-support implementation"","
scripts\05f1c_freeze_target_clinical_schema_and_evaluation_mechanics_v2.py,1294,surv,"""freeze exact IBS prediction-survival conversion/calibration implementation"","
scripts\05f1c_freeze_target_clinical_schema_and_evaluation_mechanics_v2.py,1295,fold,"""freeze exact fold-safe Hallmark implementation code"","
scripts\05f1c_freeze_target_clinical_schema_and_evaluation_mechanics_v2.py,1323,fold;repeat,"""drop samples/folds/repeats based on observed outcomes/model behavior"","
scripts\05f1c_freeze_target_clinical_schema_and_evaluation_mechanics_v2.py,1365,os_event,"""OS_event_column"": os_schema[""event_column""],"
scripts\05f1c_freeze_target_clinical_schema_and_evaluation_mechanics_v2.py,1374,fold;outer;repeat,"""outer_CV"": f""{OUTER_SPLITS} folds x {OUTER_REPEATS} repeats"","
scripts\05f1c_freeze_target_clinical_schema_and_evaluation_mechanics_v2.py,1375,fold,"""inner_classical_CV"": f""{INNER_SPLITS_CLASSICAL} folds"","
scripts\05f1c_freeze_target_clinical_schema_and_evaluation_mechanics_v2.py,1377,repeat,"""minimum_valid_repeats"": MIN_VALID_REPEATS,"
scripts\05f1c_freeze_target_clinical_schema_and_evaluation_mechanics_v2.py,1381,os_event,"""TARGET_OS_event_values_read"": False,"
scripts\05f1c_freeze_target_clinical_schema_and_evaluation_mechanics_v2.py,1386,surv,"""survival_splits_generated"": False,"
scripts\05f1c_freeze_target_clinical_schema_and_evaluation_mechanics_v2.py,1401,os_event,"""OS_event_column_header_only"": PROBED_OS_EVENT_COLUMN,"
scripts\05f1c_freeze_target_clinical_schema_and_evaluation_mechanics_v2.py,1480,fold;outer;repeat,"f""  outer CV: {OUTER_SPLITS} folds x {OUTER_REPEATS} repeats"""
scripts\05f1c_freeze_target_clinical_schema_and_evaluation_mechanics_v2.py,1483,fold,"f""  inner classical CV: {INNER_SPLITS_CLASSICAL} folds"""
scripts\05f1c_freeze_target_clinical_schema_and_evaluation_mechanics_v2.py,1489,repeat,"""  same patient multiplicity across all models/repeats: YES"""
scripts\05f1c_freeze_target_clinical_schema_and_evaluation_mechanics_v2.py,1502,surv,"print(""  survival splits generated: NO"")"
scripts\04c0_freeze_conservative_ibs_feasibility_amendment.py,8,fold;outer,prespecified B0/B4 IBS calculation because one outer test fold retained only
scripts\04c0_freeze_conservative_ibs_feasibility_amendment.py,21,repeat,- CV splits/repeats/seeds;
scripts\04c0_freeze_conservative_ibs_feasibility_amendment.py,33,fold;outer,3. If an outer fold has <5 supported IBS grid points:
scripts\04c0_freeze_conservative_ibs_feasibility_amendment.py,34,fold,- record IBS for that fold as unavailable;
scripts\04c0_freeze_conservative_ibs_feasibility_amendment.py,36,fold,- do NOT use a feasible-fold-only IBS estimate to establish SUPPORTS.
scripts\04c0_freeze_conservative_ibs_feasibility_amendment.py,37,fold,4. If ANY primary B0/B4 fold has unavailable IBS:
scripts\04c0_freeze_conservative_ibs_feasibility_amendment.py,44,fold,7. Feasible-fold IBS summaries may be reported DESCRIPTIVELY ONLY.
scripts\04c0_freeze_conservative_ibs_feasibility_amendment.py,45,repeat,8. Existing v1 repeat checkpoints may be reused only when their original
scripts\04c0_freeze_conservative_ibs_feasibility_amendment.py,142,fold,"print(""  SUPPORTS disabled if any primary IBS fold is infeasible: YES"")"
scripts\04c0_freeze_conservative_ibs_feasibility_amendment.py,193,repeat,# Audit reusable completed repeat checkpoints without reading their performance values.
scripts\04c0_freeze_conservative_ibs_feasibility_amendment.py,196,repeat,for repeat in range(20):
scripts\04c0_freeze_conservative_ibs_feasibility_amendment.py,197,repeat,"manifest_path = C4_PRIMARY_CKPT / f""repeat_{repeat:02d}.json"""
scripts\04c0_freeze_conservative_ibs_feasibility_amendment.py,202,repeat,"""repeat"": repeat,"
scripts\04c0_freeze_conservative_ibs_feasibility_amendment.py,234,repeat,"""repeat"": repeat,"
scripts\04c0_freeze_conservative_ibs_feasibility_amendment.py,255,repeat,"""stage"": ""04c primary B0/B4 repeated CV"","
scripts\04c0_freeze_conservative_ibs_feasibility_amendment.py,259,fold,"""The prespecified fold-specific IBS horizon was not estimable """
scripts\04c0_freeze_conservative_ibs_feasibility_amendment.py,261,fold,"""small held-out GSE16091 fold."""
scripts\04c0_freeze_conservative_ibs_feasibility_amendment.py,275,outer,"""outer_cv"": True,"
scripts\04c0_freeze_conservative_ibs_feasibility_amendment.py,288,fold,"""per_fold_IBS"": ("
scripts\04c0_freeze_conservative_ibs_feasibility_amendment.py,290,fold,"""points remain, mark that fold IBS_UNAVAILABLE_INSUFFICIENT_COMMON_SUPPORT. """
scripts\04c0_freeze_conservative_ibs_feasibility_amendment.py,297,fold,"""May be declared only if ALL primary B0/B4 IBS folds are available """
scripts\04c0_freeze_conservative_ibs_feasibility_amendment.py,307,fold,"""IBS_FEASIBILITY_LIMITATION and do not interpret feasible-fold-only """
scripts\04c0_freeze_conservative_ibs_feasibility_amendment.py,310,fold,"""feasible_fold_IBS"": ""DESCRIPTIVE_ONLY"","
scripts\04c0_freeze_conservative_ibs_feasibility_amendment.py,316,repeat,"""reusable_repeat_checkpoints_observed_now"": n_reusable,"
scripts\04c0_freeze_conservative_ibs_feasibility_amendment.py,341,repeat,"""reusable_primary_repeat_checkpoints"": n_reusable,"
scripts\04c0_freeze_conservative_ibs_feasibility_amendment.py,342,fold,"""SUPPORTS_disabled_if_any_IBS_fold_unavailable"": True,"
scripts\04c0_freeze_conservative_ibs_feasibility_amendment.py,353,repeat,"print(f""Validated reusable v1 primary repeat checkpoints: {n_reusable}/20"")"
scripts\04c0_freeze_conservative_ibs_feasibility_amendment.py,357,fold,"print(""  infeasible IBS fold -> IBS unavailable, no alternate horizon"")"
scripts\04c0_freeze_conservative_ibs_feasibility_amendment.py,358,fold,"print(""  any unavailable primary IBS fold -> SUPPORTS cannot be declared"")"
scripts\04c_run_classical_premise_test.py,11,surv,"GSE16091, n=34, GPL96, overall survival."
scripts\04c_run_classical_premise_test.py,14,fold;outer;repeat,the GSE16091 outer-training fold in repeated outer CV.
scripts\04c_run_classical_premise_test.py,47,repeat,The primary B0/B2/B3/B4 analysis is checkpointed per repeat.
scripts\04c_run_classical_premise_test.py,48,repeat,The B1 gene-level analysis is checkpointed per repeat.
scripts\04c_run_classical_premise_test.py,49,repeat,The event-matched DOG secondary analysis is checkpointed per repeat.
scripts\04c_run_classical_premise_test.py,83,fold,from sklearn.model_selection import StratifiedKFold
scripts\04c_run_classical_premise_test.py,84,surv,from sksurv.linear_model import CoxnetSurvivalAnalysis
scripts\04c_run_classical_premise_test.py,85,ipcw;surv,from sksurv.metrics import concordance_index_ipcw
scripts\04c_run_classical_premise_test.py,86,surv,from sksurv.util import Surv
scripts\04c_run_classical_premise_test.py,89,surv,"""04c requires scikit-survival in the active Paper-6 .venv."""
scripts\04c_run_classical_premise_test.py,153,fold,"PRIMARY_FOLDS = OUT_DIR / ""primary_classical_fold_metrics.tsv"""
scripts\04c_run_classical_premise_test.py,155,fold,"PRIMARY_IBS = OUT_DIR / ""primary_classical_fold_ibs.tsv"""
scripts\04c_run_classical_premise_test.py,160,fold,"B1_FOLDS = OUT_DIR / ""B1_gene_elastic_net_fold_metrics.tsv"""
scripts\04c_run_classical_premise_test.py,180,outer,OUTER_SPLITS = 5
scripts\04c_run_classical_premise_test.py,181,outer;repeat,OUTER_REPEATS = 20
scripts\04c_run_classical_premise_test.py,191,tau,UNO_TAU_QUANTILE = 0.90
scripts\04c_run_classical_premise_test.py,268,surv,"def make_surv(time_values: Sequence[float], event_values: Sequence[bool]) -> np.ndarray:"
scripts\04c_run_classical_premise_test.py,269,surv,return Surv.from_arrays(
scripts\04c_run_classical_premise_test.py,503,surv,"raise RuntimeError(f""{acc}: invalid survival time {time_value}."")"
scripts\04c_run_classical_premise_test.py,511,os_event,"""os_event"": event,"
scripts\04c_run_classical_premise_test.py,616,fold,"f""in training fold; minimum={self.min_genes}."""
scripts\04c_run_classical_premise_test.py,691,tau,"def tau_from_training(y_train: np.ndarray, quantile: float) -> float:"
scripts\04c_run_classical_premise_test.py,693,tau,"tau = float(np.quantile(times, quantile))"
scripts\04c_run_classical_premise_test.py,694,tau,"return min(tau, np.nextafter(float(np.max(times)), 0.0))"
scripts\04c_run_classical_premise_test.py,701,tau,"quantile: float = UNO_TAU_QUANTILE,"
scripts\04c_run_classical_premise_test.py,707,tau,"tau = tau_from_training(y_train, quantile)"
scripts\04c_run_classical_premise_test.py,711,ipcw,concordance_index_ipcw(
scripts\04c_run_classical_premise_test.py,715,tau,"tau=tau,"
scripts\04c_run_classical_premise_test.py,719,tau,"mask = np.asarray(y_test[""time""], dtype=float) <= tau"
scripts\04c_run_classical_premise_test.py,724,ipcw,concordance_index_ipcw(
scripts\04c_run_classical_premise_test.py,728,tau,"tau=tau,"
scripts\04c_run_classical_premise_test.py,747,fold,"f""Cannot make frozen {n_splits}-fold event-stratified split; """
scripts\04c_run_classical_premise_test.py,751,fold,splitter = StratifiedKFold(
scripts\04c_run_classical_premise_test.py,850,breslow,"self._fit_breslow_baseline(X, y)"
scripts\04c_run_classical_premise_test.py,853,breslow,"def _fit_breslow_baseline(self, X: np.ndarray, y: np.ndarray) -> None:"
scripts\04c_run_classical_premise_test.py,869,breslow,"raise RuntimeError(""Invalid Breslow risk-set sum."")"
scripts\04c_run_classical_premise_test.py,880,surv,def predict_survival_matrix(
scripts\04c_run_classical_premise_test.py,915,fold;train_idx,"for inner_fold, (train_idx, val_idx) in enumerate(splits):"
scripts\04c_run_classical_premise_test.py,919,train_idx,).fit(X_gene[train_idx])
scripts\04c_run_classical_premise_test.py,921,train_idx,X_train = transformer.transform(X_gene[train_idx])
scripts\04c_run_classical_premise_test.py,933,train_idx,").fit(X_train, y[train_idx])"
scripts\04c_run_classical_premise_test.py,936,train_idx,"y[train_idx],"
scripts\04c_run_classical_premise_test.py,948,fold,"""inner_fold"": inner_fold,"
scripts\04c_run_classical_premise_test.py,968,fold,"raise RuntimeError(""No centered-ridge alpha has finite Uno C in all inner folds."")"
scripts\04c_run_classical_premise_test.py,990,surv,) -> CoxnetSurvivalAnalysis:
scripts\04c_run_classical_premise_test.py,993,surv,model = CoxnetSurvivalAnalysis(
scripts\04c_run_classical_premise_test.py,1023,fold;train_idx,"for inner_fold, (train_idx, val_idx) in enumerate(splits):"
scripts\04c_run_classical_premise_test.py,1024,train_idx,transformer = GeneTransformer().fit(X_gene[train_idx])
scripts\04c_run_classical_premise_test.py,1025,train_idx,X_train = transformer.transform(X_gene[train_idx])
scripts\04c_run_classical_premise_test.py,1030,train_idx,"model = fit_coxnet_path(X_train, y[train_idx], l1)"
scripts\04c_run_classical_premise_test.py,1035,fold,"""inner_fold"": inner_fold,"
scripts\04c_run_classical_premise_test.py,1053,train_idx,"y[train_idx],"
scripts\04c_run_classical_premise_test.py,1064,fold,"""inner_fold"": inner_fold,"
scripts\04c_run_classical_premise_test.py,1085,fold,"raise RuntimeError(""No B1 elastic-net candidate is finite in all inner folds."")"
scripts\04c_run_classical_premise_test.py,1108,brier,# Brier / IBS.
scripts\04c_run_classical_premise_test.py,1111,censor,def censoring_km_training(
scripts\04c_run_classical_premise_test.py,1116,censor,censor_event = ~original_event
scripts\04c_run_classical_premise_test.py,1119,surv,surv = 1.0
scripts\04c_run_classical_premise_test.py,1121,surv,out_surv = []
scripts\04c_run_classical_premise_test.py,1125,censor,d_censor = int(np.sum((times == t) & censor_event))
scripts\04c_run_classical_premise_test.py,1127,censor,if at_risk > 0 and d_censor > 0:
scripts\04c_run_classical_premise_test.py,1128,censor;surv,surv *= 1.0 - d_censor / at_risk
scripts\04c_run_classical_premise_test.py,1131,surv,out_surv.append(float(surv))
scripts\04c_run_classical_premise_test.py,1133,surv,"return np.asarray(out_times), np.asarray(out_surv)"
scripts\04c_run_classical_premise_test.py,1138,surv,"km_surv: np.ndarray,"
scripts\04c_run_classical_premise_test.py,1147,surv,return float(km_surv[idx])
scripts\04c_run_classical_premise_test.py,1150,brier;ipcw,def ipcw_brier_score(
scripts\04c_run_classical_premise_test.py,1153,surv,"survival_prob: np.ndarray,"
scripts\04c_run_classical_premise_test.py,1154,eval_times,"eval_times: np.ndarray,"
scripts\04c_run_classical_premise_test.py,1156,censor;surv,"km_times, km_surv = censoring_km_training(y_train)"
scripts\04c_run_classical_premise_test.py,1161,surv,"survival_prob = np.asarray(survival_prob, dtype=float)"
scripts\04c_run_classical_premise_test.py,1162,eval_times,"eval_times = np.asarray(eval_times, dtype=float)"
scripts\04c_run_classical_premise_test.py,1164,eval_times;surv,"if survival_prob.shape != (len(y_test), len(eval_times)):"
scripts\04c_run_classical_premise_test.py,1165,brier;surv,"raise RuntimeError(""Brier survival-probability shape mismatch."")"
scripts\04c_run_classical_premise_test.py,1169,eval_times,"for j, t in enumerate(eval_times):"
scripts\04c_run_classical_premise_test.py,1170,surv,"G_t = km_step_value(km_times, km_surv, t, left_limit=False)"
scripts\04c_run_classical_premise_test.py,1172,censor;surv,"raise RuntimeError(""Training censoring survival too small at IBS time."")"
scripts\04c_run_classical_premise_test.py,1179,surv,"S = float(survival_prob[i, j])"
scripts\04c_run_classical_premise_test.py,1184,surv,"km_surv,"
scripts\04c_run_classical_premise_test.py,1190,censor;surv,"""Training censoring survival too small at test event time."""
scripts\04c_run_classical_premise_test.py,1198,censor;ipcw,# Censored at/before t: zero IPCW contribution.
scripts\04c_run_classical_premise_test.py,1249,brier;integrated_brier,def integrated_brier_custom(
scripts\04c_run_classical_premise_test.py,1252,surv,"survival_prob: np.ndarray,"
scripts\04c_run_classical_premise_test.py,1253,eval_times,"eval_times: np.ndarray,"
scripts\04c_run_classical_premise_test.py,1255,brier;ipcw,bs = ipcw_brier_score(
scripts\04c_run_classical_premise_test.py,1258,surv,"survival_prob,"
scripts\04c_run_classical_premise_test.py,1259,eval_times,"eval_times,"
scripts\04c_run_classical_premise_test.py,1261,eval_times,span = float(eval_times[-1] - eval_times[0])
scripts\04c_run_classical_premise_test.py,1264,eval_times,"return float(np.trapz(bs, eval_times) / span)"
scripts\04c_run_classical_premise_test.py,1315,repeat,"def checkpoint_manifest_path(directory: Path, repeat: int) -> Path:"
scripts\04c_run_classical_premise_test.py,1316,repeat,"return directory / f""repeat_{repeat:02d}.json"""
scripts\04c_run_classical_premise_test.py,1321,repeat,"repeat: int,"
scripts\04c_run_classical_premise_test.py,1324,repeat,"return directory / f""repeat_{repeat:02d}_{kind}.tsv"""
scripts\04c_run_classical_premise_test.py,1327,repeat,def load_repeat_checkpoint(
scripts\04c_run_classical_premise_test.py,1329,repeat,"repeat: int,"
scripts\04c_run_classical_premise_test.py,1333,repeat,"manifest_path = checkpoint_manifest_path(directory, repeat)"
scripts\04c_run_classical_premise_test.py,1347,repeat,"path = checkpoint_data_path(directory, repeat, kind)"
scripts\04c_run_classical_premise_test.py,1358,repeat,def save_repeat_checkpoint(
scripts\04c_run_classical_premise_test.py,1360,repeat,"repeat: int,"
scripts\04c_run_classical_premise_test.py,1367,repeat,"path = checkpoint_data_path(directory, repeat, kind)"
scripts\04c_run_classical_premise_test.py,1375,repeat,"""repeat"": repeat,"
scripts\04c_run_classical_premise_test.py,1382,repeat,"checkpoint_manifest_path(directory, repeat),"
scripts\04c_run_classical_premise_test.py,1388,repeat,# Primary B0/B2/B3/B4 repeated CV.
scripts\04c_run_classical_premise_test.py,1391,repeat,def run_primary_repeat(
scripts\04c_run_classical_premise_test.py,1392,repeat,"repeat: int,"
scripts\04c_run_classical_premise_test.py,1404,outer,outer = stratified_splits(
scripts\04c_run_classical_premise_test.py,1406,outer,"OUTER_SPLITS,"
scripts\04c_run_classical_premise_test.py,1407,repeat,"base_seed + repeat,"
scripts\04c_run_classical_premise_test.py,1411,fold,fold_rows = []
scripts\04c_run_classical_premise_test.py,1415,fold;outer;test_idx;train_idx,"for outer_fold, (train_idx, test_idx) in enumerate(outer):"
scripts\04c_run_classical_premise_test.py,1416,fold;outer;repeat,inner_seed = base_seed + 1000 + repeat * 100 + outer_fold
scripts\04c_run_classical_premise_test.py,1422,train_idx,"X_gene[train_idx],"
scripts\04c_run_classical_premise_test.py,1423,train_idx,"y[train_idx],"
scripts\04c_run_classical_premise_test.py,1424,train_idx,"event[train_idx],"
scripts\04c_run_classical_premise_test.py,1435,repeat,"b0_audit[""repeat""] = repeat"
scripts\04c_run_classical_premise_test.py,1436,fold;outer,"b0_audit[""outer_fold""] = outer_fold"
scripts\04c_run_classical_premise_test.py,1443,train_idx,"X_gene[train_idx],"
scripts\04c_run_classical_premise_test.py,1444,train_idx,"y[train_idx],"
scripts\04c_run_classical_premise_test.py,1445,train_idx,"event[train_idx],"
scripts\04c_run_classical_premise_test.py,1456,repeat,"b4_audit[""repeat""] = repeat"
scripts\04c_run_classical_premise_test.py,1457,fold;outer,"b4_audit[""outer_fold""] = outer_fold"
scripts\04c_run_classical_premise_test.py,1463,train_idx,).fit(X_gene[train_idx])
scripts\04c_run_classical_premise_test.py,1465,train_idx,X_train_m = transformer.transform(X_gene[train_idx])
scripts\04c_run_classical_premise_test.py,1466,test_idx,X_test_m = transformer.transform(X_gene[test_idx])
scripts\04c_run_classical_premise_test.py,1471,train_idx,").fit(X_train_m, y[train_idx])"
scripts\04c_run_classical_premise_test.py,1476,train_idx,").fit(X_train_m, y[train_idx])"
scripts\04c_run_classical_premise_test.py,1515,fold,fold_c = safe_uno_c(
scripts\04c_run_classical_premise_test.py,1516,train_idx,"y[train_idx],"
scripts\04c_run_classical_premise_test.py,1517,test_idx,"y[test_idx],"
scripts\04c_run_classical_premise_test.py,1521,fold,fold_rows.append(
scripts\04c_run_classical_premise_test.py,1523,repeat,"""repeat"": repeat,"
scripts\04c_run_classical_premise_test.py,1524,fold;outer,"""outer_fold"": outer_fold,"
scripts\04c_run_classical_premise_test.py,1526,train_idx,"""n_train"": len(train_idx),"
scripts\04c_run_classical_premise_test.py,1527,train_idx,"""events_train"": int(event[train_idx].sum()),"
scripts\04c_run_classical_premise_test.py,1528,test_idx,"""n_test"": len(test_idx),"
scripts\04c_run_classical_premise_test.py,1529,test_idx,"""events_test"": int(event[test_idx].sum()),"
scripts\04c_run_classical_premise_test.py,1535,fold,"""fold_uno_c"": fold_c,"
scripts\04c_run_classical_premise_test.py,1546,test_idx,"for local_idx, global_idx in enumerate(test_idx):"
scripts\04c_run_classical_premise_test.py,1549,repeat,"""repeat"": repeat,"
scripts\04c_run_classical_premise_test.py,1550,fold;outer,"""outer_fold"": outer_fold,"
scripts\04c_run_classical_premise_test.py,1560,train_idx,"y[train_idx],"
scripts\04c_run_classical_premise_test.py,1561,test_idx,"y[test_idx],"
scripts\04c_run_classical_premise_test.py,1564,surv,b0_surv = b0.predict_survival_matrix(
scripts\04c_run_classical_premise_test.py,1568,surv,b4_surv = b4.predict_survival_matrix(
scripts\04c_run_classical_premise_test.py,1573,brier;integrated_brier,ibs_b0 = integrated_brier_custom(
scripts\04c_run_classical_premise_test.py,1574,train_idx,"y[train_idx],"
scripts\04c_run_classical_premise_test.py,1575,test_idx,"y[test_idx],"
scripts\04c_run_classical_premise_test.py,1576,surv,"b0_surv,"
scripts\04c_run_classical_premise_test.py,1579,brier;integrated_brier,ibs_b4 = integrated_brier_custom(
scripts\04c_run_classical_premise_test.py,1580,train_idx,"y[train_idx],"
scripts\04c_run_classical_premise_test.py,1581,test_idx,"y[test_idx],"
scripts\04c_run_classical_premise_test.py,1582,surv,"b4_surv,"
scripts\04c_run_classical_premise_test.py,1589,repeat,"""repeat"": repeat,"
scripts\04c_run_classical_premise_test.py,1590,fold;outer,"""outer_fold"": outer_fold,"
scripts\04c_run_classical_premise_test.py,1592,test_idx,"""n_test"": len(test_idx),"
scripts\04c_run_classical_premise_test.py,1593,time_grid,"""time_grid_n"": len(grid),"
scripts\04c_run_classical_premise_test.py,1594,time_grid,"""time_grid_min"": float(grid[0]),"
scripts\04c_run_classical_premise_test.py,1595,time_grid,"""time_grid_max"": float(grid[-1]),"
scripts\04c_run_classical_premise_test.py,1599,repeat,"""repeat"": repeat,"
scripts\04c_run_classical_premise_test.py,1600,fold;outer,"""outer_fold"": outer_fold,"
scripts\04c_run_classical_premise_test.py,1602,test_idx,"""n_test"": len(test_idx),"
scripts\04c_run_classical_premise_test.py,1603,time_grid,"""time_grid_n"": len(grid),"
scripts\04c_run_classical_premise_test.py,1604,time_grid,"""time_grid_min"": float(grid[0]),"
scripts\04c_run_classical_premise_test.py,1605,time_grid,"""time_grid_max"": float(grid[-1]),"
scripts\04c_run_classical_premise_test.py,1612,fold;outer;repeat,"f""    repeat {repeat+1:02d}/{OUTER_REPEATS}, fold {outer_fold+1}/5: """
scripts\04c_run_classical_premise_test.py,1613,fold,"f""B0 C={model_risks and fold_rows[-4]['fold_uno_c']:.3f} """
scripts\04c_run_classical_premise_test.py,1619,fold,"""folds"": pd.DataFrame(fold_rows),"
scripts\04c_run_classical_premise_test.py,1698,repeat,# B1 repeated gene elastic-net.
scripts\04c_run_classical_premise_test.py,1701,repeat,def run_B1_repeat(
scripts\04c_run_classical_premise_test.py,1702,repeat,"repeat: int,"
scripts\04c_run_classical_premise_test.py,1710,outer,outer = stratified_splits(
scripts\04c_run_classical_premise_test.py,1712,outer,"OUTER_SPLITS,"
scripts\04c_run_classical_premise_test.py,1713,repeat,"base_seed + repeat,"
scripts\04c_run_classical_premise_test.py,1717,fold,fold_rows = []
scripts\04c_run_classical_premise_test.py,1720,fold;outer;test_idx;train_idx,"for outer_fold, (train_idx, test_idx) in enumerate(outer):"
scripts\04c_run_classical_premise_test.py,1721,fold;outer;repeat,inner_seed = base_seed + 1000 + repeat * 100 + outer_fold
scripts\04c_run_classical_premise_test.py,1724,train_idx,"X_gene[train_idx],"
scripts\04c_run_classical_premise_test.py,1725,train_idx,"y[train_idx],"
scripts\04c_run_classical_premise_test.py,1726,train_idx,"event[train_idx],"
scripts\04c_run_classical_premise_test.py,1732,repeat,"audit[""repeat""] = repeat"
scripts\04c_run_classical_premise_test.py,1733,fold;outer,"audit[""outer_fold""] = outer_fold"
scripts\04c_run_classical_premise_test.py,1736,train_idx,transformer = GeneTransformer().fit(X_gene[train_idx])
scripts\04c_run_classical_premise_test.py,1737,train_idx,X_train = transformer.transform(X_gene[train_idx])
scripts\04c_run_classical_premise_test.py,1738,test_idx,X_test = transformer.transform(X_gene[test_idx])
scripts\04c_run_classical_premise_test.py,1740,train_idx,"model = fit_coxnet_path(X_train, y[train_idx], l1)"
scripts\04c_run_classical_premise_test.py,1759,train_idx,"y[train_idx],"
scripts\04c_run_classical_premise_test.py,1760,test_idx,"y[test_idx],"
scripts\04c_run_classical_premise_test.py,1764,fold,fold_rows.append(
scripts\04c_run_classical_premise_test.py,1766,repeat,"""repeat"": repeat,"
scripts\04c_run_classical_premise_test.py,1767,fold;outer,"""outer_fold"": outer_fold,"
scripts\04c_run_classical_premise_test.py,1768,train_idx,"""n_train"": len(train_idx),"
scripts\04c_run_classical_premise_test.py,1769,train_idx,"""events_train"": int(event[train_idx].sum()),"
scripts\04c_run_classical_premise_test.py,1770,test_idx,"""n_test"": len(test_idx),"
scripts\04c_run_classical_premise_test.py,1771,test_idx,"""events_test"": int(event[test_idx].sum()),"
scripts\04c_run_classical_premise_test.py,1776,fold,"""fold_uno_c"": c,"
scripts\04c_run_classical_premise_test.py,1780,test_idx,"for local_idx, global_idx in enumerate(test_idx):"
scripts\04c_run_classical_premise_test.py,1783,repeat,"""repeat"": repeat,"
scripts\04c_run_classical_premise_test.py,1784,fold;outer,"""outer_fold"": outer_fold,"
scripts\04c_run_classical_premise_test.py,1794,fold,"""folds"": pd.DataFrame(fold_rows),"
scripts\04c_run_classical_premise_test.py,1866,repeat,def run_event_matched_repeat(
scripts\04c_run_classical_premise_test.py,1867,repeat,"repeat: int,"
scripts\04c_run_classical_premise_test.py,1882,outer;repeat,"outer_seed = int(protocol[""paired_human_evaluation""][""base_seed""]) + repeat"
scripts\04c_run_classical_premise_test.py,1884,outer,outer = stratified_splits(
scripts\04c_run_classical_premise_test.py,1886,outer,"OUTER_SPLITS,"
scripts\04c_run_classical_premise_test.py,1887,outer,"outer_seed,"
scripts\04c_run_classical_premise_test.py,1893,fold;outer;test_idx;train_idx,"for outer_fold, (train_idx, test_idx) in enumerate(outer):"
scripts\04c_run_classical_premise_test.py,1894,train_idx,n_h = len(train_idx)
scripts\04c_run_classical_premise_test.py,1895,train_idx,e_h = int(event_human[train_idx].sum())
scripts\04c_run_classical_premise_test.py,1900,train_idx,).fit(X_human_gene[train_idx])
scripts\04c_run_classical_premise_test.py,1902,train_idx,H_train = human_transformer.transform(X_human_gene[train_idx])
scripts\04c_run_classical_premise_test.py,1903,test_idx,H_test = human_transformer.transform(X_human_gene[test_idx])
scripts\04c_run_classical_premise_test.py,1908,repeat,+ repeat * 10000
scripts\04c_run_classical_premise_test.py,1909,fold;outer,+ outer_fold * 100
scripts\04c_run_classical_premise_test.py,1958,fold,fold_c = safe_uno_c(
scripts\04c_run_classical_premise_test.py,1959,train_idx,"y_human[train_idx],"
scripts\04c_run_classical_premise_test.py,1960,test_idx,"y_human[test_idx],"
scripts\04c_run_classical_premise_test.py,1966,repeat,"""repeat"": repeat,"
scripts\04c_run_classical_premise_test.py,1967,fold;outer,"""outer_fold"": outer_fold,"
scripts\04c_run_classical_premise_test.py,1981,fold,"""fold_uno_c"": fold_c,"
scripts\04c_run_classical_premise_test.py,1985,test_idx,"for local_idx, global_idx in enumerate(test_idx):"
scripts\04c_run_classical_premise_test.py,1988,repeat,"""repeat"": repeat,"
scripts\04c_run_classical_premise_test.py,1989,fold;outer,"""outer_fold"": outer_fold,"
scripts\04c_run_classical_premise_test.py,2079,outer,"if int(paired[""outer_splits""]) != OUTER_SPLITS:"
scripts\04c_run_classical_premise_test.py,2080,outer,"raise RuntimeError(""04b outer split count changed."")"
scripts\04c_run_classical_premise_test.py,2081,outer;repeat,"if int(paired[""outer_repeats""]) != OUTER_REPEATS:"
scripts\04c_run_classical_premise_test.py,2082,outer;repeat,"raise RuntimeError(""04b outer repeat count changed."")"
scripts\04c_run_classical_premise_test.py,2231,os_event,"event = outcome[""os_event""].to_numpy(dtype=int).astype(bool)"
scripts\04c_run_classical_premise_test.py,2233,surv,"y = make_surv(time_values, event)"
scripts\04c_run_classical_premise_test.py,2237,outer,if len(class_counts) != 2 or min(class_counts.values()) < OUTER_SPLITS:
scripts\04c_run_classical_premise_test.py,2239,fold,"f""GSE16091 cannot support frozen 5-fold stratification: {class_counts}"""
scripts\04c_run_classical_premise_test.py,2315,censor,"""censored"": int((~event).sum()),"
scripts\04c_run_classical_premise_test.py,2334,censor,"print(f""OS censored: {int((~event).sum())}"")"
scripts\04c_run_classical_premise_test.py,2339,repeat,"# Primary B0/B2/B3/B4 stage, checkpointed per repeat."
scripts\04c_run_classical_premise_test.py,2348,fold,"""folds"": [],"
scripts\04c_run_classical_premise_test.py,2353,outer;repeat,for repeat in range(OUTER_REPEATS):
scripts\04c_run_classical_premise_test.py,2354,repeat,cached = load_repeat_checkpoint(
scripts\04c_run_classical_premise_test.py,2356,repeat,"repeat,"
scripts\04c_run_classical_premise_test.py,2358,fold,"[""predictions"", ""folds"", ""tuning"", ""ibs""],"
scripts\04c_run_classical_premise_test.py,2362,outer;repeat,"print(f""  primary repeat {repeat+1:02d}/{OUTER_REPEATS}: REUSED"")"
scripts\04c_run_classical_premise_test.py,2365,outer;repeat,"print(f""  primary repeat {repeat+1:02d}/{OUTER_REPEATS}: RUNNING"")"
scripts\04c_run_classical_premise_test.py,2366,repeat,result = run_primary_repeat(
scripts\04c_run_classical_premise_test.py,2367,repeat,"repeat,"
scripts\04c_run_classical_premise_test.py,2378,repeat,save_repeat_checkpoint(
scripts\04c_run_classical_premise_test.py,2380,repeat,"repeat,"
scripts\04c_run_classical_premise_test.py,2392,fold,primary_folds = pd.concat(
scripts\04c_run_classical_premise_test.py,2393,fold,"primary_parts[""folds""],"
scripts\04c_run_classical_premise_test.py,2406,fold,"primary_folds.to_csv(PRIMARY_FOLDS, sep=""\t"", index=False)"
scripts\04c_run_classical_premise_test.py,2410,outer;repeat,expected_pred_rows = EXPECTED_TARGET_N * OUTER_REPEATS * 4
scripts\04c_run_classical_premise_test.py,2538,fold,"""folds"": [],"
scripts\04c_run_classical_premise_test.py,2542,outer;repeat,for repeat in range(OUTER_REPEATS):
scripts\04c_run_classical_premise_test.py,2543,repeat,cached = load_repeat_checkpoint(
scripts\04c_run_classical_premise_test.py,2545,repeat,"repeat,"
scripts\04c_run_classical_premise_test.py,2547,fold,"[""predictions"", ""folds"", ""tuning""],"
scripts\04c_run_classical_premise_test.py,2551,outer;repeat,"print(f""  B1 repeat {repeat+1:02d}/{OUTER_REPEATS}: REUSED"")"
scripts\04c_run_classical_premise_test.py,2554,outer;repeat,"print(f""  B1 repeat {repeat+1:02d}/{OUTER_REPEATS}: RUNNING"")"
scripts\04c_run_classical_premise_test.py,2555,repeat,result = run_B1_repeat(
scripts\04c_run_classical_premise_test.py,2556,repeat,"repeat,"
scripts\04c_run_classical_premise_test.py,2563,repeat,save_repeat_checkpoint(
scripts\04c_run_classical_premise_test.py,2565,repeat,"repeat,"
scripts\04c_run_classical_premise_test.py,2577,fold,b1_folds = pd.concat(
scripts\04c_run_classical_premise_test.py,2578,fold,"b1_parts[""folds""],"
scripts\04c_run_classical_premise_test.py,2587,fold,"b1_folds.to_csv(B1_FOLDS, sep=""\t"", index=False)"
scripts\04c_run_classical_premise_test.py,2633,outer;repeat,for repeat in range(OUTER_REPEATS):
scripts\04c_run_classical_premise_test.py,2634,repeat,cached = load_repeat_checkpoint(
scripts\04c_run_classical_premise_test.py,2636,repeat,"repeat,"
scripts\04c_run_classical_premise_test.py,2643,outer;repeat,"f""  event-matched repeat {repeat+1:02d}/{OUTER_REPEATS}: REUSED"""
scripts\04c_run_classical_premise_test.py,2648,outer;repeat,"f""  event-matched repeat {repeat+1:02d}/{OUTER_REPEATS}: RUNNING"""
scripts\04c_run_classical_premise_test.py,2650,repeat,result = run_event_matched_repeat(
scripts\04c_run_classical_premise_test.py,2651,repeat,"repeat,"
scripts\04c_run_classical_premise_test.py,2663,repeat,save_repeat_checkpoint(
scripts\04c_run_classical_premise_test.py,2665,repeat,"repeat,"
scripts\04c_run_classical_premise_test.py,2685,repeat,# Consensus prediction averages over 50 DOG draws and 20 repeats.
scripts\04c_run_classical_premise_test.py,2706,fold;outer,"""draws_per_outer_fold"": EVENT_MATCHED_DRAWS,"
scripts\04c_run_classical_premise_test.py,2781,censor,"""censored"": int((~event).sum()),"
scripts\04c_run_classical_premise_test.py,2812,fold,"PRIMARY_FOLDS,"
scripts\04c_run_classical_premise_test.py,2840,censor,"""target_censored"": int((~event).sum()),"
scripts\04c_run_classical_premise_test_v2.py,11,surv,"GSE16091, n=34, GPL96, overall survival."
scripts\04c_run_classical_premise_test_v2.py,14,fold;outer;repeat,the GSE16091 outer-training fold in repeated outer CV.
scripts\04c_run_classical_premise_test_v2.py,47,repeat,The primary B0/B2/B3/B4 analysis is checkpointed per repeat.
scripts\04c_run_classical_premise_test_v2.py,48,repeat,The B1 gene-level analysis is checkpointed per repeat.
scripts\04c_run_classical_premise_test_v2.py,49,repeat,The event-matched DOG secondary analysis is checkpointed per repeat.
scripts\04c_run_classical_premise_test_v2.py,83,fold,from sklearn.model_selection import StratifiedKFold
scripts\04c_run_classical_premise_test_v2.py,84,surv,from sksurv.linear_model import CoxnetSurvivalAnalysis
scripts\04c_run_classical_premise_test_v2.py,85,ipcw;surv,from sksurv.metrics import concordance_index_ipcw
scripts\04c_run_classical_premise_test_v2.py,86,surv,from sksurv.util import Surv
scripts\04c_run_classical_premise_test_v2.py,89,surv,"""04c requires scikit-survival in the active Paper-6 .venv."""
scripts\04c_run_classical_premise_test_v2.py,160,fold,"PRIMARY_FOLDS = OUT_DIR / ""primary_classical_fold_metrics.tsv"""
scripts\04c_run_classical_premise_test_v2.py,162,fold,"PRIMARY_IBS = OUT_DIR / ""primary_classical_fold_ibs.tsv"""
scripts\04c_run_classical_premise_test_v2.py,167,fold,"B1_FOLDS = OUT_DIR / ""B1_gene_elastic_net_fold_metrics.tsv"""
scripts\04c_run_classical_premise_test_v2.py,187,outer,OUTER_SPLITS = 5
scripts\04c_run_classical_premise_test_v2.py,188,outer;repeat,OUTER_REPEATS = 20
scripts\04c_run_classical_premise_test_v2.py,198,tau,UNO_TAU_QUANTILE = 0.90
scripts\04c_run_classical_premise_test_v2.py,275,surv,"def make_surv(time_values: Sequence[float], event_values: Sequence[bool]) -> np.ndarray:"
scripts\04c_run_classical_premise_test_v2.py,276,surv,return Surv.from_arrays(
scripts\04c_run_classical_premise_test_v2.py,510,surv,"raise RuntimeError(f""{acc}: invalid survival time {time_value}."")"
scripts\04c_run_classical_premise_test_v2.py,518,os_event,"""os_event"": event,"
scripts\04c_run_classical_premise_test_v2.py,623,fold,"f""in training fold; minimum={self.min_genes}."""
scripts\04c_run_classical_premise_test_v2.py,698,tau,"def tau_from_training(y_train: np.ndarray, quantile: float) -> float:"
scripts\04c_run_classical_premise_test_v2.py,700,tau,"tau = float(np.quantile(times, quantile))"
scripts\04c_run_classical_premise_test_v2.py,701,tau,"return min(tau, np.nextafter(float(np.max(times)), 0.0))"
scripts\04c_run_classical_premise_test_v2.py,708,tau,"quantile: float = UNO_TAU_QUANTILE,"
scripts\04c_run_classical_premise_test_v2.py,714,tau,"tau = tau_from_training(y_train, quantile)"
scripts\04c_run_classical_premise_test_v2.py,718,ipcw,concordance_index_ipcw(
scripts\04c_run_classical_premise_test_v2.py,722,tau,"tau=tau,"
scripts\04c_run_classical_premise_test_v2.py,726,tau,"mask = np.asarray(y_test[""time""], dtype=float) <= tau"
scripts\04c_run_classical_premise_test_v2.py,731,ipcw,concordance_index_ipcw(
scripts\04c_run_classical_premise_test_v2.py,735,tau,"tau=tau,"
scripts\04c_run_classical_premise_test_v2.py,754,fold,"f""Cannot make frozen {n_splits}-fold event-stratified split; """
scripts\04c_run_classical_premise_test_v2.py,758,fold,splitter = StratifiedKFold(
scripts\04c_run_classical_premise_test_v2.py,857,breslow,"self._fit_breslow_baseline(X, y)"
scripts\04c_run_classical_premise_test_v2.py,860,breslow,"def _fit_breslow_baseline(self, X: np.ndarray, y: np.ndarray) -> None:"
scripts\04c_run_classical_premise_test_v2.py,876,breslow,"raise RuntimeError(""Invalid Breslow risk-set sum."")"
scripts\04c_run_classical_premise_test_v2.py,887,surv,def predict_survival_matrix(
scripts\04c_run_classical_premise_test_v2.py,922,fold;train_idx,"for inner_fold, (train_idx, val_idx) in enumerate(splits):"
scripts\04c_run_classical_premise_test_v2.py,926,train_idx,).fit(X_gene[train_idx])
scripts\04c_run_classical_premise_test_v2.py,928,train_idx,X_train = transformer.transform(X_gene[train_idx])
scripts\04c_run_classical_premise_test_v2.py,940,train_idx,").fit(X_train, y[train_idx])"
scripts\04c_run_classical_premise_test_v2.py,943,train_idx,"y[train_idx],"
scripts\04c_run_classical_premise_test_v2.py,955,fold,"""inner_fold"": inner_fold,"
scripts\04c_run_classical_premise_test_v2.py,975,fold,"raise RuntimeError(""No centered-ridge alpha has finite Uno C in all inner folds."")"
scripts\04c_run_classical_premise_test_v2.py,997,surv,) -> CoxnetSurvivalAnalysis:
scripts\04c_run_classical_premise_test_v2.py,1000,surv,model = CoxnetSurvivalAnalysis(
scripts\04c_run_classical_premise_test_v2.py,1030,fold;train_idx,"for inner_fold, (train_idx, val_idx) in enumerate(splits):"
scripts\04c_run_classical_premise_test_v2.py,1031,train_idx,transformer = GeneTransformer().fit(X_gene[train_idx])
scripts\04c_run_classical_premise_test_v2.py,1032,train_idx,X_train = transformer.transform(X_gene[train_idx])
scripts\04c_run_classical_premise_test_v2.py,1037,train_idx,"model = fit_coxnet_path(X_train, y[train_idx], l1)"
scripts\04c_run_classical_premise_test_v2.py,1042,fold,"""inner_fold"": inner_fold,"
scripts\04c_run_classical_premise_test_v2.py,1060,train_idx,"y[train_idx],"
scripts\04c_run_classical_premise_test_v2.py,1071,fold,"""inner_fold"": inner_fold,"
scripts\04c_run_classical_premise_test_v2.py,1092,fold,"raise RuntimeError(""No B1 elastic-net candidate is finite in all inner folds."")"
scripts\04c_run_classical_premise_test_v2.py,1115,brier,# Brier / IBS.
scripts\04c_run_classical_premise_test_v2.py,1118,censor,def censoring_km_training(
scripts\04c_run_classical_premise_test_v2.py,1123,censor,censor_event = ~original_event
scripts\04c_run_classical_premise_test_v2.py,1126,surv,surv = 1.0
scripts\04c_run_classical_premise_test_v2.py,1128,surv,out_surv = []
scripts\04c_run_classical_premise_test_v2.py,1132,censor,d_censor = int(np.sum((times == t) & censor_event))
scripts\04c_run_classical_premise_test_v2.py,1134,censor,if at_risk > 0 and d_censor > 0:
scripts\04c_run_classical_premise_test_v2.py,1135,censor;surv,surv *= 1.0 - d_censor / at_risk
scripts\04c_run_classical_premise_test_v2.py,1138,surv,out_surv.append(float(surv))
scripts\04c_run_classical_premise_test_v2.py,1140,surv,"return np.asarray(out_times), np.asarray(out_surv)"
scripts\04c_run_classical_premise_test_v2.py,1145,surv,"km_surv: np.ndarray,"
scripts\04c_run_classical_premise_test_v2.py,1154,surv,return float(km_surv[idx])
scripts\04c_run_classical_premise_test_v2.py,1157,brier;ipcw,def ipcw_brier_score(
scripts\04c_run_classical_premise_test_v2.py,1160,surv,"survival_prob: np.ndarray,"
scripts\04c_run_classical_premise_test_v2.py,1161,eval_times,"eval_times: np.ndarray,"
scripts\04c_run_classical_premise_test_v2.py,1163,censor;surv,"km_times, km_surv = censoring_km_training(y_train)"
scripts\04c_run_classical_premise_test_v2.py,1168,surv,"survival_prob = np.asarray(survival_prob, dtype=float)"
scripts\04c_run_classical_premise_test_v2.py,1169,eval_times,"eval_times = np.asarray(eval_times, dtype=float)"
scripts\04c_run_classical_premise_test_v2.py,1171,eval_times;surv,"if survival_prob.shape != (len(y_test), len(eval_times)):"
scripts\04c_run_classical_premise_test_v2.py,1172,brier;surv,"raise RuntimeError(""Brier survival-probability shape mismatch."")"
scripts\04c_run_classical_premise_test_v2.py,1176,eval_times,"for j, t in enumerate(eval_times):"
scripts\04c_run_classical_premise_test_v2.py,1177,surv,"G_t = km_step_value(km_times, km_surv, t, left_limit=False)"
scripts\04c_run_classical_premise_test_v2.py,1179,censor;surv,"raise RuntimeError(""Training censoring survival too small at IBS time."")"
scripts\04c_run_classical_premise_test_v2.py,1186,surv,"S = float(survival_prob[i, j])"
scripts\04c_run_classical_premise_test_v2.py,1191,surv,"km_surv,"
scripts\04c_run_classical_premise_test_v2.py,1197,censor;surv,"""Training censoring survival too small at test event time."""
scripts\04c_run_classical_premise_test_v2.py,1205,censor;ipcw,# Censored at/before t: zero IPCW contribution.
scripts\04c_run_classical_premise_test_v2.py,1256,brier;integrated_brier,def integrated_brier_custom(
scripts\04c_run_classical_premise_test_v2.py,1259,surv,"survival_prob: np.ndarray,"
scripts\04c_run_classical_premise_test_v2.py,1260,eval_times,"eval_times: np.ndarray,"
scripts\04c_run_classical_premise_test_v2.py,1262,brier;ipcw,bs = ipcw_brier_score(
scripts\04c_run_classical_premise_test_v2.py,1265,surv,"survival_prob,"
scripts\04c_run_classical_premise_test_v2.py,1266,eval_times,"eval_times,"
scripts\04c_run_classical_premise_test_v2.py,1268,eval_times,span = float(eval_times[-1] - eval_times[0])
scripts\04c_run_classical_premise_test_v2.py,1271,eval_times,"return float(np.trapz(bs, eval_times) / span)"
scripts\04c_run_classical_premise_test_v2.py,1322,repeat,"def checkpoint_manifest_path(directory: Path, repeat: int) -> Path:"
scripts\04c_run_classical_premise_test_v2.py,1323,repeat,"return directory / f""repeat_{repeat:02d}.json"""
scripts\04c_run_classical_premise_test_v2.py,1328,repeat,"repeat: int,"
scripts\04c_run_classical_premise_test_v2.py,1331,repeat,"return directory / f""repeat_{repeat:02d}_{kind}.tsv"""
scripts\04c_run_classical_premise_test_v2.py,1334,repeat,def load_repeat_checkpoint(
scripts\04c_run_classical_premise_test_v2.py,1336,repeat,"repeat: int,"
scripts\04c_run_classical_premise_test_v2.py,1340,repeat,"manifest_path = checkpoint_manifest_path(directory, repeat)"
scripts\04c_run_classical_premise_test_v2.py,1354,repeat,"path = checkpoint_data_path(directory, repeat, kind)"
scripts\04c_run_classical_premise_test_v2.py,1365,repeat,def save_repeat_checkpoint(
scripts\04c_run_classical_premise_test_v2.py,1367,repeat,"repeat: int,"
scripts\04c_run_classical_premise_test_v2.py,1374,repeat,"path = checkpoint_data_path(directory, repeat, kind)"
scripts\04c_run_classical_premise_test_v2.py,1382,repeat,"""repeat"": repeat,"
scripts\04c_run_classical_premise_test_v2.py,1389,repeat,"checkpoint_manifest_path(directory, repeat),"
scripts\04c_run_classical_premise_test_v2.py,1395,repeat,# Primary B0/B2/B3/B4 repeated CV.
scripts\04c_run_classical_premise_test_v2.py,1398,repeat,def run_primary_repeat(
scripts\04c_run_classical_premise_test_v2.py,1399,repeat,"repeat: int,"
scripts\04c_run_classical_premise_test_v2.py,1411,outer,outer = stratified_splits(
scripts\04c_run_classical_premise_test_v2.py,1413,outer,"OUTER_SPLITS,"
scripts\04c_run_classical_premise_test_v2.py,1414,repeat,"base_seed + repeat,"
scripts\04c_run_classical_premise_test_v2.py,1418,fold,fold_rows = []
scripts\04c_run_classical_premise_test_v2.py,1422,fold;outer;test_idx;train_idx,"for outer_fold, (train_idx, test_idx) in enumerate(outer):"
scripts\04c_run_classical_premise_test_v2.py,1423,fold;outer;repeat,inner_seed = base_seed + 1000 + repeat * 100 + outer_fold
scripts\04c_run_classical_premise_test_v2.py,1429,train_idx,"X_gene[train_idx],"
scripts\04c_run_classical_premise_test_v2.py,1430,train_idx,"y[train_idx],"
scripts\04c_run_classical_premise_test_v2.py,1431,train_idx,"event[train_idx],"
scripts\04c_run_classical_premise_test_v2.py,1442,repeat,"b0_audit[""repeat""] = repeat"
scripts\04c_run_classical_premise_test_v2.py,1443,fold;outer,"b0_audit[""outer_fold""] = outer_fold"
scripts\04c_run_classical_premise_test_v2.py,1450,train_idx,"X_gene[train_idx],"
scripts\04c_run_classical_premise_test_v2.py,1451,train_idx,"y[train_idx],"
scripts\04c_run_classical_premise_test_v2.py,1452,train_idx,"event[train_idx],"
scripts\04c_run_classical_premise_test_v2.py,1463,repeat,"b4_audit[""repeat""] = repeat"
scripts\04c_run_classical_premise_test_v2.py,1464,fold;outer,"b4_audit[""outer_fold""] = outer_fold"
scripts\04c_run_classical_premise_test_v2.py,1470,train_idx,).fit(X_gene[train_idx])
scripts\04c_run_classical_premise_test_v2.py,1472,train_idx,X_train_m = transformer.transform(X_gene[train_idx])
scripts\04c_run_classical_premise_test_v2.py,1473,test_idx,X_test_m = transformer.transform(X_gene[test_idx])
scripts\04c_run_classical_premise_test_v2.py,1478,train_idx,").fit(X_train_m, y[train_idx])"
scripts\04c_run_classical_premise_test_v2.py,1483,train_idx,").fit(X_train_m, y[train_idx])"
scripts\04c_run_classical_premise_test_v2.py,1522,fold,fold_c = safe_uno_c(
scripts\04c_run_classical_premise_test_v2.py,1523,train_idx,"y[train_idx],"
scripts\04c_run_classical_premise_test_v2.py,1524,test_idx,"y[test_idx],"
scripts\04c_run_classical_premise_test_v2.py,1528,fold,fold_rows.append(
scripts\04c_run_classical_premise_test_v2.py,1530,repeat,"""repeat"": repeat,"
scripts\04c_run_classical_premise_test_v2.py,1531,fold;outer,"""outer_fold"": outer_fold,"
scripts\04c_run_classical_premise_test_v2.py,1533,train_idx,"""n_train"": len(train_idx),"
scripts\04c_run_classical_premise_test_v2.py,1534,train_idx,"""events_train"": int(event[train_idx].sum()),"
scripts\04c_run_classical_premise_test_v2.py,1535,test_idx,"""n_test"": len(test_idx),"
scripts\04c_run_classical_premise_test_v2.py,1536,test_idx,"""events_test"": int(event[test_idx].sum()),"
scripts\04c_run_classical_premise_test_v2.py,1542,fold,"""fold_uno_c"": fold_c,"
scripts\04c_run_classical_premise_test_v2.py,1553,test_idx,"for local_idx, global_idx in enumerate(test_idx):"
scripts\04c_run_classical_premise_test_v2.py,1556,repeat,"""repeat"": repeat,"
scripts\04c_run_classical_premise_test_v2.py,1557,fold;outer,"""outer_fold"": outer_fold,"
scripts\04c_run_classical_premise_test_v2.py,1567,fold,# infeasible in a small held-out fold. No alternative grid is created.
scripts\04c_run_classical_premise_test_v2.py,1576,train_idx,"y[train_idx],"
scripts\04c_run_classical_premise_test_v2.py,1577,test_idx,"y[test_idx],"
scripts\04c_run_classical_premise_test_v2.py,1580,surv,b0_surv = b0.predict_survival_matrix(
scripts\04c_run_classical_premise_test_v2.py,1584,surv,b4_surv = b4.predict_survival_matrix(
scripts\04c_run_classical_premise_test_v2.py,1589,brier;integrated_brier,ibs_b0 = integrated_brier_custom(
scripts\04c_run_classical_premise_test_v2.py,1590,train_idx,"y[train_idx],"
scripts\04c_run_classical_premise_test_v2.py,1591,test_idx,"y[test_idx],"
scripts\04c_run_classical_premise_test_v2.py,1592,surv,"b0_surv,"
scripts\04c_run_classical_premise_test_v2.py,1595,brier;integrated_brier,ibs_b4 = integrated_brier_custom(
scripts\04c_run_classical_premise_test_v2.py,1596,train_idx,"y[train_idx],"
scripts\04c_run_classical_premise_test_v2.py,1597,test_idx,"y[test_idx],"
scripts\04c_run_classical_premise_test_v2.py,1598,surv,"b4_surv,"
scripts\04c_run_classical_premise_test_v2.py,1616,repeat,"""repeat"": repeat,"
scripts\04c_run_classical_premise_test_v2.py,1617,fold;outer,"""outer_fold"": outer_fold,"
scripts\04c_run_classical_premise_test_v2.py,1619,test_idx,"""n_test"": len(test_idx),"
scripts\04c_run_classical_premise_test_v2.py,1620,time_grid,"""time_grid_n"": grid_n,"
scripts\04c_run_classical_premise_test_v2.py,1621,time_grid,"""time_grid_min"": grid_min,"
scripts\04c_run_classical_premise_test_v2.py,1622,time_grid,"""time_grid_max"": grid_max,"
scripts\04c_run_classical_premise_test_v2.py,1628,repeat,"""repeat"": repeat,"
scripts\04c_run_classical_premise_test_v2.py,1629,fold;outer,"""outer_fold"": outer_fold,"
scripts\04c_run_classical_premise_test_v2.py,1631,test_idx,"""n_test"": len(test_idx),"
scripts\04c_run_classical_premise_test_v2.py,1632,time_grid,"""time_grid_n"": grid_n,"
scripts\04c_run_classical_premise_test_v2.py,1633,time_grid,"""time_grid_min"": grid_min,"
scripts\04c_run_classical_premise_test_v2.py,1634,time_grid,"""time_grid_max"": grid_max,"
scripts\04c_run_classical_premise_test_v2.py,1643,fold;outer;repeat,"f""    repeat {repeat+1:02d}/{OUTER_REPEATS}, fold {outer_fold+1}/5: """
scripts\04c_run_classical_premise_test_v2.py,1644,fold,"f""B0 C={model_risks and fold_rows[-4]['fold_uno_c']:.3f} """
scripts\04c_run_classical_premise_test_v2.py,1650,fold,"""folds"": pd.DataFrame(fold_rows),"
scripts\04c_run_classical_premise_test_v2.py,1736,repeat,# B1 repeated gene elastic-net.
scripts\04c_run_classical_premise_test_v2.py,1739,repeat,def run_B1_repeat(
scripts\04c_run_classical_premise_test_v2.py,1740,repeat,"repeat: int,"
scripts\04c_run_classical_premise_test_v2.py,1748,outer,outer = stratified_splits(
scripts\04c_run_classical_premise_test_v2.py,1750,outer,"OUTER_SPLITS,"
scripts\04c_run_classical_premise_test_v2.py,1751,repeat,"base_seed + repeat,"
scripts\04c_run_classical_premise_test_v2.py,1755,fold,fold_rows = []
scripts\04c_run_classical_premise_test_v2.py,1758,fold;outer;test_idx;train_idx,"for outer_fold, (train_idx, test_idx) in enumerate(outer):"
scripts\04c_run_classical_premise_test_v2.py,1759,fold;outer;repeat,inner_seed = base_seed + 1000 + repeat * 100 + outer_fold
scripts\04c_run_classical_premise_test_v2.py,1762,train_idx,"X_gene[train_idx],"
scripts\04c_run_classical_premise_test_v2.py,1763,train_idx,"y[train_idx],"
scripts\04c_run_classical_premise_test_v2.py,1764,train_idx,"event[train_idx],"
scripts\04c_run_classical_premise_test_v2.py,1770,repeat,"audit[""repeat""] = repeat"
scripts\04c_run_classical_premise_test_v2.py,1771,fold;outer,"audit[""outer_fold""] = outer_fold"
scripts\04c_run_classical_premise_test_v2.py,1774,train_idx,transformer = GeneTransformer().fit(X_gene[train_idx])
scripts\04c_run_classical_premise_test_v2.py,1775,train_idx,X_train = transformer.transform(X_gene[train_idx])
scripts\04c_run_classical_premise_test_v2.py,1776,test_idx,X_test = transformer.transform(X_gene[test_idx])
scripts\04c_run_classical_premise_test_v2.py,1778,train_idx,"model = fit_coxnet_path(X_train, y[train_idx], l1)"
scripts\04c_run_classical_premise_test_v2.py,1797,train_idx,"y[train_idx],"
scripts\04c_run_classical_premise_test_v2.py,1798,test_idx,"y[test_idx],"
scripts\04c_run_classical_premise_test_v2.py,1802,fold,fold_rows.append(
scripts\04c_run_classical_premise_test_v2.py,1804,repeat,"""repeat"": repeat,"
scripts\04c_run_classical_premise_test_v2.py,1805,fold;outer,"""outer_fold"": outer_fold,"
scripts\04c_run_classical_premise_test_v2.py,1806,train_idx,"""n_train"": len(train_idx),"
scripts\04c_run_classical_premise_test_v2.py,1807,train_idx,"""events_train"": int(event[train_idx].sum()),"
scripts\04c_run_classical_premise_test_v2.py,1808,test_idx,"""n_test"": len(test_idx),"
scripts\04c_run_classical_premise_test_v2.py,1809,test_idx,"""events_test"": int(event[test_idx].sum()),"
scripts\04c_run_classical_premise_test_v2.py,1814,fold,"""fold_uno_c"": c,"
scripts\04c_run_classical_premise_test_v2.py,1818,test_idx,"for local_idx, global_idx in enumerate(test_idx):"
scripts\04c_run_classical_premise_test_v2.py,1821,repeat,"""repeat"": repeat,"
scripts\04c_run_classical_premise_test_v2.py,1822,fold;outer,"""outer_fold"": outer_fold,"
scripts\04c_run_classical_premise_test_v2.py,1832,fold,"""folds"": pd.DataFrame(fold_rows),"
scripts\04c_run_classical_premise_test_v2.py,1904,repeat,def run_event_matched_repeat(
scripts\04c_run_classical_premise_test_v2.py,1905,repeat,"repeat: int,"
scripts\04c_run_classical_premise_test_v2.py,1920,outer;repeat,"outer_seed = int(protocol[""paired_human_evaluation""][""base_seed""]) + repeat"
scripts\04c_run_classical_premise_test_v2.py,1922,outer,outer = stratified_splits(
scripts\04c_run_classical_premise_test_v2.py,1924,outer,"OUTER_SPLITS,"
scripts\04c_run_classical_premise_test_v2.py,1925,outer,"outer_seed,"
scripts\04c_run_classical_premise_test_v2.py,1931,fold;outer;test_idx;train_idx,"for outer_fold, (train_idx, test_idx) in enumerate(outer):"
scripts\04c_run_classical_premise_test_v2.py,1932,train_idx,n_h = len(train_idx)
scripts\04c_run_classical_premise_test_v2.py,1933,train_idx,e_h = int(event_human[train_idx].sum())
scripts\04c_run_classical_premise_test_v2.py,1938,train_idx,).fit(X_human_gene[train_idx])
scripts\04c_run_classical_premise_test_v2.py,1940,train_idx,H_train = human_transformer.transform(X_human_gene[train_idx])
scripts\04c_run_classical_premise_test_v2.py,1941,test_idx,H_test = human_transformer.transform(X_human_gene[test_idx])
scripts\04c_run_classical_premise_test_v2.py,1946,repeat,+ repeat * 10000
scripts\04c_run_classical_premise_test_v2.py,1947,fold;outer,+ outer_fold * 100
scripts\04c_run_classical_premise_test_v2.py,1996,fold,fold_c = safe_uno_c(
scripts\04c_run_classical_premise_test_v2.py,1997,train_idx,"y_human[train_idx],"
scripts\04c_run_classical_premise_test_v2.py,1998,test_idx,"y_human[test_idx],"
scripts\04c_run_classical_premise_test_v2.py,2004,repeat,"""repeat"": repeat,"
scripts\04c_run_classical_premise_test_v2.py,2005,fold;outer,"""outer_fold"": outer_fold,"
scripts\04c_run_classical_premise_test_v2.py,2019,fold,"""fold_uno_c"": fold_c,"
scripts\04c_run_classical_premise_test_v2.py,2023,test_idx,"for local_idx, global_idx in enumerate(test_idx):"
scripts\04c_run_classical_premise_test_v2.py,2026,repeat,"""repeat"": repeat,"
scripts\04c_run_classical_premise_test_v2.py,2027,fold;outer,"""outer_fold"": outer_fold,"
scripts\04c_run_classical_premise_test_v2.py,2140,outer,"if int(paired[""outer_splits""]) != OUTER_SPLITS:"
scripts\04c_run_classical_premise_test_v2.py,2141,outer,"raise RuntimeError(""04b outer split count changed."")"
scripts\04c_run_classical_premise_test_v2.py,2142,outer;repeat,"if int(paired[""outer_repeats""]) != OUTER_REPEATS:"
scripts\04c_run_classical_premise_test_v2.py,2143,outer;repeat,"raise RuntimeError(""04b outer repeat count changed."")"
scripts\04c_run_classical_premise_test_v2.py,2292,os_event,"event = outcome[""os_event""].to_numpy(dtype=int).astype(bool)"
scripts\04c_run_classical_premise_test_v2.py,2294,surv,"y = make_surv(time_values, event)"
scripts\04c_run_classical_premise_test_v2.py,2298,outer,if len(class_counts) != 2 or min(class_counts.values()) < OUTER_SPLITS:
scripts\04c_run_classical_premise_test_v2.py,2300,fold,"f""GSE16091 cannot support frozen 5-fold stratification: {class_counts}"""
scripts\04c_run_classical_premise_test_v2.py,2376,censor,"""censored"": int((~event).sum()),"
scripts\04c_run_classical_premise_test_v2.py,2395,censor,"print(f""OS censored: {int((~event).sum())}"")"
scripts\04c_run_classical_premise_test_v2.py,2400,repeat,"# Primary B0/B2/B3/B4 stage, checkpointed per repeat."
scripts\04c_run_classical_premise_test_v2.py,2409,fold,"""folds"": [],"
scripts\04c_run_classical_premise_test_v2.py,2414,outer;repeat,for repeat in range(OUTER_REPEATS):
scripts\04c_run_classical_premise_test_v2.py,2415,repeat,cached = load_repeat_checkpoint(
scripts\04c_run_classical_premise_test_v2.py,2417,repeat,"repeat,"
scripts\04c_run_classical_premise_test_v2.py,2419,fold,"[""predictions"", ""folds"", ""tuning"", ""ibs""],"
scripts\04c_run_classical_premise_test_v2.py,2423,outer;repeat,"print(f""  primary repeat {repeat+1:02d}/{OUTER_REPEATS}: REUSED"")"
scripts\04c_run_classical_premise_test_v2.py,2426,outer;repeat,"print(f""  primary repeat {repeat+1:02d}/{OUTER_REPEATS}: RUNNING"")"
scripts\04c_run_classical_premise_test_v2.py,2427,repeat,result = run_primary_repeat(
scripts\04c_run_classical_premise_test_v2.py,2428,repeat,"repeat,"
scripts\04c_run_classical_premise_test_v2.py,2439,repeat,save_repeat_checkpoint(
scripts\04c_run_classical_premise_test_v2.py,2441,repeat,"repeat,"
scripts\04c_run_classical_premise_test_v2.py,2453,fold,primary_folds = pd.concat(
scripts\04c_run_classical_premise_test_v2.py,2454,fold,"primary_parts[""folds""],"
scripts\04c_run_classical_premise_test_v2.py,2466,repeat,# v1 validated repeats predate the explicit status columns; successful
scripts\04c_run_classical_premise_test_v2.py,2478,fold,"primary_folds.to_csv(PRIMARY_FOLDS, sep=""\t"", index=False)"
scripts\04c_run_classical_premise_test_v2.py,2482,outer;repeat,expected_pred_rows = EXPECTED_TARGET_N * OUTER_REPEATS * 4
scripts\04c_run_classical_premise_test_v2.py,2506,fold,unavailable_ibs_fold_keys = (
scripts\04c_run_classical_premise_test_v2.py,2509,fold;outer;repeat,"[""repeat"", ""outer_fold""],"
scripts\04c_run_classical_premise_test_v2.py,2512,fold;outer;repeat,".sort_values([""repeat"", ""outer_fold""])"
scripts\04c_run_classical_premise_test_v2.py,2514,fold,n_unavailable_ibs_folds = int(len(unavailable_ibs_fold_keys))
scripts\04c_run_classical_premise_test_v2.py,2515,fold,ibs_complete_for_primary = n_unavailable_ibs_folds == 0
scripts\04c_run_classical_premise_test_v2.py,2517,fold,# Feasible-fold summaries are retained for transparency only when the
scripts\04c_run_classical_premise_test_v2.py,2624,fold,"""n_unavailable_primary_IBS_folds"": n_unavailable_ibs_folds,"
scripts\04c_run_classical_premise_test_v2.py,2625,fold,"""unavailable_IBS_fold_keys"": unavailable_ibs_fold_keys.to_dict(orient=""records""),"
scripts\04c_run_classical_premise_test_v2.py,2626,fold,"""feasible_fold_weighted_mean_IBS_B0_descriptive_only"": ("
scripts\04c_run_classical_premise_test_v2.py,2629,fold,"""feasible_fold_weighted_mean_IBS_B4_descriptive_only"": ("
scripts\04c_run_classical_premise_test_v2.py,2632,fold,"""feasible_fold_delta_IBS_descriptive_only"": ("
scripts\04c_run_classical_premise_test_v2.py,2665,fold;outer,"f""({n_unavailable_ibs_folds} outer fold(s) unavailable)"""
scripts\04c_run_classical_premise_test_v2.py,2669,fold,"""Feasible-fold delta IBS: """
scripts\04c_run_classical_premise_test_v2.py,2692,fold,"""folds"": [],"
scripts\04c_run_classical_premise_test_v2.py,2696,outer;repeat,for repeat in range(OUTER_REPEATS):
scripts\04c_run_classical_premise_test_v2.py,2697,repeat,cached = load_repeat_checkpoint(
scripts\04c_run_classical_premise_test_v2.py,2699,repeat,"repeat,"
scripts\04c_run_classical_premise_test_v2.py,2701,fold,"[""predictions"", ""folds"", ""tuning""],"
scripts\04c_run_classical_premise_test_v2.py,2705,outer;repeat,"print(f""  B1 repeat {repeat+1:02d}/{OUTER_REPEATS}: REUSED"")"
scripts\04c_run_classical_premise_test_v2.py,2708,outer;repeat,"print(f""  B1 repeat {repeat+1:02d}/{OUTER_REPEATS}: RUNNING"")"
scripts\04c_run_classical_premise_test_v2.py,2709,repeat,result = run_B1_repeat(
scripts\04c_run_classical_premise_test_v2.py,2710,repeat,"repeat,"
scripts\04c_run_classical_premise_test_v2.py,2717,repeat,save_repeat_checkpoint(
scripts\04c_run_classical_premise_test_v2.py,2719,repeat,"repeat,"
scripts\04c_run_classical_premise_test_v2.py,2731,fold,b1_folds = pd.concat(
scripts\04c_run_classical_premise_test_v2.py,2732,fold,"b1_parts[""folds""],"
scripts\04c_run_classical_premise_test_v2.py,2741,fold,"b1_folds.to_csv(B1_FOLDS, sep=""\t"", index=False)"
scripts\04c_run_classical_premise_test_v2.py,2787,outer;repeat,for repeat in range(OUTER_REPEATS):
scripts\04c_run_classical_premise_test_v2.py,2788,repeat,cached = load_repeat_checkpoint(
scripts\04c_run_classical_premise_test_v2.py,2790,repeat,"repeat,"
scripts\04c_run_classical_premise_test_v2.py,2797,outer;repeat,"f""  event-matched repeat {repeat+1:02d}/{OUTER_REPEATS}: REUSED"""
scripts\04c_run_classical_premise_test_v2.py,2802,outer;repeat,"f""  event-matched repeat {repeat+1:02d}/{OUTER_REPEATS}: RUNNING"""
scripts\04c_run_classical_premise_test_v2.py,2804,repeat,result = run_event_matched_repeat(
scripts\04c_run_classical_premise_test_v2.py,2805,repeat,"repeat,"
scripts\04c_run_classical_premise_test_v2.py,2817,repeat,save_repeat_checkpoint(
scripts\04c_run_classical_premise_test_v2.py,2819,repeat,"repeat,"
scripts\04c_run_classical_premise_test_v2.py,2839,repeat,# Consensus prediction averages over 50 DOG draws and 20 repeats.
scripts\04c_run_classical_premise_test_v2.py,2860,fold;outer,"""draws_per_outer_fold"": EVENT_MATCHED_DRAWS,"
scripts\04c_run_classical_premise_test_v2.py,2938,censor,"""censored"": int((~event).sum()),"
scripts\04c_run_classical_premise_test_v2.py,2969,fold,"PRIMARY_FOLDS,"
scripts\04c_run_classical_premise_test_v2.py,2997,censor,"""target_censored"": int((~event).sum()),"
scripts\04c_run_classical_premise_test_v2.py,3014,fold,"""n_unavailable_primary_IBS_folds"": n_unavailable_ibs_folds,"
scripts\04c_run_classical_premise_test_v2.py,3016,fold,"""feasible_fold_delta_IBS_descriptive_only"": ("
scripts\04c_run_classical_premise_test_v2.py,3061,fold,"f""[{n_unavailable_ibs_folds} fold(s) insufficient support]"""
scripts\04c_run_classical_premise_test_v2.py,3065,fold,"f""  feasible-fold delta IBS:            {delta_ibs_descriptive:+.5f} """
scripts\04c_run_classical_premise_test_v3.py,11,surv,"GSE16091, n=34, GPL96, overall survival."
scripts\04c_run_classical_premise_test_v3.py,14,fold;outer;repeat,the GSE16091 outer-training fold in repeated outer CV.
scripts\04c_run_classical_premise_test_v3.py,47,repeat,The primary B0/B2/B3/B4 analysis is checkpointed per repeat.
scripts\04c_run_classical_premise_test_v3.py,48,repeat,The B1 gene-level analysis is checkpointed per repeat.
scripts\04c_run_classical_premise_test_v3.py,49,repeat,The event-matched DOG secondary analysis is checkpointed per repeat.
scripts\04c_run_classical_premise_test_v3.py,83,fold,from sklearn.model_selection import StratifiedKFold
scripts\04c_run_classical_premise_test_v3.py,84,surv,from sksurv.linear_model import CoxnetSurvivalAnalysis
scripts\04c_run_classical_premise_test_v3.py,85,ipcw;surv,from sksurv.metrics import concordance_index_ipcw
scripts\04c_run_classical_premise_test_v3.py,86,surv,from sksurv.util import Surv
scripts\04c_run_classical_premise_test_v3.py,89,surv,"""04c requires scikit-survival in the active Paper-6 .venv."""
scripts\04c_run_classical_premise_test_v3.py,160,fold,"PRIMARY_FOLDS = OUT_DIR / ""primary_classical_fold_metrics.tsv"""
scripts\04c_run_classical_premise_test_v3.py,162,fold,"PRIMARY_IBS = OUT_DIR / ""primary_classical_fold_ibs.tsv"""
scripts\04c_run_classical_premise_test_v3.py,167,fold,"B1_FOLDS = OUT_DIR / ""B1_gene_elastic_net_fold_metrics.tsv"""
scripts\04c_run_classical_premise_test_v3.py,187,outer,OUTER_SPLITS = 5
scripts\04c_run_classical_premise_test_v3.py,188,outer;repeat,OUTER_REPEATS = 20
scripts\04c_run_classical_premise_test_v3.py,198,tau,UNO_TAU_QUANTILE = 0.90
scripts\04c_run_classical_premise_test_v3.py,215,fold;outer,EVENT_MATCHED_DRAWS_PER_OUTER_FOLD = 50
scripts\04c_run_classical_premise_test_v3.py,275,surv,"def make_surv(time_values: Sequence[float], event_values: Sequence[bool]) -> np.ndarray:"
scripts\04c_run_classical_premise_test_v3.py,276,surv,return Surv.from_arrays(
scripts\04c_run_classical_premise_test_v3.py,510,surv,"raise RuntimeError(f""{acc}: invalid survival time {time_value}."")"
scripts\04c_run_classical_premise_test_v3.py,518,os_event,"""os_event"": event,"
scripts\04c_run_classical_premise_test_v3.py,623,fold,"f""in training fold; minimum={self.min_genes}."""
scripts\04c_run_classical_premise_test_v3.py,698,tau,"def tau_from_training(y_train: np.ndarray, quantile: float) -> float:"
scripts\04c_run_classical_premise_test_v3.py,700,tau,"tau = float(np.quantile(times, quantile))"
scripts\04c_run_classical_premise_test_v3.py,701,tau,"return min(tau, np.nextafter(float(np.max(times)), 0.0))"
scripts\04c_run_classical_premise_test_v3.py,708,tau,"quantile: float = UNO_TAU_QUANTILE,"
scripts\04c_run_classical_premise_test_v3.py,714,tau,"tau = tau_from_training(y_train, quantile)"
scripts\04c_run_classical_premise_test_v3.py,718,ipcw,concordance_index_ipcw(
scripts\04c_run_classical_premise_test_v3.py,722,tau,"tau=tau,"
scripts\04c_run_classical_premise_test_v3.py,726,tau,"mask = np.asarray(y_test[""time""], dtype=float) <= tau"
scripts\04c_run_classical_premise_test_v3.py,731,ipcw,concordance_index_ipcw(
scripts\04c_run_classical_premise_test_v3.py,735,tau,"tau=tau,"
scripts\04c_run_classical_premise_test_v3.py,754,fold,"f""Cannot make frozen {n_splits}-fold event-stratified split; """
scripts\04c_run_classical_premise_test_v3.py,758,fold,splitter = StratifiedKFold(
scripts\04c_run_classical_premise_test_v3.py,857,breslow,"self._fit_breslow_baseline(X, y)"
scripts\04c_run_classical_premise_test_v3.py,860,breslow,"def _fit_breslow_baseline(self, X: np.ndarray, y: np.ndarray) -> None:"
scripts\04c_run_classical_premise_test_v3.py,876,breslow,"raise RuntimeError(""Invalid Breslow risk-set sum."")"
scripts\04c_run_classical_premise_test_v3.py,887,surv,def predict_survival_matrix(
scripts\04c_run_classical_premise_test_v3.py,922,fold;train_idx,"for inner_fold, (train_idx, val_idx) in enumerate(splits):"
scripts\04c_run_classical_premise_test_v3.py,926,train_idx,).fit(X_gene[train_idx])
scripts\04c_run_classical_premise_test_v3.py,928,train_idx,X_train = transformer.transform(X_gene[train_idx])
scripts\04c_run_classical_premise_test_v3.py,940,train_idx,").fit(X_train, y[train_idx])"
scripts\04c_run_classical_premise_test_v3.py,943,train_idx,"y[train_idx],"
scripts\04c_run_classical_premise_test_v3.py,955,fold,"""inner_fold"": inner_fold,"
scripts\04c_run_classical_premise_test_v3.py,975,fold,"raise RuntimeError(""No centered-ridge alpha has finite Uno C in all inner folds."")"
scripts\04c_run_classical_premise_test_v3.py,997,surv,) -> CoxnetSurvivalAnalysis:
scripts\04c_run_classical_premise_test_v3.py,1000,surv,model = CoxnetSurvivalAnalysis(
scripts\04c_run_classical_premise_test_v3.py,1030,fold;train_idx,"for inner_fold, (train_idx, val_idx) in enumerate(splits):"
scripts\04c_run_classical_premise_test_v3.py,1031,train_idx,transformer = GeneTransformer().fit(X_gene[train_idx])
scripts\04c_run_classical_premise_test_v3.py,1032,train_idx,X_train = transformer.transform(X_gene[train_idx])
scripts\04c_run_classical_premise_test_v3.py,1037,train_idx,"model = fit_coxnet_path(X_train, y[train_idx], l1)"
scripts\04c_run_classical_premise_test_v3.py,1042,fold,"""inner_fold"": inner_fold,"
scripts\04c_run_classical_premise_test_v3.py,1060,train_idx,"y[train_idx],"
scripts\04c_run_classical_premise_test_v3.py,1071,fold,"""inner_fold"": inner_fold,"
scripts\04c_run_classical_premise_test_v3.py,1092,fold,"raise RuntimeError(""No B1 elastic-net candidate is finite in all inner folds."")"
scripts\04c_run_classical_premise_test_v3.py,1115,brier,# Brier / IBS.
scripts\04c_run_classical_premise_test_v3.py,1118,censor,def censoring_km_training(
scripts\04c_run_classical_premise_test_v3.py,1123,censor,censor_event = ~original_event
scripts\04c_run_classical_premise_test_v3.py,1126,surv,surv = 1.0
scripts\04c_run_classical_premise_test_v3.py,1128,surv,out_surv = []
scripts\04c_run_classical_premise_test_v3.py,1132,censor,d_censor = int(np.sum((times == t) & censor_event))
scripts\04c_run_classical_premise_test_v3.py,1134,censor,if at_risk > 0 and d_censor > 0:
scripts\04c_run_classical_premise_test_v3.py,1135,censor;surv,surv *= 1.0 - d_censor / at_risk
scripts\04c_run_classical_premise_test_v3.py,1138,surv,out_surv.append(float(surv))
scripts\04c_run_classical_premise_test_v3.py,1140,surv,"return np.asarray(out_times), np.asarray(out_surv)"
scripts\04c_run_classical_premise_test_v3.py,1145,surv,"km_surv: np.ndarray,"
scripts\04c_run_classical_premise_test_v3.py,1154,surv,return float(km_surv[idx])
scripts\04c_run_classical_premise_test_v3.py,1157,brier;ipcw,def ipcw_brier_score(
scripts\04c_run_classical_premise_test_v3.py,1160,surv,"survival_prob: np.ndarray,"
scripts\04c_run_classical_premise_test_v3.py,1161,eval_times,"eval_times: np.ndarray,"
scripts\04c_run_classical_premise_test_v3.py,1163,censor;surv,"km_times, km_surv = censoring_km_training(y_train)"
scripts\04c_run_classical_premise_test_v3.py,1168,surv,"survival_prob = np.asarray(survival_prob, dtype=float)"
scripts\04c_run_classical_premise_test_v3.py,1169,eval_times,"eval_times = np.asarray(eval_times, dtype=float)"
scripts\04c_run_classical_premise_test_v3.py,1171,eval_times;surv,"if survival_prob.shape != (len(y_test), len(eval_times)):"
scripts\04c_run_classical_premise_test_v3.py,1172,brier;surv,"raise RuntimeError(""Brier survival-probability shape mismatch."")"
scripts\04c_run_classical_premise_test_v3.py,1176,eval_times,"for j, t in enumerate(eval_times):"
scripts\04c_run_classical_premise_test_v3.py,1177,surv,"G_t = km_step_value(km_times, km_surv, t, left_limit=False)"
scripts\04c_run_classical_premise_test_v3.py,1179,censor;surv,"raise RuntimeError(""Training censoring survival too small at IBS time."")"
scripts\04c_run_classical_premise_test_v3.py,1186,surv,"S = float(survival_prob[i, j])"
scripts\04c_run_classical_premise_test_v3.py,1191,surv,"km_surv,"
scripts\04c_run_classical_premise_test_v3.py,1197,censor;surv,"""Training censoring survival too small at test event time."""
scripts\04c_run_classical_premise_test_v3.py,1205,censor;ipcw,# Censored at/before t: zero IPCW contribution.
scripts\04c_run_classical_premise_test_v3.py,1256,brier;integrated_brier,def integrated_brier_custom(
scripts\04c_run_classical_premise_test_v3.py,1259,surv,"survival_prob: np.ndarray,"
scripts\04c_run_classical_premise_test_v3.py,1260,eval_times,"eval_times: np.ndarray,"
scripts\04c_run_classical_premise_test_v3.py,1262,brier;ipcw,bs = ipcw_brier_score(
scripts\04c_run_classical_premise_test_v3.py,1265,surv,"survival_prob,"
scripts\04c_run_classical_premise_test_v3.py,1266,eval_times,"eval_times,"
scripts\04c_run_classical_premise_test_v3.py,1268,eval_times,span = float(eval_times[-1] - eval_times[0])
scripts\04c_run_classical_premise_test_v3.py,1271,eval_times,"return float(np.trapz(bs, eval_times) / span)"
scripts\04c_run_classical_premise_test_v3.py,1322,repeat,"def checkpoint_manifest_path(directory: Path, repeat: int) -> Path:"
scripts\04c_run_classical_premise_test_v3.py,1323,repeat,"return directory / f""repeat_{repeat:02d}.json"""
scripts\04c_run_classical_premise_test_v3.py,1328,repeat,"repeat: int,"
scripts\04c_run_classical_premise_test_v3.py,1331,repeat,"return directory / f""repeat_{repeat:02d}_{kind}.tsv"""
scripts\04c_run_classical_premise_test_v3.py,1334,repeat,def load_repeat_checkpoint(
scripts\04c_run_classical_premise_test_v3.py,1336,repeat,"repeat: int,"
scripts\04c_run_classical_premise_test_v3.py,1340,repeat,"manifest_path = checkpoint_manifest_path(directory, repeat)"
scripts\04c_run_classical_premise_test_v3.py,1354,repeat,"path = checkpoint_data_path(directory, repeat, kind)"
scripts\04c_run_classical_premise_test_v3.py,1365,repeat,def save_repeat_checkpoint(
scripts\04c_run_classical_premise_test_v3.py,1367,repeat,"repeat: int,"
scripts\04c_run_classical_premise_test_v3.py,1374,repeat,"path = checkpoint_data_path(directory, repeat, kind)"
scripts\04c_run_classical_premise_test_v3.py,1382,repeat,"""repeat"": repeat,"
scripts\04c_run_classical_premise_test_v3.py,1389,repeat,"checkpoint_manifest_path(directory, repeat),"
scripts\04c_run_classical_premise_test_v3.py,1395,repeat,# Primary B0/B2/B3/B4 repeated CV.
scripts\04c_run_classical_premise_test_v3.py,1398,repeat,def run_primary_repeat(
scripts\04c_run_classical_premise_test_v3.py,1399,repeat,"repeat: int,"
scripts\04c_run_classical_premise_test_v3.py,1411,outer,outer = stratified_splits(
scripts\04c_run_classical_premise_test_v3.py,1413,outer,"OUTER_SPLITS,"
scripts\04c_run_classical_premise_test_v3.py,1414,repeat,"base_seed + repeat,"
scripts\04c_run_classical_premise_test_v3.py,1418,fold,fold_rows = []
scripts\04c_run_classical_premise_test_v3.py,1422,fold;outer;test_idx;train_idx,"for outer_fold, (train_idx, test_idx) in enumerate(outer):"
scripts\04c_run_classical_premise_test_v3.py,1423,fold;outer;repeat,inner_seed = base_seed + 1000 + repeat * 100 + outer_fold
scripts\04c_run_classical_premise_test_v3.py,1429,train_idx,"X_gene[train_idx],"
scripts\04c_run_classical_premise_test_v3.py,1430,train_idx,"y[train_idx],"
scripts\04c_run_classical_premise_test_v3.py,1431,train_idx,"event[train_idx],"
scripts\04c_run_classical_premise_test_v3.py,1442,repeat,"b0_audit[""repeat""] = repeat"
scripts\04c_run_classical_premise_test_v3.py,1443,fold;outer,"b0_audit[""outer_fold""] = outer_fold"
scripts\04c_run_classical_premise_test_v3.py,1450,train_idx,"X_gene[train_idx],"
scripts\04c_run_classical_premise_test_v3.py,1451,train_idx,"y[train_idx],"
scripts\04c_run_classical_premise_test_v3.py,1452,train_idx,"event[train_idx],"
scripts\04c_run_classical_premise_test_v3.py,1463,repeat,"b4_audit[""repeat""] = repeat"
scripts\04c_run_classical_premise_test_v3.py,1464,fold;outer,"b4_audit[""outer_fold""] = outer_fold"
scripts\04c_run_classical_premise_test_v3.py,1470,train_idx,).fit(X_gene[train_idx])
scripts\04c_run_classical_premise_test_v3.py,1472,train_idx,X_train_m = transformer.transform(X_gene[train_idx])
scripts\04c_run_classical_premise_test_v3.py,1473,test_idx,X_test_m = transformer.transform(X_gene[test_idx])
scripts\04c_run_classical_premise_test_v3.py,1478,train_idx,").fit(X_train_m, y[train_idx])"
scripts\04c_run_classical_premise_test_v3.py,1483,train_idx,").fit(X_train_m, y[train_idx])"
scripts\04c_run_classical_premise_test_v3.py,1522,fold,fold_c = safe_uno_c(
scripts\04c_run_classical_premise_test_v3.py,1523,train_idx,"y[train_idx],"
scripts\04c_run_classical_premise_test_v3.py,1524,test_idx,"y[test_idx],"
scripts\04c_run_classical_premise_test_v3.py,1528,fold,fold_rows.append(
scripts\04c_run_classical_premise_test_v3.py,1530,repeat,"""repeat"": repeat,"
scripts\04c_run_classical_premise_test_v3.py,1531,fold;outer,"""outer_fold"": outer_fold,"
scripts\04c_run_classical_premise_test_v3.py,1533,train_idx,"""n_train"": len(train_idx),"
scripts\04c_run_classical_premise_test_v3.py,1534,train_idx,"""events_train"": int(event[train_idx].sum()),"
scripts\04c_run_classical_premise_test_v3.py,1535,test_idx,"""n_test"": len(test_idx),"
scripts\04c_run_classical_premise_test_v3.py,1536,test_idx,"""events_test"": int(event[test_idx].sum()),"
scripts\04c_run_classical_premise_test_v3.py,1542,fold,"""fold_uno_c"": fold_c,"
scripts\04c_run_classical_premise_test_v3.py,1553,test_idx,"for local_idx, global_idx in enumerate(test_idx):"
scripts\04c_run_classical_premise_test_v3.py,1556,repeat,"""repeat"": repeat,"
scripts\04c_run_classical_premise_test_v3.py,1557,fold;outer,"""outer_fold"": outer_fold,"
scripts\04c_run_classical_premise_test_v3.py,1567,fold,# infeasible in a small held-out fold. No alternative grid is created.
scripts\04c_run_classical_premise_test_v3.py,1576,train_idx,"y[train_idx],"
scripts\04c_run_classical_premise_test_v3.py,1577,test_idx,"y[test_idx],"
scripts\04c_run_classical_premise_test_v3.py,1580,surv,b0_surv = b0.predict_survival_matrix(
scripts\04c_run_classical_premise_test_v3.py,1584,surv,b4_surv = b4.predict_survival_matrix(
scripts\04c_run_classical_premise_test_v3.py,1589,brier;integrated_brier,ibs_b0 = integrated_brier_custom(
scripts\04c_run_classical_premise_test_v3.py,1590,train_idx,"y[train_idx],"
scripts\04c_run_classical_premise_test_v3.py,1591,test_idx,"y[test_idx],"
scripts\04c_run_classical_premise_test_v3.py,1592,surv,"b0_surv,"
scripts\04c_run_classical_premise_test_v3.py,1595,brier;integrated_brier,ibs_b4 = integrated_brier_custom(
scripts\04c_run_classical_premise_test_v3.py,1596,train_idx,"y[train_idx],"
scripts\04c_run_classical_premise_test_v3.py,1597,test_idx,"y[test_idx],"
scripts\04c_run_classical_premise_test_v3.py,1598,surv,"b4_surv,"
scripts\04c_run_classical_premise_test_v3.py,1616,repeat,"""repeat"": repeat,"
scripts\04c_run_classical_premise_test_v3.py,1617,fold;outer,"""outer_fold"": outer_fold,"
scripts\04c_run_classical_premise_test_v3.py,1619,test_idx,"""n_test"": len(test_idx),"
scripts\04c_run_classical_premise_test_v3.py,1620,time_grid,"""time_grid_n"": grid_n,"
scripts\04c_run_classical_premise_test_v3.py,1621,time_grid,"""time_grid_min"": grid_min,"
scripts\04c_run_classical_premise_test_v3.py,1622,time_grid,"""time_grid_max"": grid_max,"
scripts\04c_run_classical_premise_test_v3.py,1628,repeat,"""repeat"": repeat,"
scripts\04c_run_classical_premise_test_v3.py,1629,fold;outer,"""outer_fold"": outer_fold,"
scripts\04c_run_classical_premise_test_v3.py,1631,test_idx,"""n_test"": len(test_idx),"
scripts\04c_run_classical_premise_test_v3.py,1632,time_grid,"""time_grid_n"": grid_n,"
scripts\04c_run_classical_premise_test_v3.py,1633,time_grid,"""time_grid_min"": grid_min,"
scripts\04c_run_classical_premise_test_v3.py,1634,time_grid,"""time_grid_max"": grid_max,"
scripts\04c_run_classical_premise_test_v3.py,1643,fold;outer;repeat,"f""    repeat {repeat+1:02d}/{OUTER_REPEATS}, fold {outer_fold+1}/5: """
scripts\04c_run_classical_premise_test_v3.py,1644,fold,"f""B0 C={model_risks and fold_rows[-4]['fold_uno_c']:.3f} """
scripts\04c_run_classical_premise_test_v3.py,1650,fold,"""folds"": pd.DataFrame(fold_rows),"
scripts\04c_run_classical_premise_test_v3.py,1736,repeat,# B1 repeated gene elastic-net.
scripts\04c_run_classical_premise_test_v3.py,1739,repeat,def run_B1_repeat(
scripts\04c_run_classical_premise_test_v3.py,1740,repeat,"repeat: int,"
scripts\04c_run_classical_premise_test_v3.py,1748,outer,outer = stratified_splits(
scripts\04c_run_classical_premise_test_v3.py,1750,outer,"OUTER_SPLITS,"
scripts\04c_run_classical_premise_test_v3.py,1751,repeat,"base_seed + repeat,"
scripts\04c_run_classical_premise_test_v3.py,1755,fold,fold_rows = []
scripts\04c_run_classical_premise_test_v3.py,1758,fold;outer;test_idx;train_idx,"for outer_fold, (train_idx, test_idx) in enumerate(outer):"
scripts\04c_run_classical_premise_test_v3.py,1759,fold;outer;repeat,inner_seed = base_seed + 1000 + repeat * 100 + outer_fold
scripts\04c_run_classical_premise_test_v3.py,1762,train_idx,"X_gene[train_idx],"
scripts\04c_run_classical_premise_test_v3.py,1763,train_idx,"y[train_idx],"
scripts\04c_run_classical_premise_test_v3.py,1764,train_idx,"event[train_idx],"
scripts\04c_run_classical_premise_test_v3.py,1770,repeat,"audit[""repeat""] = repeat"
scripts\04c_run_classical_premise_test_v3.py,1771,fold;outer,"audit[""outer_fold""] = outer_fold"
scripts\04c_run_classical_premise_test_v3.py,1774,train_idx,transformer = GeneTransformer().fit(X_gene[train_idx])
scripts\04c_run_classical_premise_test_v3.py,1775,train_idx,X_train = transformer.transform(X_gene[train_idx])
scripts\04c_run_classical_premise_test_v3.py,1776,test_idx,X_test = transformer.transform(X_gene[test_idx])
scripts\04c_run_classical_premise_test_v3.py,1778,train_idx,"model = fit_coxnet_path(X_train, y[train_idx], l1)"
scripts\04c_run_classical_premise_test_v3.py,1797,train_idx,"y[train_idx],"
scripts\04c_run_classical_premise_test_v3.py,1798,test_idx,"y[test_idx],"
scripts\04c_run_classical_premise_test_v3.py,1802,fold,fold_rows.append(
scripts\04c_run_classical_premise_test_v3.py,1804,repeat,"""repeat"": repeat,"
scripts\04c_run_classical_premise_test_v3.py,1805,fold;outer,"""outer_fold"": outer_fold,"
scripts\04c_run_classical_premise_test_v3.py,1806,train_idx,"""n_train"": len(train_idx),"
scripts\04c_run_classical_premise_test_v3.py,1807,train_idx,"""events_train"": int(event[train_idx].sum()),"
scripts\04c_run_classical_premise_test_v3.py,1808,test_idx,"""n_test"": len(test_idx),"
scripts\04c_run_classical_premise_test_v3.py,1809,test_idx,"""events_test"": int(event[test_idx].sum()),"
scripts\04c_run_classical_premise_test_v3.py,1814,fold,"""fold_uno_c"": c,"
scripts\04c_run_classical_premise_test_v3.py,1818,test_idx,"for local_idx, global_idx in enumerate(test_idx):"
scripts\04c_run_classical_premise_test_v3.py,1821,repeat,"""repeat"": repeat,"
scripts\04c_run_classical_premise_test_v3.py,1822,fold;outer,"""outer_fold"": outer_fold,"
scripts\04c_run_classical_premise_test_v3.py,1832,fold,"""folds"": pd.DataFrame(fold_rows),"
scripts\04c_run_classical_premise_test_v3.py,1904,repeat,def run_event_matched_repeat(
scripts\04c_run_classical_premise_test_v3.py,1905,repeat,"repeat: int,"
scripts\04c_run_classical_premise_test_v3.py,1920,outer;repeat,"outer_seed = int(protocol[""paired_human_evaluation""][""base_seed""]) + repeat"
scripts\04c_run_classical_premise_test_v3.py,1922,outer,outer = stratified_splits(
scripts\04c_run_classical_premise_test_v3.py,1924,outer,"OUTER_SPLITS,"
scripts\04c_run_classical_premise_test_v3.py,1925,outer,"outer_seed,"
scripts\04c_run_classical_premise_test_v3.py,1931,fold;outer;test_idx;train_idx,"for outer_fold, (train_idx, test_idx) in enumerate(outer):"
scripts\04c_run_classical_premise_test_v3.py,1932,train_idx,n_h = len(train_idx)
scripts\04c_run_classical_premise_test_v3.py,1933,train_idx,e_h = int(event_human[train_idx].sum())
scripts\04c_run_classical_premise_test_v3.py,1938,train_idx,).fit(X_human_gene[train_idx])
scripts\04c_run_classical_premise_test_v3.py,1940,train_idx,H_train = human_transformer.transform(X_human_gene[train_idx])
scripts\04c_run_classical_premise_test_v3.py,1941,test_idx,H_test = human_transformer.transform(X_human_gene[test_idx])
scripts\04c_run_classical_premise_test_v3.py,1943,fold;outer,for draw in range(EVENT_MATCHED_DRAWS_PER_OUTER_FOLD):
scripts\04c_run_classical_premise_test_v3.py,1946,repeat,+ repeat * 10000
scripts\04c_run_classical_premise_test_v3.py,1947,fold;outer,+ outer_fold * 100
scripts\04c_run_classical_premise_test_v3.py,1996,fold,fold_c = safe_uno_c(
scripts\04c_run_classical_premise_test_v3.py,1997,train_idx,"y_human[train_idx],"
scripts\04c_run_classical_premise_test_v3.py,1998,test_idx,"y_human[test_idx],"
scripts\04c_run_classical_premise_test_v3.py,2004,repeat,"""repeat"": repeat,"
scripts\04c_run_classical_premise_test_v3.py,2005,fold;outer,"""outer_fold"": outer_fold,"
scripts\04c_run_classical_premise_test_v3.py,2019,fold,"""fold_uno_c"": fold_c,"
scripts\04c_run_classical_premise_test_v3.py,2023,test_idx,"for local_idx, global_idx in enumerate(test_idx):"
scripts\04c_run_classical_premise_test_v3.py,2026,repeat,"""repeat"": repeat,"
scripts\04c_run_classical_premise_test_v3.py,2027,fold;outer,"""outer_fold"": outer_fold,"
scripts\04c_run_classical_premise_test_v3.py,2141,outer,"if int(paired[""outer_splits""]) != OUTER_SPLITS:"
scripts\04c_run_classical_premise_test_v3.py,2142,outer,"raise RuntimeError(""04b outer split count changed."")"
scripts\04c_run_classical_premise_test_v3.py,2143,outer;repeat,"if int(paired[""outer_repeats""]) != OUTER_REPEATS:"
scripts\04c_run_classical_premise_test_v3.py,2144,outer;repeat,"raise RuntimeError(""04b outer repeat count changed."")"
scripts\04c_run_classical_premise_test_v3.py,2293,os_event,"event = outcome[""os_event""].to_numpy(dtype=int).astype(bool)"
scripts\04c_run_classical_premise_test_v3.py,2295,surv,"y = make_surv(time_values, event)"
scripts\04c_run_classical_premise_test_v3.py,2299,outer,if len(class_counts) != 2 or min(class_counts.values()) < OUTER_SPLITS:
scripts\04c_run_classical_premise_test_v3.py,2301,fold,"f""GSE16091 cannot support frozen 5-fold stratification: {class_counts}"""
scripts\04c_run_classical_premise_test_v3.py,2377,censor,"""censored"": int((~event).sum()),"
scripts\04c_run_classical_premise_test_v3.py,2396,censor,"print(f""OS censored: {int((~event).sum())}"")"
scripts\04c_run_classical_premise_test_v3.py,2401,repeat,"# Primary B0/B2/B3/B4 stage, checkpointed per repeat."
scripts\04c_run_classical_premise_test_v3.py,2410,fold,"""folds"": [],"
scripts\04c_run_classical_premise_test_v3.py,2415,outer;repeat,for repeat in range(OUTER_REPEATS):
scripts\04c_run_classical_premise_test_v3.py,2416,repeat,cached = load_repeat_checkpoint(
scripts\04c_run_classical_premise_test_v3.py,2418,repeat,"repeat,"
scripts\04c_run_classical_premise_test_v3.py,2420,fold,"[""predictions"", ""folds"", ""tuning"", ""ibs""],"
scripts\04c_run_classical_premise_test_v3.py,2424,outer;repeat,"print(f""  primary repeat {repeat+1:02d}/{OUTER_REPEATS}: REUSED"")"
scripts\04c_run_classical_premise_test_v3.py,2427,outer;repeat,"print(f""  primary repeat {repeat+1:02d}/{OUTER_REPEATS}: RUNNING"")"
scripts\04c_run_classical_premise_test_v3.py,2428,repeat,result = run_primary_repeat(
scripts\04c_run_classical_premise_test_v3.py,2429,repeat,"repeat,"
scripts\04c_run_classical_premise_test_v3.py,2440,repeat,save_repeat_checkpoint(
scripts\04c_run_classical_premise_test_v3.py,2442,repeat,"repeat,"
scripts\04c_run_classical_premise_test_v3.py,2454,fold,primary_folds = pd.concat(
scripts\04c_run_classical_premise_test_v3.py,2455,fold,"primary_parts[""folds""],"
scripts\04c_run_classical_premise_test_v3.py,2467,repeat,# v1 validated repeats predate the explicit status columns; successful
scripts\04c_run_classical_premise_test_v3.py,2479,fold,"primary_folds.to_csv(PRIMARY_FOLDS, sep=""\t"", index=False)"
scripts\04c_run_classical_premise_test_v3.py,2483,outer;repeat,expected_pred_rows = EXPECTED_TARGET_N * OUTER_REPEATS * 4
scripts\04c_run_classical_premise_test_v3.py,2507,fold,unavailable_ibs_fold_keys = (
scripts\04c_run_classical_premise_test_v3.py,2510,fold;outer;repeat,"[""repeat"", ""outer_fold""],"
scripts\04c_run_classical_premise_test_v3.py,2513,fold;outer;repeat,".sort_values([""repeat"", ""outer_fold""])"
scripts\04c_run_classical_premise_test_v3.py,2515,fold,n_unavailable_ibs_folds = int(len(unavailable_ibs_fold_keys))
scripts\04c_run_classical_premise_test_v3.py,2516,fold,ibs_complete_for_primary = n_unavailable_ibs_folds == 0
scripts\04c_run_classical_premise_test_v3.py,2518,fold,# Feasible-fold summaries are retained for transparency only when the
scripts\04c_run_classical_premise_test_v3.py,2625,fold,"""n_unavailable_primary_IBS_folds"": n_unavailable_ibs_folds,"
scripts\04c_run_classical_premise_test_v3.py,2626,fold,"""unavailable_IBS_fold_keys"": unavailable_ibs_fold_keys.to_dict(orient=""records""),"
scripts\04c_run_classical_premise_test_v3.py,2627,fold,"""feasible_fold_weighted_mean_IBS_B0_descriptive_only"": ("
scripts\04c_run_classical_premise_test_v3.py,2630,fold,"""feasible_fold_weighted_mean_IBS_B4_descriptive_only"": ("
scripts\04c_run_classical_premise_test_v3.py,2633,fold,"""feasible_fold_delta_IBS_descriptive_only"": ("
scripts\04c_run_classical_premise_test_v3.py,2666,fold;outer,"f""({n_unavailable_ibs_folds} outer fold(s) unavailable)"""
scripts\04c_run_classical_premise_test_v3.py,2670,fold,"""Feasible-fold delta IBS: """
scripts\04c_run_classical_premise_test_v3.py,2693,fold,"""folds"": [],"
scripts\04c_run_classical_premise_test_v3.py,2697,outer;repeat,for repeat in range(OUTER_REPEATS):
scripts\04c_run_classical_premise_test_v3.py,2698,repeat,cached = load_repeat_checkpoint(
scripts\04c_run_classical_premise_test_v3.py,2700,repeat,"repeat,"
scripts\04c_run_classical_premise_test_v3.py,2702,fold,"[""predictions"", ""folds"", ""tuning""],"
scripts\04c_run_classical_premise_test_v3.py,2706,outer;repeat,"print(f""  B1 repeat {repeat+1:02d}/{OUTER_REPEATS}: REUSED"")"
scripts\04c_run_classical_premise_test_v3.py,2709,outer;repeat,"print(f""  B1 repeat {repeat+1:02d}/{OUTER_REPEATS}: RUNNING"")"
scripts\04c_run_classical_premise_test_v3.py,2710,repeat,result = run_B1_repeat(
scripts\04c_run_classical_premise_test_v3.py,2711,repeat,"repeat,"
scripts\04c_run_classical_premise_test_v3.py,2718,repeat,save_repeat_checkpoint(
scripts\04c_run_classical_premise_test_v3.py,2720,repeat,"repeat,"
scripts\04c_run_classical_premise_test_v3.py,2732,fold,b1_folds = pd.concat(
scripts\04c_run_classical_premise_test_v3.py,2733,fold,"b1_parts[""folds""],"
scripts\04c_run_classical_premise_test_v3.py,2742,fold,"b1_folds.to_csv(B1_FOLDS, sep=""\t"", index=False)"
scripts\04c_run_classical_premise_test_v3.py,2788,outer;repeat,for repeat in range(OUTER_REPEATS):
scripts\04c_run_classical_premise_test_v3.py,2789,repeat,cached = load_repeat_checkpoint(
scripts\04c_run_classical_premise_test_v3.py,2791,repeat,"repeat,"
scripts\04c_run_classical_premise_test_v3.py,2798,outer;repeat,"f""  event-matched repeat {repeat+1:02d}/{OUTER_REPEATS}: REUSED"""
scripts\04c_run_classical_premise_test_v3.py,2803,outer;repeat,"f""  event-matched repeat {repeat+1:02d}/{OUTER_REPEATS}: RUNNING"""
scripts\04c_run_classical_premise_test_v3.py,2805,repeat,result = run_event_matched_repeat(
scripts\04c_run_classical_premise_test_v3.py,2806,repeat,"repeat,"
scripts\04c_run_classical_premise_test_v3.py,2818,repeat,save_repeat_checkpoint(
scripts\04c_run_classical_premise_test_v3.py,2820,repeat,"repeat,"
scripts\04c_run_classical_premise_test_v3.py,2840,repeat,# Consensus prediction averages over 50 DOG draws and 20 repeats.
scripts\04c_run_classical_premise_test_v3.py,2861,fold;outer,"""draws_per_outer_fold"": EVENT_MATCHED_DRAWS_PER_OUTER_FOLD,"
scripts\04c_run_classical_premise_test_v3.py,2936,repeat,"""Implementation-only fix after all 20 event-matched repeat checkpoints """
scripts\04c_run_classical_premise_test_v3.py,2944,censor,"""censored"": int((~event).sum()),"
scripts\04c_run_classical_premise_test_v3.py,2975,fold,"PRIMARY_FOLDS,"
scripts\04c_run_classical_premise_test_v3.py,3000,repeat,"""repeat checkpoints are reused only with the unchanged 04b protocol SHA256."""
scripts\04c_run_classical_premise_test_v3.py,3007,censor,"""target_censored"": int((~event).sum()),"
scripts\04c_run_classical_premise_test_v3.py,3024,fold,"""n_unavailable_primary_IBS_folds"": n_unavailable_ibs_folds,"
scripts\04c_run_classical_premise_test_v3.py,3026,fold,"""feasible_fold_delta_IBS_descriptive_only"": ("
scripts\04c_run_classical_premise_test_v3.py,3071,fold,"f""[{n_unavailable_ibs_folds} fold(s) insufficient support]"""
scripts\04c_run_classical_premise_test_v3.py,3075,fold,"f""  feasible-fold delta IBS:            {delta_ibs_descriptive:+.5f} """
