scenario_id,regime,transfer_regime,replicates,model,mean_uno_c,mean_delta_c_vs_B0,negative_transfer_rate,catastrophic_negative_transfer_rate,frozen_role,eligible_for_primary_selection
CORE_0000,R0,R0_FULLY_TRANSPORTABLE,200,A0,0.5406329101,-0.000351737788,0,0,frozen non-selectable comparator,False
CORE_0000,R0,R0_FULLY_TRANSPORTABLE,200,A1,0.5702227041,0.02923805366,0.27,0.265,frozen non-selectable comparator,False
CORE_0000,R0,R0_FULLY_TRANSPORTABLE,200,A2,0.5641122292,0.02312757905,0.24,0.15,frozen selectable architecture,True
CORE_0000,R0,R0_FULLY_TRANSPORTABLE,200,A3,0.6305108522,0.089526203,0.01,0,frozen selectable architecture,True
CORE_0000,R0,R0_FULLY_TRANSPORTABLE,200,A4,0.6246509312,0.08366628154,0.005,0,frozen non-selectable comparator,False
CORE_0000,R0,R0_FULLY_TRANSPORTABLE,200,B0,0.5409846476,0,0,0,frozen target-only reference,False
CORE_0000,R0,R0_FULLY_TRANSPORTABLE,200,B4,0.6179461981,0.07696155076,0,0,frozen non-selectable comparator,False
CORE_0001,R1,R1_MOSTLY_TRANSPORTABLE,200,A0,0.532042709,0.0001158561536,0,0,frozen non-selectable comparator,False
CORE_0001,R1,R1_MOSTLY_TRANSPORTABLE,200,A1,0.5392933263,0.00736647489,0.325,0.27,frozen non-selectable comparator,False
CORE_0001,R1,R1_MOSTLY_TRANSPORTABLE,200,A2,0.5434513421,0.01152448864,0.225,0.13,frozen selectable architecture,True
CORE_0001,R1,R1_MOSTLY_TRANSPORTABLE,200,A3,0.5998750216,0.06794816927,0.01,0,frozen selectable architecture,True
CORE_0001,R1,R1_MOSTLY_TRANSPORTABLE,200,A4,0.5881350929,0.05620823897,0.005,0,frozen non-selectable comparator,False
CORE_0001,R1,R1_MOSTLY_TRANSPORTABLE,200,B0,0.5319268507,0,0,0,frozen target-only reference,False
CORE_0001,R1,R1_MOSTLY_TRANSPORTABLE,200,B4,0.5854891436,0.05356229039,0,0,frozen non-selectable comparator,False
CORE_0002,R2,R2_PARTIALLY_TRANSPORTABLE,200,A0,0.512577603,-0.0006109601638,0,0,frozen non-selectable comparator,False
CORE_0002,R2,R2_PARTIALLY_TRANSPORTABLE,200,A1,0.5055399227,-0.007648639674,0.41,0.23,frozen non-selectable comparator,False
CORE_0002,R2,R2_PARTIALLY_TRANSPORTABLE,200,A2,0.5110502174,-0.002138347796,0.34,0.115,frozen selectable architecture,True
CORE_0002,R2,R2_PARTIALLY_TRANSPORTABLE,200,A3,0.5510392115,0.03785064711,0.04,0,frozen selectable architecture,True
CORE_0002,R2,R2_PARTIALLY_TRANSPORTABLE,200,A4,0.535063131,0.02187456858,0.09,0.005,frozen non-selectable comparator,False
CORE_0002,R2,R2_PARTIALLY_TRANSPORTABLE,200,B0,0.5131885633,0,0,0,frozen target-only reference,False
CORE_0002,R2,R2_PARTIALLY_TRANSPORTABLE,200,B4,0.5342072907,0.02101872717,0.01,0,frozen non-selectable comparator,False
CORE_0003,R3,R3_WEAKLY_TRANSPORTABLE,200,A0,0.5134550932,0.0002868110667,0,0,frozen non-selectable comparator,False
CORE_0003,R3,R3_WEAKLY_TRANSPORTABLE,200,A1,0.5073204461,-0.005847837982,0.365,0.135,frozen non-selectable comparator,False
CORE_0003,R3,R3_WEAKLY_TRANSPORTABLE,200,A2,0.5077400726,-0.005428209518,0.345,0.145,frozen selectable architecture,True
CORE_0003,R3,R3_WEAKLY_TRANSPORTABLE,200,A3,0.5108712435,-0.00229704124,0.25,0.07,frozen selectable architecture,True
CORE_0003,R3,R3_WEAKLY_TRANSPORTABLE,200,A4,0.4917402019,-0.02142807992,0.51,0.13,frozen non-selectable comparator,False
CORE_0003,R3,R3_WEAKLY_TRANSPORTABLE,200,B0,0.5131682838,0,0,0,frozen target-only reference,False
CORE_0003,R3,R3_WEAKLY_TRANSPORTABLE,200,B4,0.4957974839,-0.01737079883,0.415,0.06,frozen non-selectable comparator,False
CORE_0004,R4,R4_NONTRANSPORTABLE,200,A0,0.5332533689,0.0009201834925,0,0,frozen non-selectable comparator,False
CORE_0004,R4,R4_NONTRANSPORTABLE,200,A1,0.5440008761,0.01166769117,0.275,0.22,frozen non-selectable comparator,False
CORE_0004,R4,R4_NONTRANSPORTABLE,200,A2,0.5309421009,-0.001391085635,0.37,0.235,frozen selectable architecture,True
CORE_0004,R4,R4_NONTRANSPORTABLE,200,A3,0.470895234,-0.061437951,0.875,0.595,frozen selectable architecture,True
CORE_0004,R4,R4_NONTRANSPORTABLE,200,A4,0.4621736358,-0.07015954923,0.945,0.705,frozen non-selectable comparator,False
CORE_0004,R4,R4_NONTRANSPORTABLE,200,B0,0.5323331851,0,0,0,frozen target-only reference,False
CORE_0004,R4,R4_NONTRANSPORTABLE,200,B4,0.4758606139,-0.05647257175,0.955,0.55,frozen non-selectable comparator,False
CORE_0005,R5,R5_MISLEADING_SOURCE,200,A0,0.5435984954,-0.0003984809995,0,0,frozen non-selectable comparator,False
CORE_0005,R5,R5_MISLEADING_SOURCE,200,A1,0.6117519055,0.06775493044,0.145,0.135,frozen non-selectable comparator,False
CORE_0005,R5,R5_MISLEADING_SOURCE,200,A2,0.5841668403,0.04016986583,0.18,0.13,frozen selectable architecture,True
CORE_0005,R5,R5_MISLEADING_SOURCE,200,A3,0.4400703394,-0.1039266348,0.975,0.915,frozen selectable architecture,True
CORE_0005,R5,R5_MISLEADING_SOURCE,200,A4,0.4200845085,-0.1239124679,0.99,0.97,frozen non-selectable comparator,False
CORE_0005,R5,R5_MISLEADING_SOURCE,200,B0,0.5439969742,0,0,0,frozen target-only reference,False
CORE_0005,R5,R5_MISLEADING_SOURCE,200,B4,0.4454529858,-0.09854398923,1,0.955,frozen non-selectable comparator,False
CORE_0006,R0,R0_FULLY_TRANSPORTABLE,200,A0,0.559901019,-0.0001911453509,0,0,frozen non-selectable comparator,False
CORE_0006,R0,R0_FULLY_TRANSPORTABLE,200,A1,0.6026322412,0.04254007882,0.16,0.145,frozen non-selectable comparator,False
CORE_0006,R0,R0_FULLY_TRANSPORTABLE,200,A2,0.6057616483,0.04566948478,0.12,0.06,frozen selectable architecture,True
CORE_0006,R0,R0_FULLY_TRANSPORTABLE,200,A3,0.6255525601,0.06546039718,0.005,0,frozen selectable architecture,True
CORE_0006,R0,R0_FULLY_TRANSPORTABLE,200,A4,0.6278129047,0.06772074317,0,0,frozen non-selectable comparator,False
CORE_0006,R0,R0_FULLY_TRANSPORTABLE,200,B0,0.5600921628,0,0,0,frozen target-only reference,False
CORE_0006,R0,R0_FULLY_TRANSPORTABLE,200,B4,0.6054242183,0.04533205338,0,0,frozen non-selectable comparator,False
CORE_0007,R1,R1_MOSTLY_TRANSPORTABLE,200,A0,0.5363638173,0.000562740335,0,0,frozen non-selectable comparator,False
CORE_0007,R1,R1_MOSTLY_TRANSPORTABLE,200,A1,0.538775744,0.002974667187,0.33,0.29,frozen non-selectable comparator,False
CORE_0007,R1,R1_MOSTLY_TRANSPORTABLE,200,A2,0.5589458157,0.02314473725,0.18,0.07,frozen selectable architecture,True
CORE_0007,R1,R1_MOSTLY_TRANSPORTABLE,200,A3,0.5940046415,0.05820356272,0.015,0,frozen selectable architecture,True
CORE_0007,R1,R1_MOSTLY_TRANSPORTABLE,200,A4,0.5840248521,0.04822377348,0.005,0,frozen non-selectable comparator,False
CORE_0007,R1,R1_MOSTLY_TRANSPORTABLE,200,B0,0.5358010766,0,0,0,frozen target-only reference,False
CORE_0007,R1,R1_MOSTLY_TRANSPORTABLE,200,B4,0.5667836797,0.03098260219,0,0,frozen non-selectable comparator,False
CORE_0008,R2,R2_PARTIALLY_TRANSPORTABLE,200,A0,0.5132338355,-5.643903047e-05,0,0,frozen non-selectable comparator,False
CORE_0008,R2,R2_PARTIALLY_TRANSPORTABLE,200,A1,0.4999889086,-0.01330136613,0.475,0.25,frozen non-selectable comparator,False
CORE_0008,R2,R2_PARTIALLY_TRANSPORTABLE,200,A2,0.5131889768,-0.0001012976447,0.3,0.085,frozen selectable architecture,True
CORE_0008,R2,R2_PARTIALLY_TRANSPORTABLE,200,A3,0.5457659261,0.03247565274,0.03,0.005,frozen selectable architecture,True
CORE_0008,R2,R2_PARTIALLY_TRANSPORTABLE,200,A4,0.5320913792,0.01880110521,0.075,0.015,frozen non-selectable comparator,False
CORE_0008,R2,R2_PARTIALLY_TRANSPORTABLE,200,B0,0.513290275,0,0,0,frozen target-only reference,False
CORE_0008,R2,R2_PARTIALLY_TRANSPORTABLE,200,B4,0.525857572,0.01256729689,0.01,0,frozen non-selectable comparator,False
CORE_0009,R3,R3_WEAKLY_TRANSPORTABLE,200,A0,0.5207396968,0.0001712574874,0,0,frozen non-selectable comparator,False
CORE_0009,R3,R3_WEAKLY_TRANSPORTABLE,200,A1,0.5188818955,-0.001686543324,0.335,0.14,frozen non-selectable comparator,False
CORE_0009,R3,R3_WEAKLY_TRANSPORTABLE,200,A2,0.5132867497,-0.007281689676,0.325,0.135,frozen selectable architecture,True
CORE_0009,R3,R3_WEAKLY_TRANSPORTABLE,200,A3,0.5168687598,-0.003699678536,0.31,0.015,frozen selectable architecture,True
CORE_0009,R3,R3_WEAKLY_TRANSPORTABLE,200,A4,0.4978068227,-0.02276161426,0.525,0.185,frozen non-selectable comparator,False
CORE_0009,R3,R3_WEAKLY_TRANSPORTABLE,200,B0,0.5205684388,0,0,0,frozen target-only reference,False
CORE_0009,R3,R3_WEAKLY_TRANSPORTABLE,200,B4,0.5104719539,-0.01009648581,0.235,0,frozen non-selectable comparator,False
CORE_0010,R4,R4_NONTRANSPORTABLE,200,A0,0.5423395008,0.0003030547565,0,0,frozen non-selectable comparator,False
CORE_0010,R4,R4_NONTRANSPORTABLE,200,A1,0.5738428295,0.03180638218,0.125,0.075,frozen non-selectable comparator,False
CORE_0010,R4,R4_NONTRANSPORTABLE,200,A2,0.5475892098,0.005552760756,0.285,0.15,frozen selectable architecture,True
CORE_0010,R4,R4_NONTRANSPORTABLE,200,A3,0.4990242697,-0.04301217414,0.84,0.35,frozen selectable architecture,True
CORE_0010,R4,R4_NONTRANSPORTABLE,200,A4,0.475824264,-0.06621218226,0.955,0.73,frozen non-selectable comparator,False
CORE_0010,R4,R4_NONTRANSPORTABLE,200,B0,0.5420364445,0,0,0,frozen target-only reference,False
CORE_0010,R4,R4_NONTRANSPORTABLE,200,B4,0.5094630323,-0.03257341377,0.875,0.105,frozen non-selectable comparator,False
CORE_0011,R5,R5_MISLEADING_SOURCE,200,A0,0.5681434363,-0.0002946549498,0,0,frozen non-selectable comparator,False
CORE_0011,R5,R5_MISLEADING_SOURCE,200,A1,0.6465443534,0.07810626107,0.045,0.035,frozen non-selectable comparator,False
CORE_0011,R5,R5_MISLEADING_SOURCE,200,A2,0.6190596907,0.05062160075,0.11,0.065,frozen selectable architecture,True
CORE_0011,R5,R5_MISLEADING_SOURCE,200,A3,0.4896720478,-0.07876604253,0.985,0.84,frozen selectable architecture,True
CORE_0011,R5,R5_MISLEADING_SOURCE,200,A4,0.4554239345,-0.1130141577,1,0.975,frozen non-selectable comparator,False
CORE_0011,R5,R5_MISLEADING_SOURCE,200,B0,0.5684380931,0,0,0,frozen target-only reference,False
CORE_0011,R5,R5_MISLEADING_SOURCE,200,B4,0.5097068539,-0.05873123586,0.995,0.66,frozen non-selectable comparator,False
CORE_0012,R0,R0_FULLY_TRANSPORTABLE,200,A0,0.5726583374,-0.000444336734,0,0,frozen non-selectable comparator,False
CORE_0012,R0,R0_FULLY_TRANSPORTABLE,200,A1,0.6070372009,0.03393452624,0.175,0.155,frozen non-selectable comparator,False
CORE_0012,R0,R0_FULLY_TRANSPORTABLE,200,A2,0.6183208477,0.04521817225,0.09,0.045,frozen selectable architecture,True
CORE_0012,R0,R0_FULLY_TRANSPORTABLE,200,A3,0.6256050014,0.0525023283,0.015,0,frozen selectable architecture,True
CORE_0012,R0,R0_FULLY_TRANSPORTABLE,200,A4,0.6306460965,0.05754342305,0,0,frozen non-selectable comparator,False
CORE_0012,R0,R0_FULLY_TRANSPORTABLE,200,B0,0.5731026742,0,0,0,frozen target-only reference,False
CORE_0012,R0,R0_FULLY_TRANSPORTABLE,200,B4,0.605332991,0.03223031804,0,0,frozen non-selectable comparator,False
CORE_0013,R1,R1_MOSTLY_TRANSPORTABLE,200,A0,0.544734264,0.0002300123311,0,0,frozen non-selectable comparator,False
CORE_0013,R1,R1_MOSTLY_TRANSPORTABLE,200,A1,0.5401882412,-0.004316008304,0.34,0.295,frozen non-selectable comparator,False
CORE_0013,R1,R1_MOSTLY_TRANSPORTABLE,200,A2,0.5677537352,0.02324948583,0.165,0.09,frozen selectable architecture,True
CORE_0013,R1,R1_MOSTLY_TRANSPORTABLE,200,A3,0.5914278266,0.04692357505,0.015,0,frozen selectable architecture,True
CORE_0013,R1,R1_MOSTLY_TRANSPORTABLE,200,A4,0.5869060545,0.04240180263,0.01,0,frozen non-selectable comparator,False
CORE_0013,R1,R1_MOSTLY_TRANSPORTABLE,200,B0,0.5445042463,0,0,0,frozen target-only reference,False
CORE_0013,R1,R1_MOSTLY_TRANSPORTABLE,200,B4,0.5684735535,0.02396930292,0,0,frozen non-selectable comparator,False
CORE_0014,R2,R2_PARTIALLY_TRANSPORTABLE,200,A0,0.5207737,-8.557462525e-06,0,0,frozen non-selectable comparator,False
CORE_0014,R2,R2_PARTIALLY_TRANSPORTABLE,200,A1,0.501505474,-0.01927678555,0.525,0.28,frozen non-selectable comparator,False
CORE_0014,R2,R2_PARTIALLY_TRANSPORTABLE,200,A2,0.5202265635,-0.0005556956296,0.335,0.07,frozen selectable architecture,True
CORE_0014,R2,R2_PARTIALLY_TRANSPORTABLE,200,A3,0.5468785252,0.02609626444,0.05,0,frozen selectable architecture,True
CORE_0014,R2,R2_PARTIALLY_TRANSPORTABLE,200,A4,0.5360626005,0.01528034071,0.105,0.005,frozen non-selectable comparator,False
CORE_0014,R2,R2_PARTIALLY_TRANSPORTABLE,200,B0,0.5207822615,0,0,0,frozen target-only reference,False
CORE_0014,R2,R2_PARTIALLY_TRANSPORTABLE,200,B4,0.5299534148,0.009171154454,0.005,0,frozen non-selectable comparator,False
CORE_0015,R3,R3_WEAKLY_TRANSPORTABLE,200,A0,0.5291847321,-0.0001499350237,0,0,frozen non-selectable comparator,False
CORE_0015,R3,R3_WEAKLY_TRANSPORTABLE,200,A1,0.5208714278,-0.008463239369,0.39,0.145,frozen non-selectable comparator,False
CORE_0015,R3,R3_WEAKLY_TRANSPORTABLE,200,A2,0.5181669918,-0.01116767632,0.385,0.145,frozen selectable architecture,True
CORE_0015,R3,R3_WEAKLY_TRANSPORTABLE,200,A3,0.5232966806,-0.006037985908,0.255,0.045,frozen selectable architecture,True
CORE_0015,R3,R3_WEAKLY_TRANSPORTABLE,200,A4,0.5077857326,-0.02154893613,0.535,0.1,frozen non-selectable comparator,False
CORE_0015,R3,R3_WEAKLY_TRANSPORTABLE,200,B0,0.5293346699,0,0,0,frozen target-only reference,False
CORE_0015,R3,R3_WEAKLY_TRANSPORTABLE,200,B4,0.5210621983,-0.008272468801,0.105,0.005,frozen non-selectable comparator,False
CORE_0016,R4,R4_NONTRANSPORTABLE,200,A0,0.5507679647,0.0003372188147,0,0,frozen non-selectable comparator,False
CORE_0016,R4,R4_NONTRANSPORTABLE,200,A1,0.579137564,0.02870681854,0.125,0.025,frozen non-selectable comparator,False
CORE_0016,R4,R4_NONTRANSPORTABLE,200,A2,0.5518570116,0.001426265921,0.355,0.125,frozen selectable architecture,True
CORE_0016,R4,R4_NONTRANSPORTABLE,200,A3,0.5115361738,-0.03889457231,0.81,0.305,frozen selectable architecture,True
CORE_0016,R4,R4_NONTRANSPORTABLE,200,A4,0.4896668379,-0.06076390661,0.92,0.63,frozen non-selectable comparator,False
CORE_0016,R4,R4_NONTRANSPORTABLE,200,B0,0.5504307441,0,0,0,frozen target-only reference,False
CORE_0016,R4,R4_NONTRANSPORTABLE,200,B4,0.5260185944,-0.02441215156,0.655,0.02,frozen non-selectable comparator,False
CORE_0017,R5,R5_MISLEADING_SOURCE,200,A0,0.5814507909,9.246181682e-05,0,0,frozen non-selectable comparator,False
CORE_0017,R5,R5_MISLEADING_SOURCE,200,A1,0.6605041818,0.07914585334,0.03,0.025,frozen non-selectable comparator,False
CORE_0017,R5,R5_MISLEADING_SOURCE,200,A2,0.6367406556,0.05538233005,0.065,0.03,frozen selectable architecture,True
CORE_0017,R5,R5_MISLEADING_SOURCE,200,A3,0.5183508131,-0.06300751418,0.95,0.66,frozen selectable architecture,True
CORE_0017,R5,R5_MISLEADING_SOURCE,200,A4,0.4779100198,-0.1034483078,1,0.975,frozen non-selectable comparator,False
CORE_0017,R5,R5_MISLEADING_SOURCE,200,B0,0.5813583277,0,0,0,frozen target-only reference,False
CORE_0017,R5,R5_MISLEADING_SOURCE,200,B4,0.5386113174,-0.04274701011,0.985,0.3,frozen non-selectable comparator,False
CORE_0018,R0,R0_FULLY_TRANSPORTABLE,200,A0,0.5818033044,0.000264871277,0,0,frozen non-selectable comparator,False
CORE_0018,R0,R0_FULLY_TRANSPORTABLE,200,A1,0.6091503181,0.02761188559,0.15,0.135,frozen non-selectable comparator,False
CORE_0018,R0,R0_FULLY_TRANSPORTABLE,200,A2,0.6262334034,0.04469497055,0.065,0.02,frozen selectable architecture,True
CORE_0018,R0,R0_FULLY_TRANSPORTABLE,200,A3,0.618797237,0.03725880204,0.03,0.01,frozen selectable architecture,True
CORE_0018,R0,R0_FULLY_TRANSPORTABLE,200,A4,0.6274980494,0.04595961634,0,0,frozen non-selectable comparator,False
CORE_0018,R0,R0_FULLY_TRANSPORTABLE,200,B0,0.5815384354,0,0,0,frozen target-only reference,False
CORE_0018,R0,R0_FULLY_TRANSPORTABLE,200,B4,0.6047557695,0.02321733601,0,0,frozen non-selectable comparator,False
CORE_0019,R1,R1_MOSTLY_TRANSPORTABLE,200,A0,0.5503429034,-0.000350745383,0,0,frozen non-selectable comparator,False
CORE_0019,R1,R1_MOSTLY_TRANSPORTABLE,200,A1,0.55061865,-7.500084292e-05,0.295,0.24,frozen non-selectable comparator,False
CORE_0019,R1,R1_MOSTLY_TRANSPORTABLE,200,A2,0.5772947329,0.02660108523,0.13,0.06,frozen selectable architecture,True
CORE_0019,R1,R1_MOSTLY_TRANSPORTABLE,200,A3,0.5891953382,0.03850168883,0.025,0,frozen selectable architecture,True
CORE_0019,R1,R1_MOSTLY_TRANSPORTABLE,200,A4,0.5875956996,0.03690205219,0.005,0,frozen non-selectable comparator,False
CORE_0019,R1,R1_MOSTLY_TRANSPORTABLE,200,B0,0.550693648,0,0,0,frozen target-only reference,False
CORE_0019,R1,R1_MOSTLY_TRANSPORTABLE,200,B4,0.5685282715,0.01783462017,0,0,frozen non-selectable comparator,False
CORE_0020,R2,R2_PARTIALLY_TRANSPORTABLE,200,A0,0.5242503655,-0.000298166052,0,0,frozen non-selectable comparator,False
CORE_0020,R2,R2_PARTIALLY_TRANSPORTABLE,200,A1,0.5091603087,-0.01538822503,0.465,0.295,frozen non-selectable comparator,False
CORE_0020,R2,R2_PARTIALLY_TRANSPORTABLE,200,A2,0.5247664273,0.0002178938814,0.29,0.11,frozen selectable architecture,True
CORE_0020,R2,R2_PARTIALLY_TRANSPORTABLE,200,A3,0.5482814085,0.02373287495,0.06,0,frozen selectable architecture,True
CORE_0020,R2,R2_PARTIALLY_TRANSPORTABLE,200,A4,0.5392055096,0.0146569743,0.075,0.005,frozen non-selectable comparator,False
CORE_0020,R2,R2_PARTIALLY_TRANSPORTABLE,200,B0,0.5245485328,0,0,0,frozen target-only reference,False
CORE_0020,R2,R2_PARTIALLY_TRANSPORTABLE,200,B4,0.531170812,0.006622276809,0,0,frozen non-selectable comparator,False
CORE_0021,R3,R3_WEAKLY_TRANSPORTABLE,200,A0,0.5348291002,3.707675299e-05,0,0,frozen non-selectable comparator,False
CORE_0021,R3,R3_WEAKLY_TRANSPORTABLE,200,A1,0.5227624546,-0.01202956716,0.43,0.155,frozen non-selectable comparator,False
CORE_0021,R3,R3_WEAKLY_TRANSPORTABLE,200,A2,0.5204277392,-0.01436428274,0.45,0.165,frozen selectable architecture,True
CORE_0021,R3,R3_WEAKLY_TRANSPORTABLE,200,A3,0.5266204908,-0.008171533497,0.325,0.035,frozen selectable architecture,True
CORE_0021,R3,R3_WEAKLY_TRANSPORTABLE,200,A4,0.513254904,-0.02153711983,0.535,0.14,frozen non-selectable comparator,False
CORE_0021,R3,R3_WEAKLY_TRANSPORTABLE,200,B0,0.5347920269,0,0,0,frozen target-only reference,False
CORE_0021,R3,R3_WEAKLY_TRANSPORTABLE,200,B4,0.5277186888,-0.007073334945,0.08,0,frozen non-selectable comparator,False
CORE_0022,R4,R4_NONTRANSPORTABLE,200,A0,0.5586396936,1.71039051e-05,0,0,frozen non-selectable comparator,False
CORE_0022,R4,R4_NONTRANSPORTABLE,200,A1,0.5851126339,0.0264900441,0.165,0.04,frozen non-selectable comparator,False
CORE_0022,R4,R4_NONTRANSPORTABLE,200,A2,0.5686280419,0.01000545251,0.27,0.09,frozen selectable architecture,True
CORE_0022,R4,R4_NONTRANSPORTABLE,200,A3,0.5242877294,-0.03433485954,0.69,0.23,frozen selectable architecture,True
CORE_0022,R4,R4_NONTRANSPORTABLE,200,A4,0.5007726429,-0.05784994724,0.91,0.61,frozen non-selectable comparator,False
CORE_0022,R4,R4_NONTRANSPORTABLE,200,B0,0.5586225903,0,0,0,frozen target-only reference,False
CORE_0022,R4,R4_NONTRANSPORTABLE,200,B4,0.5389137532,-0.01970883441,0.445,0.005,frozen non-selectable comparator,False
CORE_0023,R5,R5_MISLEADING_SOURCE,200,A0,0.5902171203,0.000164055738,0,0,frozen non-selectable comparator,False
CORE_0023,R5,R5_MISLEADING_SOURCE,200,A1,0.659490566,0.06943749935,0.005,0,frozen non-selectable comparator,False
CORE_0023,R5,R5_MISLEADING_SOURCE,200,A2,0.643570783,0.0535177182,0.045,0.02,frozen selectable architecture,True
CORE_0023,R5,R5_MISLEADING_SOURCE,200,A3,0.5331266136,-0.05692645435,0.925,0.56,frozen selectable architecture,True
CORE_0023,R5,R5_MISLEADING_SOURCE,200,A4,0.4961984839,-0.09385458304,1,0.905,frozen non-selectable comparator,False
CORE_0023,R5,R5_MISLEADING_SOURCE,200,B0,0.5900530663,0,0,0,frozen target-only reference,False
CORE_0023,R5,R5_MISLEADING_SOURCE,200,B4,0.5568375912,-0.0332154751,0.875,0.08,frozen non-selectable comparator,False
CORE_0024,R0,R0_FULLY_TRANSPORTABLE,200,A0,0.5867489402,0.00111434194,0.005,0,frozen non-selectable comparator,False
CORE_0024,R0,R0_FULLY_TRANSPORTABLE,200,A1,0.610781242,0.02514664457,0.16,0.135,frozen non-selectable comparator,False
CORE_0024,R0,R0_FULLY_TRANSPORTABLE,200,A2,0.6367585294,0.05112393208,0.045,0.005,frozen selectable architecture,True
CORE_0024,R0,R0_FULLY_TRANSPORTABLE,200,A3,0.627298393,0.04166379555,0.04,0,frozen selectable architecture,True
CORE_0024,R0,R0_FULLY_TRANSPORTABLE,200,A4,0.6324185613,0.04678396605,0.01,0,frozen non-selectable comparator,False
CORE_0024,R0,R0_FULLY_TRANSPORTABLE,200,B0,0.5856345966,0,0,0,frozen target-only reference,False
CORE_0024,R0,R0_FULLY_TRANSPORTABLE,200,B4,0.6016771311,0.01604253466,0,0,frozen non-selectable comparator,False
CORE_0025,R1,R1_MOSTLY_TRANSPORTABLE,200,A0,0.5525702359,0.001035284647,0,0,frozen non-selectable comparator,False
CORE_0025,R1,R1_MOSTLY_TRANSPORTABLE,200,A1,0.5502598001,-0.00127514885,0.355,0.275,frozen non-selectable comparator,False
CORE_0025,R1,R1_MOSTLY_TRANSPORTABLE,200,A2,0.588229461,0.03669451096,0.1,0.025,frozen selectable architecture,True
CORE_0025,R1,R1_MOSTLY_TRANSPORTABLE,200,A3,0.5848096369,0.03327468677,0.03,0.005,frozen selectable architecture,True
CORE_0025,R1,R1_MOSTLY_TRANSPORTABLE,200,A4,0.5854283157,0.03389336547,0.01,0,frozen non-selectable comparator,False
CORE_0025,R1,R1_MOSTLY_TRANSPORTABLE,200,B0,0.5515349486,0,0,0,frozen target-only reference,False
CORE_0025,R1,R1_MOSTLY_TRANSPORTABLE,200,B4,0.5628280488,0.01129309888,0,0,frozen non-selectable comparator,False
CORE_0026,R2,R2_PARTIALLY_TRANSPORTABLE,200,A0,0.5242829153,0.0006107859695,0,0,frozen non-selectable comparator,False
CORE_0026,R2,R2_PARTIALLY_TRANSPORTABLE,200,A1,0.4968242647,-0.02684786346,0.535,0.365,frozen non-selectable comparator,False
CORE_0026,R2,R2_PARTIALLY_TRANSPORTABLE,200,A2,0.5254787558,0.001806626284,0.285,0.12,frozen selectable architecture,True
CORE_0026,R2,R2_PARTIALLY_TRANSPORTABLE,200,A3,0.5422539994,0.01858187157,0.075,0,frozen selectable architecture,True
CORE_0026,R2,R2_PARTIALLY_TRANSPORTABLE,200,A4,0.5350693932,0.01139726435,0.045,0,frozen non-selectable comparator,False
CORE_0026,R2,R2_PARTIALLY_TRANSPORTABLE,200,B0,0.5236721292,0,0,0,frozen target-only reference,False
CORE_0026,R2,R2_PARTIALLY_TRANSPORTABLE,200,B4,0.5278715816,0.004199453607,0,0,frozen non-selectable comparator,False
CORE_0027,R3,R3_WEAKLY_TRANSPORTABLE,200,A0,0.5289328082,0.00101229708,0,0,frozen non-selectable comparator,False
CORE_0027,R3,R3_WEAKLY_TRANSPORTABLE,200,A1,0.5239730328,-0.003947478839,0.32,0.12,frozen non-selectable comparator,False
CORE_0027,R3,R3_WEAKLY_TRANSPORTABLE,200,A2,0.5235538524,-0.004366660316,0.325,0.115,frozen selectable architecture,True
CORE_0027,R3,R3_WEAKLY_TRANSPORTABLE,200,A3,0.5228989227,-0.005021586801,0.29,0.02,frozen selectable architecture,True
CORE_0027,R3,R3_WEAKLY_TRANSPORTABLE,200,A4,0.5143457307,-0.01357478074,0.38,0.045,frozen non-selectable comparator,False
CORE_0027,R3,R3_WEAKLY_TRANSPORTABLE,200,B0,0.52792051,0,0,0,frozen target-only reference,False
CORE_0027,R3,R3_WEAKLY_TRANSPORTABLE,200,B4,0.5237303567,-0.004190155627,0.01,0,frozen non-selectable comparator,False
CORE_0028,R4,R4_NONTRANSPORTABLE,200,A0,0.5633904141,0.0007671075545,0,0,frozen non-selectable comparator,False
CORE_0028,R4,R4_NONTRANSPORTABLE,200,A1,0.5880232468,0.02539994386,0.13,0.04,frozen non-selectable comparator,False
CORE_0028,R4,R4_NONTRANSPORTABLE,200,A2,0.571811997,0.009188692971,0.22,0.105,frozen selectable architecture,True
CORE_0028,R4,R4_NONTRANSPORTABLE,200,A3,0.5388009906,-0.02382231493,0.53,0.1,frozen selectable architecture,True
CORE_0028,R4,R4_NONTRANSPORTABLE,200,A4,0.5179865994,-0.04463670625,0.85,0.385,frozen non-selectable comparator,False
CORE_0028,R4,R4_NONTRANSPORTABLE,200,B0,0.5626233034,0,0,0,frozen target-only reference,False
CORE_0028,R4,R4_NONTRANSPORTABLE,200,B4,0.5505995315,-0.01202377289,0.125,0,frozen non-selectable comparator,False
CORE_0029,R5,R5_MISLEADING_SOURCE,200,A0,0.603197145,0.001373443448,0,0,frozen non-selectable comparator,False
CORE_0029,R5,R5_MISLEADING_SOURCE,200,A1,0.6622819149,0.06045821297,0.035,0,frozen non-selectable comparator,False
CORE_0029,R5,R5_MISLEADING_SOURCE,200,A2,0.652456805,0.05063310002,0.035,0.01,frozen selectable architecture,True
CORE_0029,R5,R5_MISLEADING_SOURCE,200,A3,0.5581534615,-0.0436702404,0.815,0.415,frozen selectable architecture,True
CORE_0029,R5,R5_MISLEADING_SOURCE,200,A4,0.5287493935,-0.07307431072,0.975,0.755,frozen non-selectable comparator,False
CORE_0029,R5,R5_MISLEADING_SOURCE,200,B0,0.6018237033,0,0,0,frozen target-only reference,False
CORE_0029,R5,R5_MISLEADING_SOURCE,200,B4,0.5799164174,-0.02190728691,0.55,0,frozen non-selectable comparator,False
CORE_0030,R0,R0_FULLY_TRANSPORTABLE,200,A0,0.5987871222,0.004890009809,0.005,0,frozen non-selectable comparator,False
CORE_0030,R0,R0_FULLY_TRANSPORTABLE,200,A1,0.6133477937,0.01945068119,0.17,0.125,frozen non-selectable comparator,False
CORE_0030,R0,R0_FULLY_TRANSPORTABLE,200,A2,0.6355463159,0.04164920052,0.045,0.015,frozen selectable architecture,True
CORE_0030,R0,R0_FULLY_TRANSPORTABLE,200,A3,0.6208279765,0.02693086456,0.06,0.005,frozen selectable architecture,True
CORE_0030,R0,R0_FULLY_TRANSPORTABLE,200,A4,0.6268626297,0.03296551587,0,0,frozen non-selectable comparator,False
CORE_0030,R0,R0_FULLY_TRANSPORTABLE,200,B0,0.5938971138,0,0,0,frozen target-only reference,False
CORE_0030,R0,R0_FULLY_TRANSPORTABLE,200,B4,0.6054188558,0.01152174285,0,0,frozen non-selectable comparator,False
CORE_0031,R1,R1_MOSTLY_TRANSPORTABLE,200,A0,0.5632451074,0.003381892005,0.005,0,frozen non-selectable comparator,False
CORE_0031,R1,R1_MOSTLY_TRANSPORTABLE,200,A1,0.5613570291,0.001493815372,0.275,0.215,frozen non-selectable comparator,False
CORE_0031,R1,R1_MOSTLY_TRANSPORTABLE,200,A2,0.5936565985,0.03379338481,0.07,0.01,frozen selectable architecture,True
CORE_0031,R1,R1_MOSTLY_TRANSPORTABLE,200,A3,0.5861377251,0.02627450911,0.03,0,frozen selectable architecture,True
CORE_0031,R1,R1_MOSTLY_TRANSPORTABLE,200,A4,0.5858366784,0.02597346323,0.005,0,frozen non-selectable comparator,False
CORE_0031,R1,R1_MOSTLY_TRANSPORTABLE,200,B0,0.5598632151,0,0,0,frozen target-only reference,False
CORE_0031,R1,R1_MOSTLY_TRANSPORTABLE,200,B4,0.5690208967,0.009157680735,0,0,frozen non-selectable comparator,False
CORE_0032,R2,R2_PARTIALLY_TRANSPORTABLE,200,A0,0.5271668477,0.002637267598,0.01,0,frozen non-selectable comparator,False
CORE_0032,R2,R2_PARTIALLY_TRANSPORTABLE,200,A1,0.4910785669,-0.03345101145,0.63,0.39,frozen non-selectable comparator,False
CORE_0032,R2,R2_PARTIALLY_TRANSPORTABLE,200,A2,0.5293330315,0.00480345208,0.22,0.08,frozen selectable architecture,True
CORE_0032,R2,R2_PARTIALLY_TRANSPORTABLE,200,A3,0.5419730394,0.01744346058,0.08,0.01,frozen selectable architecture,True
CORE_0032,R2,R2_PARTIALLY_TRANSPORTABLE,200,A4,0.5365966804,0.01206710165,0.045,0,frozen non-selectable comparator,False
CORE_0032,R2,R2_PARTIALLY_TRANSPORTABLE,200,B0,0.524529579,0,0,0,frozen target-only reference,False
CORE_0032,R2,R2_PARTIALLY_TRANSPORTABLE,200,B4,0.528391728,0.003862148193,0,0,frozen non-selectable comparator,False
CORE_0033,R3,R3_WEAKLY_TRANSPORTABLE,200,A0,0.5342817505,0.002481354798,0.01,0,frozen non-selectable comparator,False
CORE_0033,R3,R3_WEAKLY_TRANSPORTABLE,200,A1,0.5251885319,-0.006611867429,0.36,0.14,frozen non-selectable comparator,False
CORE_0033,R3,R3_WEAKLY_TRANSPORTABLE,200,A2,0.5231241804,-0.008676217381,0.355,0.085,frozen selectable architecture,True
CORE_0033,R3,R3_WEAKLY_TRANSPORTABLE,200,A3,0.5286262999,-0.003174098435,0.26,0.03,frozen selectable architecture,True
CORE_0033,R3,R3_WEAKLY_TRANSPORTABLE,200,A4,0.5189287339,-0.01287166358,0.35,0.04,frozen non-selectable comparator,False
CORE_0033,R3,R3_WEAKLY_TRANSPORTABLE,200,B0,0.5318003985,0,0,0,frozen target-only reference,False
CORE_0033,R3,R3_WEAKLY_TRANSPORTABLE,200,B4,0.5286759266,-0.003124470697,0.005,0,frozen non-selectable comparator,False
CORE_0034,R4,R4_NONTRANSPORTABLE,200,A0,0.5723913535,0.004804815992,0.01,0,frozen non-selectable comparator,False
CORE_0034,R4,R4_NONTRANSPORTABLE,200,A1,0.5920721221,0.02448558356,0.09,0.01,frozen non-selectable comparator,False
CORE_0034,R4,R4_NONTRANSPORTABLE,200,A2,0.5812756519,0.01368911646,0.16,0.075,frozen selectable architecture,True
CORE_0034,R4,R4_NONTRANSPORTABLE,200,A3,0.5511922856,-0.01639425185,0.39,0.05,frozen selectable architecture,True
CORE_0034,R4,R4_NONTRANSPORTABLE,200,A4,0.5291326864,-0.03845385158,0.765,0.33,frozen non-selectable comparator,False
CORE_0034,R4,R4_NONTRANSPORTABLE,200,B0,0.567586537,0,0,0,frozen target-only reference,False
CORE_0034,R4,R4_NONTRANSPORTABLE,200,B4,0.5582758473,-0.009310689289,0.015,0,frozen non-selectable comparator,False
CORE_0035,R5,R5_MISLEADING_SOURCE,200,A0,0.616178256,0.00534797403,0.005,0,frozen non-selectable comparator,False
CORE_0035,R5,R5_MISLEADING_SOURCE,200,A1,0.6598129264,0.04898264264,0.035,0.005,frozen non-selectable comparator,False
CORE_0035,R5,R5_MISLEADING_SOURCE,200,A2,0.6571262217,0.04629593818,0.02,0,frozen selectable architecture,True
CORE_0035,R5,R5_MISLEADING_SOURCE,200,A3,0.5796919787,-0.03113830458,0.595,0.24,frozen selectable architecture,True
CORE_0035,R5,R5_MISLEADING_SOURCE,200,A4,0.5499130188,-0.06091726579,0.925,0.65,frozen non-selectable comparator,False
CORE_0035,R5,R5_MISLEADING_SOURCE,200,B0,0.610830285,0,0,0,frozen target-only reference,False
CORE_0035,R5,R5_MISLEADING_SOURCE,200,B4,0.5958536388,-0.01497664298,0.205,0,frozen non-selectable comparator,False
STRESS_0036,R2,R2_PARTIALLY_TRANSPORTABLE,100,A0,0.5157299039,0.0002883782229,0,0,frozen non-selectable comparator,False
STRESS_0036,R2,R2_PARTIALLY_TRANSPORTABLE,100,A1,0.5102080324,-0.005233490593,0.38,0.19,frozen non-selectable comparator,False
STRESS_0036,R2,R2_PARTIALLY_TRANSPORTABLE,100,A2,0.5129489389,-0.002492586577,0.3,0.08,frozen selectable architecture,True
STRESS_0036,R2,R2_PARTIALLY_TRANSPORTABLE,100,A3,0.5456916344,0.03025010571,0.04,0,frozen selectable architecture,True
STRESS_0036,R2,R2_PARTIALLY_TRANSPORTABLE,100,A4,0.5354170257,0.01997550123,0.08,0.01,frozen non-selectable comparator,False
STRESS_0036,R2,R2_PARTIALLY_TRANSPORTABLE,100,B0,0.5154415223,0,0,0,frozen target-only reference,False
STRESS_0036,R2,R2_PARTIALLY_TRANSPORTABLE,100,B4,0.5293062359,0.01386471135,0,0,frozen non-selectable comparator,False
STRESS_0037,R2,R2_PARTIALLY_TRANSPORTABLE,100,A0,0.5219385645,0.0005230510525,0,0,frozen non-selectable comparator,False
STRESS_0037,R2,R2_PARTIALLY_TRANSPORTABLE,100,A1,0.5053672081,-0.0160483048,0.44,0.24,frozen non-selectable comparator,False
STRESS_0037,R2,R2_PARTIALLY_TRANSPORTABLE,100,A2,0.5178688848,-0.003546624037,0.31,0.08,frozen selectable architecture,True
STRESS_0037,R2,R2_PARTIALLY_TRANSPORTABLE,100,A3,0.54986682,0.02845130841,0.05,0,frozen selectable architecture,True
STRESS_0037,R2,R2_PARTIALLY_TRANSPORTABLE,100,A4,0.5397443831,0.01832887295,0.08,0.01,frozen non-selectable comparator,False
STRESS_0037,R2,R2_PARTIALLY_TRANSPORTABLE,100,B0,0.5214155117,0,0,0,frozen target-only reference,False
STRESS_0037,R2,R2_PARTIALLY_TRANSPORTABLE,100,B4,0.5334853831,0.01206987142,0,0,frozen non-selectable comparator,False
STRESS_0038,R2,R2_PARTIALLY_TRANSPORTABLE,100,A0,0.522903603,-0.0009738431257,0,0,frozen non-selectable comparator,False
STRESS_0038,R2,R2_PARTIALLY_TRANSPORTABLE,100,A1,0.5037092748,-0.02016817123,0.46,0.35,frozen non-selectable comparator,False
STRESS_0038,R2,R2_PARTIALLY_TRANSPORTABLE,100,A2,0.5165834475,-0.007293997335,0.36,0.11,frozen selectable architecture,True
STRESS_0038,R2,R2_PARTIALLY_TRANSPORTABLE,100,A3,0.5521064389,0.02822899406,0.05,0.01,frozen selectable architecture,True
STRESS_0038,R2,R2_PARTIALLY_TRANSPORTABLE,100,A4,0.540032123,0.01615468144,0.11,0.02,frozen non-selectable comparator,False
STRESS_0038,R2,R2_PARTIALLY_TRANSPORTABLE,100,B0,0.5238774422,0,0,0,frozen target-only reference,False
STRESS_0038,R2,R2_PARTIALLY_TRANSPORTABLE,100,B4,0.5350392035,0.01116175935,0.01,0,frozen non-selectable comparator,False
STRESS_0039,R2,R2_PARTIALLY_TRANSPORTABLE,100,A0,0.515620189,3.354001161e-05,0,0,frozen non-selectable comparator,False
STRESS_0039,R2,R2_PARTIALLY_TRANSPORTABLE,100,A1,0.5107364398,-0.004850214212,0.35,0.15,frozen non-selectable comparator,False
STRESS_0039,R2,R2_PARTIALLY_TRANSPORTABLE,100,A2,0.5119760859,-0.003610563914,0.28,0.08,frozen selectable architecture,True
STRESS_0039,R2,R2_PARTIALLY_TRANSPORTABLE,100,A3,0.5428826186,0.02729596887,0.08,0,frozen selectable architecture,True
STRESS_0039,R2,R2_PARTIALLY_TRANSPORTABLE,100,A4,0.5290664816,0.0134798291,0.13,0.05,frozen non-selectable comparator,False
STRESS_0039,R2,R2_PARTIALLY_TRANSPORTABLE,100,B0,0.5155866492,0,0,0,frozen target-only reference,False
STRESS_0039,R2,R2_PARTIALLY_TRANSPORTABLE,100,B4,0.5267616329,0.01117498307,0.02,0,frozen non-selectable comparator,False
STRESS_0040,R2,R2_PARTIALLY_TRANSPORTABLE,100,A0,0.5152042037,0.0001731142021,0,0,frozen non-selectable comparator,False
STRESS_0040,R2,R2_PARTIALLY_TRANSPORTABLE,100,A1,0.4983680665,-0.01666302673,0.47,0.29,frozen non-selectable comparator,False
STRESS_0040,R2,R2_PARTIALLY_TRANSPORTABLE,100,A2,0.5134345016,-0.00159659129,0.26,0.09,frozen selectable architecture,True
STRESS_0040,R2,R2_PARTIALLY_TRANSPORTABLE,100,A3,0.5489927953,0.03396170113,0.06,0,frozen selectable architecture,True
STRESS_0040,R2,R2_PARTIALLY_TRANSPORTABLE,100,A4,0.5373772228,0.02234612979,0.11,0,frozen non-selectable comparator,False
STRESS_0040,R2,R2_PARTIALLY_TRANSPORTABLE,100,B0,0.5150310928,0,0,0,frozen target-only reference,False
STRESS_0040,R2,R2_PARTIALLY_TRANSPORTABLE,100,B4,0.5294097471,0.01437865168,0,0,frozen non-selectable comparator,False
STRESS_0041,R2,R2_PARTIALLY_TRANSPORTABLE,100,A0,0.5143550682,-0.0006421136276,0,0,frozen non-selectable comparator,False
STRESS_0041,R2,R2_PARTIALLY_TRANSPORTABLE,100,A1,0.4998998982,-0.01509728212,0.45,0.22,frozen non-selectable comparator,False
STRESS_0041,R2,R2_PARTIALLY_TRANSPORTABLE,100,A2,0.5128116041,-0.002185577411,0.27,0.07,frozen selectable architecture,True
STRESS_0041,R2,R2_PARTIALLY_TRANSPORTABLE,100,A3,0.5446238649,0.02962668802,0.05,0,frozen selectable architecture,True
STRESS_0041,R2,R2_PARTIALLY_TRANSPORTABLE,100,A4,0.5309034446,0.015906263,0.12,0,frozen non-selectable comparator,False
STRESS_0041,R2,R2_PARTIALLY_TRANSPORTABLE,100,B0,0.5149971834,0,0,0,frozen target-only reference,False
STRESS_0041,R2,R2_PARTIALLY_TRANSPORTABLE,100,B4,0.5245846081,0.009587425069,0,0,frozen non-selectable comparator,False
STRESS_0042,R2,R2_PARTIALLY_TRANSPORTABLE,100,A0,0.5179351038,-0.0003077255706,0,0,frozen non-selectable comparator,False
STRESS_0042,R2,R2_PARTIALLY_TRANSPORTABLE,100,A1,0.5090542996,-0.009188531542,0.37,0.17,frozen non-selectable comparator,False
STRESS_0042,R2,R2_PARTIALLY_TRANSPORTABLE,100,A2,0.5166989356,-0.001543895162,0.25,0.04,frozen selectable architecture,True
STRESS_0042,R2,R2_PARTIALLY_TRANSPORTABLE,100,A3,0.5452918929,0.02704906259,0.09,0,frozen selectable architecture,True
STRESS_0042,R2,R2_PARTIALLY_TRANSPORTABLE,100,A4,0.5346355006,0.01639267057,0.09,0,frozen non-selectable comparator,False
STRESS_0042,R2,R2_PARTIALLY_TRANSPORTABLE,100,B0,0.5182428303,0,0,0,frozen target-only reference,False
STRESS_0042,R2,R2_PARTIALLY_TRANSPORTABLE,100,B4,0.5298843884,0.01164155839,0,0,frozen non-selectable comparator,False
STRESS_0043,R2,R2_PARTIALLY_TRANSPORTABLE,100,A0,0.518252804,-0.0006561290938,0,0,frozen non-selectable comparator,False
STRESS_0043,R2,R2_PARTIALLY_TRANSPORTABLE,100,A1,0.5036979398,-0.0152109909,0.5,0.25,frozen non-selectable comparator,False
STRESS_0043,R2,R2_PARTIALLY_TRANSPORTABLE,100,A2,0.5139758593,-0.004933072725,0.3,0.12,frozen selectable architecture,True
STRESS_0043,R2,R2_PARTIALLY_TRANSPORTABLE,100,A3,0.5502443171,0.03133538609,0.06,0,frozen selectable architecture,True
STRESS_0043,R2,R2_PARTIALLY_TRANSPORTABLE,100,A4,0.5385157871,0.01960685482,0.08,0.02,frozen non-selectable comparator,False
STRESS_0043,R2,R2_PARTIALLY_TRANSPORTABLE,100,B0,0.5189089328,0,0,0,frozen target-only reference,False
STRESS_0043,R2,R2_PARTIALLY_TRANSPORTABLE,100,B4,0.5310128656,0.01210393612,0.03,0,frozen non-selectable comparator,False
STRESS_0044,R2,R2_PARTIALLY_TRANSPORTABLE,100,A0,0.5146546268,-2.280788496e-05,0,0,frozen non-selectable comparator,False
STRESS_0044,R2,R2_PARTIALLY_TRANSPORTABLE,100,A1,0.5090807074,-0.005596729117,0.42,0.24,frozen non-selectable comparator,False
STRESS_0044,R2,R2_PARTIALLY_TRANSPORTABLE,100,A2,0.5145687446,-0.0001086931568,0.33,0.09,frozen selectable architecture,True
STRESS_0044,R2,R2_PARTIALLY_TRANSPORTABLE,100,A3,0.5494466701,0.03476923267,0.06,0.01,frozen selectable architecture,True
STRESS_0044,R2,R2_PARTIALLY_TRANSPORTABLE,100,A4,0.5356660366,0.02098859964,0.07,0.03,frozen non-selectable comparator,False
STRESS_0044,R2,R2_PARTIALLY_TRANSPORTABLE,100,B0,0.5146774355,0,0,0,frozen target-only reference,False
STRESS_0044,R2,R2_PARTIALLY_TRANSPORTABLE,100,B4,0.5273044223,0.01262698598,0,0,frozen non-selectable comparator,False
STRESS_0045,R2,R2_PARTIALLY_TRANSPORTABLE,100,A0,0.5180496112,-0.001165327163,0,0,frozen non-selectable comparator,False
STRESS_0045,R2,R2_PARTIALLY_TRANSPORTABLE,100,A1,0.5077909586,-0.01142397934,0.42,0.21,frozen non-selectable comparator,False
STRESS_0045,R2,R2_PARTIALLY_TRANSPORTABLE,100,A2,0.5139984491,-0.005216488396,0.38,0.08,frozen selectable architecture,True
STRESS_0045,R2,R2_PARTIALLY_TRANSPORTABLE,100,A3,0.5502195287,0.03100459127,0.06,0,frozen selectable architecture,True
STRESS_0045,R2,R2_PARTIALLY_TRANSPORTABLE,100,A4,0.5367533851,0.01753844839,0.13,0.01,frozen non-selectable comparator,False
STRESS_0045,R2,R2_PARTIALLY_TRANSPORTABLE,100,B0,0.5192149386,0,0,0,frozen target-only reference,False
STRESS_0045,R2,R2_PARTIALLY_TRANSPORTABLE,100,B4,0.5315444133,0.01232947557,0,0,frozen non-selectable comparator,False
STRESS_0046,R2,R2_PARTIALLY_TRANSPORTABLE,100,A0,0.518923088,-0.0002139008919,0,0,frozen non-selectable comparator,False
STRESS_0046,R2,R2_PARTIALLY_TRANSPORTABLE,100,A1,0.4983310291,-0.02080595753,0.49,0.25,frozen non-selectable comparator,False
STRESS_0046,R2,R2_PARTIALLY_TRANSPORTABLE,100,A2,0.5099425685,-0.009194421218,0.34,0.15,frozen selectable architecture,True
STRESS_0046,R2,R2_PARTIALLY_TRANSPORTABLE,100,A3,0.5297185171,0.01058152883,0.21,0.03,frozen selectable architecture,True
STRESS_0046,R2,R2_PARTIALLY_TRANSPORTABLE,100,A4,0.531830107,0.01269311775,0.16,0.01,frozen non-selectable comparator,False
STRESS_0046,R2,R2_PARTIALLY_TRANSPORTABLE,100,B0,0.5191369858,0,0,0,frozen target-only reference,False
STRESS_0046,R2,R2_PARTIALLY_TRANSPORTABLE,100,B4,0.5296168166,0.01047982872,0.01,0,frozen non-selectable comparator,False
STRESS_0047,R2,R2_PARTIALLY_TRANSPORTABLE,100,A0,0.5157919222,-0.0007249958524,0,0,frozen non-selectable comparator,False
STRESS_0047,R2,R2_PARTIALLY_TRANSPORTABLE,100,A1,0.5021256572,-0.01439126071,0.51,0.26,frozen non-selectable comparator,False
STRESS_0047,R2,R2_PARTIALLY_TRANSPORTABLE,100,A2,0.5117537734,-0.004763142467,0.33,0.06,frozen selectable architecture,True
STRESS_0047,R2,R2_PARTIALLY_TRANSPORTABLE,100,A3,0.5130249122,-0.003492003294,0.29,0.06,frozen selectable architecture,True
STRESS_0047,R2,R2_PARTIALLY_TRANSPORTABLE,100,A4,0.5346853167,0.01816839937,0.06,0,frozen non-selectable comparator,False
STRESS_0047,R2,R2_PARTIALLY_TRANSPORTABLE,100,B0,0.5165169185,0,0,0,frozen target-only reference,False
STRESS_0047,R2,R2_PARTIALLY_TRANSPORTABLE,100,B4,0.5284155098,0.01189859316,0,0,frozen non-selectable comparator,False
STRESS_0048,R2,R2_PARTIALLY_TRANSPORTABLE,100,A0,0.5145117283,0.000862910353,0,0,frozen non-selectable comparator,False
STRESS_0048,R2,R2_PARTIALLY_TRANSPORTABLE,100,A1,0.5035116807,-0.01013713943,0.4,0.25,frozen non-selectable comparator,False
STRESS_0048,R2,R2_PARTIALLY_TRANSPORTABLE,100,A2,0.5149118555,0.001263036388,0.25,0.04,frozen selectable architecture,True
STRESS_0048,R2,R2_PARTIALLY_TRANSPORTABLE,100,A3,0.5459354255,0.03228660788,0.04,0.01,frozen selectable architecture,True
STRESS_0048,R2,R2_PARTIALLY_TRANSPORTABLE,100,A4,0.5362433431,0.02259452346,0.07,0,frozen non-selectable comparator,False
STRESS_0048,R2,R2_PARTIALLY_TRANSPORTABLE,100,B0,0.5136488202,0,0,0,frozen target-only reference,False
STRESS_0048,R2,R2_PARTIALLY_TRANSPORTABLE,100,B4,0.5273053804,0.01365656232,0,0,frozen non-selectable comparator,False
STRESS_0049,R2,R2_PARTIALLY_TRANSPORTABLE,100,A0,0.5180948117,-0.0008136443142,0,0,frozen non-selectable comparator,False
STRESS_0049,R2,R2_PARTIALLY_TRANSPORTABLE,100,A1,0.5021595535,-0.01674890347,0.43,0.2,frozen non-selectable comparator,False
STRESS_0049,R2,R2_PARTIALLY_TRANSPORTABLE,100,A2,0.5146796405,-0.004228814899,0.27,0.1,frozen selectable architecture,True
STRESS_0049,R2,R2_PARTIALLY_TRANSPORTABLE,100,A3,0.5274542898,0.008545831243,0.17,0.03,frozen selectable architecture,True
STRESS_0049,R2,R2_PARTIALLY_TRANSPORTABLE,100,A4,0.5290710744,0.01016261589,0.12,0.01,frozen non-selectable comparator,False
STRESS_0049,R2,R2_PARTIALLY_TRANSPORTABLE,100,B0,0.5189084566,0,0,0,frozen target-only reference,False
STRESS_0049,R2,R2_PARTIALLY_TRANSPORTABLE,100,B4,0.5265511721,0.007642716136,0.01,0,frozen non-selectable comparator,False
STRESS_0050,R2,R2_PARTIALLY_TRANSPORTABLE,100,A0,0.5215700829,-0.0001232751422,0,0,frozen non-selectable comparator,False
STRESS_0050,R2,R2_PARTIALLY_TRANSPORTABLE,100,A1,0.504069553,-0.01762380344,0.46,0.25,frozen non-selectable comparator,False
STRESS_0050,R2,R2_PARTIALLY_TRANSPORTABLE,100,A2,0.5121709132,-0.009522443863,0.38,0.09,frozen selectable architecture,True
STRESS_0050,R2,R2_PARTIALLY_TRANSPORTABLE,100,A3,0.5194757012,-0.002217654,0.29,0.05,frozen selectable architecture,True
STRESS_0050,R2,R2_PARTIALLY_TRANSPORTABLE,100,A4,0.5369855753,0.01529221722,0.07,0.02,frozen non-selectable comparator,False
STRESS_0050,R2,R2_PARTIALLY_TRANSPORTABLE,100,B0,0.5216933545,0,0,0,frozen target-only reference,False
STRESS_0050,R2,R2_PARTIALLY_TRANSPORTABLE,100,B4,0.5331394693,0.01144611714,0,0,frozen non-selectable comparator,False
STRESS_0051,R2,R2_PARTIALLY_TRANSPORTABLE,100,A0,0.513997716,-0.000183965327,0,0,frozen non-selectable comparator,False
STRESS_0051,R2,R2_PARTIALLY_TRANSPORTABLE,100,A1,0.5042832619,-0.009898423005,0.48,0.19,frozen non-selectable comparator,False
STRESS_0051,R2,R2_PARTIALLY_TRANSPORTABLE,100,A2,0.5096870384,-0.004494640984,0.32,0.12,frozen selectable architecture,True
STRESS_0051,R2,R2_PARTIALLY_TRANSPORTABLE,100,A3,0.5387034225,0.02452174246,0.07,0.01,frozen selectable architecture,True
STRESS_0051,R2,R2_PARTIALLY_TRANSPORTABLE,100,A4,0.5255273062,0.01134562392,0.13,0.03,frozen non-selectable comparator,False
STRESS_0051,R2,R2_PARTIALLY_TRANSPORTABLE,100,B0,0.5141816819,0,0,0,frozen target-only reference,False
STRESS_0051,R2,R2_PARTIALLY_TRANSPORTABLE,100,B4,0.5232681519,0.00908646786,0.01,0,frozen non-selectable comparator,False
STRESS_0052,R2,R2_PARTIALLY_TRANSPORTABLE,100,A0,0.516053991,-0.0009675184636,0,0,frozen non-selectable comparator,False
STRESS_0052,R2,R2_PARTIALLY_TRANSPORTABLE,100,A1,0.4982063299,-0.01881518267,0.47,0.21,frozen non-selectable comparator,False
STRESS_0052,R2,R2_PARTIALLY_TRANSPORTABLE,100,A2,0.5058962935,-0.0111252157,0.36,0.14,frozen selectable architecture,True
STRESS_0052,R2,R2_PARTIALLY_TRANSPORTABLE,100,A3,0.5297358853,0.01271437163,0.16,0.01,frozen selectable architecture,True
STRESS_0052,R2,R2_PARTIALLY_TRANSPORTABLE,100,A4,0.5295721513,0.01255063898,0.12,0.01,frozen non-selectable comparator,False
STRESS_0052,R2,R2_PARTIALLY_TRANSPORTABLE,100,B0,0.5170215127,0,0,0,frozen target-only reference,False
STRESS_0052,R2,R2_PARTIALLY_TRANSPORTABLE,100,B4,0.5254486096,0.00842709797,0,0,frozen non-selectable comparator,False
STRESS_0053,R2,R2_PARTIALLY_TRANSPORTABLE,100,A0,0.5136057621,-0.0005410114469,0,0,frozen non-selectable comparator,False
STRESS_0053,R2,R2_PARTIALLY_TRANSPORTABLE,100,A1,0.5016934186,-0.01245335401,0.47,0.24,frozen non-selectable comparator,False
STRESS_0053,R2,R2_PARTIALLY_TRANSPORTABLE,100,A2,0.5169909254,0.002844155146,0.25,0.05,frozen selectable architecture,True
STRESS_0053,R2,R2_PARTIALLY_TRANSPORTABLE,100,A3,0.5132323152,-0.0009144564031,0.31,0.08,frozen selectable architecture,True
STRESS_0053,R2,R2_PARTIALLY_TRANSPORTABLE,100,A4,0.5270764142,0.01292964299,0.12,0.02,frozen non-selectable comparator,False
STRESS_0053,R2,R2_PARTIALLY_TRANSPORTABLE,100,B0,0.5141467741,0,0,0,frozen target-only reference,False
STRESS_0053,R2,R2_PARTIALLY_TRANSPORTABLE,100,B4,0.5237600136,0.009613241587,0.01,0,frozen non-selectable comparator,False
STRESS_0054,R5,R5_MISLEADING_SOURCE,100,A0,0.5659770858,-0.001000105964,0.03,0,frozen non-selectable comparator,False
STRESS_0054,R5,R5_MISLEADING_SOURCE,100,A1,0.6429989776,0.07602178935,0.04,0.02,frozen non-selectable comparator,False
STRESS_0054,R5,R5_MISLEADING_SOURCE,100,A2,0.5819199464,0.01494275891,0.25,0.14,frozen selectable architecture,True
STRESS_0054,R5,R5_MISLEADING_SOURCE,100,A3,0.470998328,-0.09597885832,0.98,0.9,frozen selectable architecture,True
STRESS_0054,R5,R5_MISLEADING_SOURCE,100,A4,0.4355310765,-0.1314461091,1,0.98,frozen non-selectable comparator,False
STRESS_0054,R5,R5_MISLEADING_SOURCE,100,B0,0.5669771838,0,0,0,frozen target-only reference,False
STRESS_0054,R5,R5_MISLEADING_SOURCE,100,B4,0.504742012,-0.06223517478,0.99,0.73,frozen non-selectable comparator,False
STRESS_0055,R5,R5_MISLEADING_SOURCE,100,A0,0.5768536687,-0.0003467617402,0.02,0,frozen non-selectable comparator,False
STRESS_0055,R5,R5_MISLEADING_SOURCE,100,A1,0.6502064583,0.07300603118,0.02,0.02,frozen non-selectable comparator,False
STRESS_0055,R5,R5_MISLEADING_SOURCE,100,A2,0.606219188,0.0290187602,0.19,0.13,frozen selectable architecture,True
STRESS_0055,R5,R5_MISLEADING_SOURCE,100,A3,0.4867702246,-0.09043020084,0.98,0.86,frozen selectable architecture,True
STRESS_0055,R5,R5_MISLEADING_SOURCE,100,A4,0.4565596172,-0.1206408115,1,0.97,frozen non-selectable comparator,False
STRESS_0055,R5,R5_MISLEADING_SOURCE,100,B0,0.5772004306,0,0,0,frozen target-only reference,False
STRESS_0055,R5,R5_MISLEADING_SOURCE,100,B4,0.5208155066,-0.0563849204,1,0.64,frozen non-selectable comparator,False
STRESS_0056,R5,R5_MISLEADING_SOURCE,100,A0,0.5755477643,-0.002670669707,0.06,0,frozen non-selectable comparator,False
STRESS_0056,R5,R5_MISLEADING_SOURCE,100,A1,0.6640438402,0.08582540825,0,0,frozen non-selectable comparator,False
STRESS_0056,R5,R5_MISLEADING_SOURCE,100,A2,0.6152989894,0.03708055488,0.09,0.05,frozen selectable architecture,True
STRESS_0056,R5,R5_MISLEADING_SOURCE,100,A3,0.4962820065,-0.08193642434,0.98,0.77,frozen selectable architecture,True
STRESS_0056,R5,R5_MISLEADING_SOURCE,100,A4,0.4554413554,-0.1227770785,0.99,0.95,frozen non-selectable comparator,False
STRESS_0056,R5,R5_MISLEADING_SOURCE,100,B0,0.5782184333,0,0,0,frozen target-only reference,False
STRESS_0056,R5,R5_MISLEADING_SOURCE,100,B4,0.5250593522,-0.05315908007,0.98,0.53,frozen non-selectable comparator,False
STRESS_0057,R5,R5_MISLEADING_SOURCE,100,A0,0.5614596337,-0.001187716447,0,0,frozen non-selectable comparator,False
STRESS_0057,R5,R5_MISLEADING_SOURCE,100,A1,0.6427956274,0.08014827895,0.03,0.03,frozen non-selectable comparator,False
STRESS_0057,R5,R5_MISLEADING_SOURCE,100,A2,0.5884456488,0.02579829966,0.23,0.09,frozen selectable architecture,True
STRESS_0057,R5,R5_MISLEADING_SOURCE,100,A3,0.4632270661,-0.09942028522,1,0.95,frozen selectable architecture,True
STRESS_0057,R5,R5_MISLEADING_SOURCE,100,A4,0.429059599,-0.1335877544,1,1,frozen non-selectable comparator,False
STRESS_0057,R5,R5_MISLEADING_SOURCE,100,B0,0.5626473507,0,0,0,frozen target-only reference,False
STRESS_0057,R5,R5_MISLEADING_SOURCE,100,B4,0.4941659313,-0.06848142106,1,0.85,frozen non-selectable comparator,False
STRESS_0058,R5,R5_MISLEADING_SOURCE,100,A0,0.5658457807,-0.0005023103841,0,0,frozen non-selectable comparator,False
STRESS_0058,R5,R5_MISLEADING_SOURCE,100,A1,0.6507612297,0.08441313707,0.02,0.01,frozen non-selectable comparator,False
STRESS_0058,R5,R5_MISLEADING_SOURCE,100,A2,0.5984350276,0.03208693762,0.15,0.08,frozen selectable architecture,True
STRESS_0058,R5,R5_MISLEADING_SOURCE,100,A3,0.4767848361,-0.08956325378,0.99,0.91,frozen selectable architecture,True
STRESS_0058,R5,R5_MISLEADING_SOURCE,100,A4,0.4376014087,-0.1287466851,1,1,frozen non-selectable comparator,False
STRESS_0058,R5,R5_MISLEADING_SOURCE,100,B0,0.5663480917,0,0,0,frozen target-only reference,False
STRESS_0058,R5,R5_MISLEADING_SOURCE,100,B4,0.5072469795,-0.05910111574,1,0.67,frozen non-selectable comparator,False
STRESS_0059,R5,R5_MISLEADING_SOURCE,100,A0,0.5800388521,-0.004066836578,0.05,0,frozen non-selectable comparator,False
STRESS_0059,R5,R5_MISLEADING_SOURCE,100,A1,0.66287999,0.07877430246,0.02,0.01,frozen non-selectable comparator,False
STRESS_0059,R5,R5_MISLEADING_SOURCE,100,A2,0.6186853048,0.03457961599,0.14,0.04,frozen selectable architecture,True
STRESS_0059,R5,R5_MISLEADING_SOURCE,100,A3,0.5030586469,-0.08104704237,0.99,0.85,frozen selectable architecture,True
STRESS_0059,R5,R5_MISLEADING_SOURCE,100,A4,0.4596318856,-0.1244738042,0.99,0.98,frozen non-selectable comparator,False
STRESS_0059,R5,R5_MISLEADING_SOURCE,100,B0,0.5841056931,0,0,0,frozen target-only reference,False
STRESS_0059,R5,R5_MISLEADING_SOURCE,100,B4,0.5330299777,-0.05107571295,0.97,0.53,frozen non-selectable comparator,False
STRESS_0060,R5,R5_MISLEADING_SOURCE,100,A0,0.5649588332,-0.0007897682885,0.01,0,frozen non-selectable comparator,False
STRESS_0060,R5,R5_MISLEADING_SOURCE,100,A1,0.6365190735,0.07077047202,0.05,0.03,frozen non-selectable comparator,False
STRESS_0060,R5,R5_MISLEADING_SOURCE,100,A2,0.591158748,0.02541014428,0.19,0.09,frozen selectable architecture,True
STRESS_0060,R5,R5_MISLEADING_SOURCE,100,A3,0.4703586993,-0.09538990332,1,0.87,frozen selectable architecture,True
STRESS_0060,R5,R5_MISLEADING_SOURCE,100,A4,0.4394697937,-0.1262788078,0.99,0.96,frozen non-selectable comparator,False
STRESS_0060,R5,R5_MISLEADING_SOURCE,100,B0,0.5657486051,0,0,0,frozen target-only reference,False
STRESS_0060,R5,R5_MISLEADING_SOURCE,100,B4,0.5030332547,-0.06271534629,0.99,0.74,frozen non-selectable comparator,False
STRESS_0061,R5,R5_MISLEADING_SOURCE,100,A0,0.5624373457,-0.001385704124,0.01,0,frozen non-selectable comparator,False
STRESS_0061,R5,R5_MISLEADING_SOURCE,100,A1,0.6470658934,0.08324284633,0.03,0.01,frozen non-selectable comparator,False
STRESS_0061,R5,R5_MISLEADING_SOURCE,100,A2,0.5964999294,0.03267687956,0.15,0.05,frozen selectable architecture,True
STRESS_0061,R5,R5_MISLEADING_SOURCE,100,A3,0.4771457192,-0.08667732927,0.94,0.88,frozen selectable architecture,True
STRESS_0061,R5,R5_MISLEADING_SOURCE,100,A4,0.4402216339,-0.1236014154,1,0.95,frozen non-selectable comparator,False
STRESS_0061,R5,R5_MISLEADING_SOURCE,100,B0,0.5638230467,0,0,0,frozen target-only reference,False
STRESS_0061,R5,R5_MISLEADING_SOURCE,100,B4,0.5069827998,-0.05684024762,0.96,0.63,frozen non-selectable comparator,False
STRESS_0062,R5,R5_MISLEADING_SOURCE,100,A0,0.5685536337,-0.003431227161,0.08,0,frozen non-selectable comparator,False
STRESS_0062,R5,R5_MISLEADING_SOURCE,100,A1,0.6569536966,0.08496883299,0.01,0,frozen non-selectable comparator,False
STRESS_0062,R5,R5_MISLEADING_SOURCE,100,A2,0.605930478,0.03394561468,0.12,0.05,frozen selectable architecture,True
STRESS_0062,R5,R5_MISLEADING_SOURCE,100,A3,0.4903768542,-0.08160800614,0.96,0.87,frozen selectable architecture,True
STRESS_0062,R5,R5_MISLEADING_SOURCE,100,A4,0.4556972706,-0.1162875897,1,0.94,frozen non-selectable comparator,False
STRESS_0062,R5,R5_MISLEADING_SOURCE,100,B0,0.5719848606,0,0,0,frozen target-only reference,False
STRESS_0062,R5,R5_MISLEADING_SOURCE,100,B4,0.5213551575,-0.05062970506,1,0.51,frozen non-selectable comparator,False
STRESS_0063,R5,R5_MISLEADING_SOURCE,100,A0,0.563251597,-0.001095689062,0.01,0,frozen non-selectable comparator,False
STRESS_0063,R5,R5_MISLEADING_SOURCE,100,A1,0.6510260776,0.086678792,0.03,0.03,frozen non-selectable comparator,False
STRESS_0063,R5,R5_MISLEADING_SOURCE,100,A2,0.6020193076,0.0376720231,0.16,0.03,frozen selectable architecture,True
STRESS_0063,R5,R5_MISLEADING_SOURCE,100,A3,0.4683165678,-0.09603071714,1,0.9,frozen selectable architecture,True
STRESS_0063,R5,R5_MISLEADING_SOURCE,100,A4,0.4343865967,-0.1299606906,1,0.98,frozen non-selectable comparator,False
STRESS_0063,R5,R5_MISLEADING_SOURCE,100,B0,0.564347288,0,0,0,frozen target-only reference,False
STRESS_0063,R5,R5_MISLEADING_SOURCE,100,B4,0.504117302,-0.06022998381,1,0.68,frozen non-selectable comparator,False
STRESS_0064,R5,R5_MISLEADING_SOURCE,100,A0,0.568576183,-0.002223460298,0.02,0,frozen non-selectable comparator,False
STRESS_0064,R5,R5_MISLEADING_SOURCE,100,A1,0.6517352921,0.08093564822,0.02,0.02,frozen non-selectable comparator,False
STRESS_0064,R5,R5_MISLEADING_SOURCE,100,A2,0.5940168688,0.02321722355,0.19,0.08,frozen selectable architecture,True
STRESS_0064,R5,R5_MISLEADING_SOURCE,100,A3,0.445350993,-0.125448653,1,0.97,frozen selectable architecture,True
STRESS_0064,R5,R5_MISLEADING_SOURCE,100,A4,0.4476532087,-0.1231464357,1,0.98,frozen non-selectable comparator,False
STRESS_0064,R5,R5_MISLEADING_SOURCE,100,B0,0.5707996443,0,0,0,frozen target-only reference,False
STRESS_0064,R5,R5_MISLEADING_SOURCE,100,B4,0.5105180204,-0.06028162604,1,0.71,frozen non-selectable comparator,False
STRESS_0065,R5,R5_MISLEADING_SOURCE,100,A0,0.5690481114,-0.0009056741899,0,0,frozen non-selectable comparator,False
STRESS_0065,R5,R5_MISLEADING_SOURCE,100,A1,0.6509385812,0.08098479559,0.03,0.03,frozen non-selectable comparator,False
STRESS_0065,R5,R5_MISLEADING_SOURCE,100,A2,0.6012414151,0.03128762901,0.17,0.06,frozen selectable architecture,True
STRESS_0065,R5,R5_MISLEADING_SOURCE,100,A3,0.425436959,-0.1445168259,1,0.97,frozen selectable architecture,True
STRESS_0065,R5,R5_MISLEADING_SOURCE,100,A4,0.4381810209,-0.1317727637,1,0.98,frozen non-selectable comparator,False
STRESS_0065,R5,R5_MISLEADING_SOURCE,100,B0,0.5699537864,0,0,0,frozen target-only reference,False
STRESS_0065,R5,R5_MISLEADING_SOURCE,100,B4,0.5100038841,-0.05994990177,1,0.71,frozen non-selectable comparator,False
STRESS_0066,R5,R5_MISLEADING_SOURCE,100,A0,0.5665214762,-0.002385345092,0.01,0,frozen non-selectable comparator,False
STRESS_0066,R5,R5_MISLEADING_SOURCE,100,A1,0.6441511244,0.07524430259,0.04,0.02,frozen non-selectable comparator,False
STRESS_0066,R5,R5_MISLEADING_SOURCE,100,A2,0.5912090757,0.02230225495,0.21,0.11,frozen selectable architecture,True
STRESS_0066,R5,R5_MISLEADING_SOURCE,100,A3,0.4831366262,-0.0857701933,0.99,0.87,frozen selectable architecture,True
STRESS_0066,R5,R5_MISLEADING_SOURCE,100,A4,0.4489349675,-0.1199718568,1,0.96,frozen non-selectable comparator,False
STRESS_0066,R5,R5_MISLEADING_SOURCE,100,B0,0.5689068249,0,0,0,frozen target-only reference,False
STRESS_0066,R5,R5_MISLEADING_SOURCE,100,B4,0.5142809194,-0.05462590372,0.98,0.59,frozen non-selectable comparator,False
STRESS_0067,R5,R5_MISLEADING_SOURCE,100,A0,0.5669265136,-0.001906568078,0.03,0,frozen non-selectable comparator,False
STRESS_0067,R5,R5_MISLEADING_SOURCE,100,A1,0.6376321623,0.06879907603,0.08,0.03,frozen non-selectable comparator,False
STRESS_0067,R5,R5_MISLEADING_SOURCE,100,A2,0.588797285,0.01996419939,0.19,0.11,frozen selectable architecture,True
STRESS_0067,R5,R5_MISLEADING_SOURCE,100,A3,0.4497134489,-0.1191196351,1,0.96,frozen selectable architecture,True
STRESS_0067,R5,R5_MISLEADING_SOURCE,100,A4,0.4462058416,-0.1226272427,1,0.99,frozen non-selectable comparator,False
STRESS_0067,R5,R5_MISLEADING_SOURCE,100,B0,0.5688330832,0,0,0,frozen target-only reference,False
STRESS_0067,R5,R5_MISLEADING_SOURCE,100,B4,0.5155563509,-0.05327673284,0.99,0.54,frozen non-selectable comparator,False
STRESS_0068,R5,R5_MISLEADING_SOURCE,100,A0,0.5757710281,-0.001420803589,0,0,frozen non-selectable comparator,False
STRESS_0068,R5,R5_MISLEADING_SOURCE,100,A1,0.6377256402,0.0605338067,0.04,0.03,frozen non-selectable comparator,False
STRESS_0068,R5,R5_MISLEADING_SOURCE,100,A2,0.5984232971,0.02123146443,0.26,0.07,frozen selectable architecture,True
STRESS_0068,R5,R5_MISLEADING_SOURCE,100,A3,0.4408568177,-0.1363350161,1,0.97,frozen selectable architecture,True
STRESS_0068,R5,R5_MISLEADING_SOURCE,100,A4,0.4556103724,-0.1215814608,1,0.96,frozen non-selectable comparator,False
STRESS_0068,R5,R5_MISLEADING_SOURCE,100,B0,0.5771918339,0,0,0,frozen target-only reference,False
STRESS_0068,R5,R5_MISLEADING_SOURCE,100,B4,0.5209994689,-0.05619236233,0.98,0.61,frozen non-selectable comparator,False
STRESS_0069,R5,R5_MISLEADING_SOURCE,100,A0,0.5670602968,-0.001991949539,0.01,0,frozen non-selectable comparator,False
STRESS_0069,R5,R5_MISLEADING_SOURCE,100,A1,0.6101348633,0.0410826184,0.15,0.08,frozen non-selectable comparator,False
STRESS_0069,R5,R5_MISLEADING_SOURCE,100,A2,0.5767164496,0.007664205578,0.29,0.13,frozen selectable architecture,True
STRESS_0069,R5,R5_MISLEADING_SOURCE,100,A3,0.4982946476,-0.07075759626,0.93,0.7,frozen selectable architecture,True
STRESS_0069,R5,R5_MISLEADING_SOURCE,100,A4,0.467552695,-0.1014995489,0.97,0.93,frozen non-selectable comparator,False
STRESS_0069,R5,R5_MISLEADING_SOURCE,100,B0,0.5690522441,0,0,0,frozen target-only reference,False
STRESS_0069,R5,R5_MISLEADING_SOURCE,100,B4,0.5270130152,-0.04203923232,0.93,0.29,frozen non-selectable comparator,False
STRESS_0070,R5,R5_MISLEADING_SOURCE,100,A0,0.5667132971,-0.002367146286,0.03,0,frozen non-selectable comparator,False
STRESS_0070,R5,R5_MISLEADING_SOURCE,100,A1,0.6113298711,0.04224942886,0.18,0.07,frozen non-selectable comparator,False
STRESS_0070,R5,R5_MISLEADING_SOURCE,100,A2,0.5745829242,0.005502477671,0.32,0.17,frozen selectable architecture,True
STRESS_0070,R5,R5_MISLEADING_SOURCE,100,A3,0.460094395,-0.1089860492,1,0.94,frozen selectable architecture,True
STRESS_0070,R5,R5_MISLEADING_SOURCE,100,A4,0.4638863409,-0.1051941025,0.99,0.96,frozen non-selectable comparator,False
STRESS_0070,R5,R5_MISLEADING_SOURCE,100,B0,0.5690804422,0,0,0,frozen target-only reference,False
STRESS_0070,R5,R5_MISLEADING_SOURCE,100,B4,0.5251626042,-0.0439178387,0.95,0.27,frozen non-selectable comparator,False
STRESS_0071,R5,R5_MISLEADING_SOURCE,100,A0,0.5739404967,-0.0007653959918,0,0,frozen non-selectable comparator,False
STRESS_0071,R5,R5_MISLEADING_SOURCE,100,A1,0.6168209812,0.04211508729,0.13,0.09,frozen non-selectable comparator,False
STRESS_0071,R5,R5_MISLEADING_SOURCE,100,A2,0.5834138259,0.008707929999,0.27,0.11,frozen selectable architecture,True
STRESS_0071,R5,R5_MISLEADING_SOURCE,100,A3,0.4510858157,-0.1236200804,1,0.97,frozen selectable architecture,True
STRESS_0071,R5,R5_MISLEADING_SOURCE,100,A4,0.4752367797,-0.09946911502,0.99,0.95,frozen non-selectable comparator,False
STRESS_0071,R5,R5_MISLEADING_SOURCE,100,B0,0.5747058976,0,0,0,frozen target-only reference,False
STRESS_0071,R5,R5_MISLEADING_SOURCE,100,B4,0.5322426355,-0.04246326106,0.95,0.3,frozen non-selectable comparator,False
STRESS_0072,R2,R2_PARTIALLY_TRANSPORTABLE,100,A0,0.5230772424,-0.0007791989653,0,0,frozen non-selectable comparator,False
STRESS_0072,R2,R2_PARTIALLY_TRANSPORTABLE,100,A1,0.5032144737,-0.02064197182,0.52,0.28,frozen non-selectable comparator,False
STRESS_0072,R2,R2_PARTIALLY_TRANSPORTABLE,100,A2,0.5186263627,-0.005230083766,0.28,0.05,frozen selectable architecture,True
STRESS_0072,R2,R2_PARTIALLY_TRANSPORTABLE,100,A3,0.5471842152,0.02332777116,0.05,0,frozen selectable architecture,True
STRESS_0072,R2,R2_PARTIALLY_TRANSPORTABLE,100,A4,0.540412342,0.01655589629,0.09,0,frozen non-selectable comparator,False
STRESS_0072,R2,R2_PARTIALLY_TRANSPORTABLE,100,B0,0.5238564467,0,0,0,frozen target-only reference,False
STRESS_0072,R2,R2_PARTIALLY_TRANSPORTABLE,100,B4,0.5338069189,0.009950474349,0,0,frozen non-selectable comparator,False
STRESS_0073,R2,R2_PARTIALLY_TRANSPORTABLE,100,A0,0.5219701105,-6.915299769e-05,0,0,frozen non-selectable comparator,False
STRESS_0073,R2,R2_PARTIALLY_TRANSPORTABLE,100,A1,0.5047213665,-0.0173178999,0.47,0.28,frozen non-selectable comparator,False
STRESS_0073,R2,R2_PARTIALLY_TRANSPORTABLE,100,A2,0.5185205385,-0.003518724656,0.34,0.08,frozen selectable architecture,True
STRESS_0073,R2,R2_PARTIALLY_TRANSPORTABLE,100,A3,0.5466173175,0.02457805279,0.04,0,frozen selectable architecture,True
STRESS_0073,R2,R2_PARTIALLY_TRANSPORTABLE,100,A4,0.5354326203,0.01339335698,0.08,0.01,frozen non-selectable comparator,False
STRESS_0073,R2,R2_PARTIALLY_TRANSPORTABLE,100,B0,0.5220392635,0,0,0,frozen target-only reference,False
STRESS_0073,R2,R2_PARTIALLY_TRANSPORTABLE,100,B4,0.5296169066,0.007577643558,0,0,frozen non-selectable comparator,False
STRESS_0074,R2,R2_PARTIALLY_TRANSPORTABLE,100,A0,0.5187357959,-0.002473476724,0,0,frozen non-selectable comparator,False
STRESS_0074,R2,R2_PARTIALLY_TRANSPORTABLE,100,A1,0.5016179103,-0.01959136311,0.54,0.3,frozen non-selectable comparator,False
STRESS_0074,R2,R2_PARTIALLY_TRANSPORTABLE,100,A2,0.520443531,-0.0007657464175,0.38,0.17,frozen selectable architecture,True
STRESS_0074,R2,R2_PARTIALLY_TRANSPORTABLE,100,A3,0.5418355811,0.02062630866,0.12,0,frozen selectable architecture,True
STRESS_0074,R2,R2_PARTIALLY_TRANSPORTABLE,100,A4,0.5357295969,0.01452032148,0.15,0.02,frozen non-selectable comparator,False
STRESS_0074,R2,R2_PARTIALLY_TRANSPORTABLE,100,B0,0.5212092745,0,0,0,frozen target-only reference,False
STRESS_0074,R2,R2_PARTIALLY_TRANSPORTABLE,100,B4,0.5293577147,0.008148441371,0,0,frozen non-selectable comparator,False
STRESS_0075,R2,R2_PARTIALLY_TRANSPORTABLE,100,A0,0.5231213337,-0.0001381231102,0,0,frozen non-selectable comparator,False
STRESS_0075,R2,R2_PARTIALLY_TRANSPORTABLE,100,A1,0.5044067335,-0.01885272309,0.45,0.26,frozen non-selectable comparator,False
STRESS_0075,R2,R2_PARTIALLY_TRANSPORTABLE,100,A2,0.5189284274,-0.004331030208,0.27,0.09,frozen selectable architecture,True
STRESS_0075,R2,R2_PARTIALLY_TRANSPORTABLE,100,A3,0.5486834681,0.02542401294,0.06,0,frozen selectable architecture,True
STRESS_0075,R2,R2_PARTIALLY_TRANSPORTABLE,100,A4,0.5379155472,0.0146560918,0.08,0,frozen non-selectable comparator,False
STRESS_0075,R2,R2_PARTIALLY_TRANSPORTABLE,100,B0,0.5232594591,0,0,0,frozen target-only reference,False
STRESS_0075,R2,R2_PARTIALLY_TRANSPORTABLE,100,B4,0.5327214992,0.009462040242,0,0,frozen non-selectable comparator,False
STRESS_0076,R2,R2_PARTIALLY_TRANSPORTABLE,100,A0,0.5171061292,-0.0004209519534,0,0,frozen non-selectable comparator,False
STRESS_0076,R2,R2_PARTIALLY_TRANSPORTABLE,100,A1,0.5127717048,-0.004755378995,0.38,0.21,frozen non-selectable comparator,False
STRESS_0076,R2,R2_PARTIALLY_TRANSPORTABLE,100,A2,0.5204096413,0.002882556475,0.3,0.09,frozen selectable architecture,True
STRESS_0076,R2,R2_PARTIALLY_TRANSPORTABLE,100,A3,0.5456411967,0.0281141128,0.03,0,frozen selectable architecture,True
STRESS_0076,R2,R2_PARTIALLY_TRANSPORTABLE,100,A4,0.5345500693,0.01702298425,0.11,0.01,frozen non-selectable comparator,False
STRESS_0076,R2,R2_PARTIALLY_TRANSPORTABLE,100,B0,0.5175270867,0,0,0,frozen target-only reference,False
STRESS_0076,R2,R2_PARTIALLY_TRANSPORTABLE,100,B4,0.5270063192,0.009479235409,0,0,frozen non-selectable comparator,False
STRESS_0077,R2,R2_PARTIALLY_TRANSPORTABLE,100,A0,0.5174853313,-0.000507714544,0,0,frozen non-selectable comparator,False
STRESS_0077,R2,R2_PARTIALLY_TRANSPORTABLE,100,A1,0.4907325339,-0.02726050795,0.55,0.29,frozen non-selectable comparator,False
STRESS_0077,R2,R2_PARTIALLY_TRANSPORTABLE,100,A2,0.517649118,-0.0003439231642,0.32,0.09,frozen selectable architecture,True
STRESS_0077,R2,R2_PARTIALLY_TRANSPORTABLE,100,A3,0.5451740599,0.02718101624,0.08,0.02,frozen selectable architecture,True
STRESS_0077,R2,R2_PARTIALLY_TRANSPORTABLE,100,A4,0.5373780093,0.01938496732,0.1,0,frozen non-selectable comparator,False
STRESS_0077,R2,R2_PARTIALLY_TRANSPORTABLE,100,B0,0.5179930413,0,0,0,frozen target-only reference,False
STRESS_0077,R2,R2_PARTIALLY_TRANSPORTABLE,100,B4,0.5258829546,0.007889911374,0,0,frozen non-selectable comparator,False
STRESS_0078,R2,R2_PARTIALLY_TRANSPORTABLE,100,A0,0.5210106137,1.069438302e-05,0,0,frozen non-selectable comparator,False
STRESS_0078,R2,R2_PARTIALLY_TRANSPORTABLE,100,A1,0.4973721984,-0.02362771909,0.54,0.32,frozen non-selectable comparator,False
STRESS_0078,R2,R2_PARTIALLY_TRANSPORTABLE,100,A2,0.5146525875,-0.00634733022,0.31,0.07,frozen selectable architecture,True
STRESS_0078,R2,R2_PARTIALLY_TRANSPORTABLE,100,A3,0.5453513148,0.02435139878,0.05,0.01,frozen selectable architecture,True
STRESS_0078,R2,R2_PARTIALLY_TRANSPORTABLE,100,A4,0.5366322762,0.01563236209,0.14,0.01,frozen non-selectable comparator,False
STRESS_0078,R2,R2_PARTIALLY_TRANSPORTABLE,100,B0,0.5209999183,0,0,0,frozen target-only reference,False
STRESS_0078,R2,R2_PARTIALLY_TRANSPORTABLE,100,B4,0.5306595153,0.00965960011,0.01,0,frozen non-selectable comparator,False
STRESS_0079,R2,R2_PARTIALLY_TRANSPORTABLE,100,A0,0.515043042,-0.0002295090283,0,0,frozen non-selectable comparator,False
STRESS_0079,R2,R2_PARTIALLY_TRANSPORTABLE,100,A1,0.494867537,-0.02040501542,0.54,0.28,frozen non-selectable comparator,False
STRESS_0079,R2,R2_PARTIALLY_TRANSPORTABLE,100,A2,0.5159283292,0.0006557744604,0.27,0.09,frozen selectable architecture,True
STRESS_0079,R2,R2_PARTIALLY_TRANSPORTABLE,100,A3,0.5480976695,0.03282511815,0.02,0,frozen selectable architecture,True
STRESS_0079,R2,R2_PARTIALLY_TRANSPORTABLE,100,A4,0.5356712794,0.02039872516,0.06,0,frozen non-selectable comparator,False
STRESS_0079,R2,R2_PARTIALLY_TRANSPORTABLE,100,B0,0.5152725515,0,0,0,frozen target-only reference,False
STRESS_0079,R2,R2_PARTIALLY_TRANSPORTABLE,100,B4,0.5255545485,0.01028199909,0,0,frozen non-selectable comparator,False
STRESS_0080,R2,R2_PARTIALLY_TRANSPORTABLE,100,A0,0.5063295305,-0.0008047267071,0.01,0,frozen non-selectable comparator,False
STRESS_0080,R2,R2_PARTIALLY_TRANSPORTABLE,100,A1,0.4979028365,-0.00923142222,0.44,0.2,frozen non-selectable comparator,False
STRESS_0080,R2,R2_PARTIALLY_TRANSPORTABLE,100,A2,0.5171241412,0.009989887169,0.22,0.06,frozen selectable architecture,True
STRESS_0080,R2,R2_PARTIALLY_TRANSPORTABLE,100,A3,0.535825538,0.02869128019,0.06,0,frozen selectable architecture,True
STRESS_0080,R2,R2_PARTIALLY_TRANSPORTABLE,100,A4,0.5230498493,0.01591558958,0.12,0,frozen non-selectable comparator,False
STRESS_0080,R2,R2_PARTIALLY_TRANSPORTABLE,100,B0,0.5071342555,0,0,0,frozen target-only reference,False
STRESS_0080,R2,R2_PARTIALLY_TRANSPORTABLE,100,B4,0.513476831,0.00634257324,0,0,frozen non-selectable comparator,False
STRESS_0081,R2,R2_PARTIALLY_TRANSPORTABLE,100,A0,0.5192051712,-0.0006560514894,0,0,frozen non-selectable comparator,False
STRESS_0081,R2,R2_PARTIALLY_TRANSPORTABLE,100,A1,0.5012495562,-0.01861166646,0.45,0.34,frozen non-selectable comparator,False
STRESS_0081,R2,R2_PARTIALLY_TRANSPORTABLE,100,A2,0.5189197499,-0.0009414746827,0.32,0.09,frozen selectable architecture,True
STRESS_0081,R2,R2_PARTIALLY_TRANSPORTABLE,100,A3,0.5486508486,0.02878962744,0.09,0.01,frozen selectable architecture,True
STRESS_0081,R2,R2_PARTIALLY_TRANSPORTABLE,100,A4,0.5386898714,0.01882864769,0.11,0.01,frozen non-selectable comparator,False
STRESS_0081,R2,R2_PARTIALLY_TRANSPORTABLE,100,B0,0.519861221,0,0,0,frozen target-only reference,False
STRESS_0081,R2,R2_PARTIALLY_TRANSPORTABLE,100,B4,0.5301192576,0.01025803711,0,0,frozen non-selectable comparator,False
STRESS_0082,R2,R2_PARTIALLY_TRANSPORTABLE,100,A0,0.5201917398,-0.0004975436996,0,0,frozen non-selectable comparator,False
STRESS_0082,R2,R2_PARTIALLY_TRANSPORTABLE,100,A1,0.5028457782,-0.01784350414,0.49,0.31,frozen non-selectable comparator,False
STRESS_0082,R2,R2_PARTIALLY_TRANSPORTABLE,100,A2,0.5254806554,0.004791374628,0.26,0.03,frozen selectable architecture,True
STRESS_0082,R2,R2_PARTIALLY_TRANSPORTABLE,100,A3,0.5381971237,0.01750784056,0.09,0.03,frozen selectable architecture,True
STRESS_0082,R2,R2_PARTIALLY_TRANSPORTABLE,100,A4,0.5433953699,0.02270608682,0.04,0,frozen non-selectable comparator,False
STRESS_0082,R2,R2_PARTIALLY_TRANSPORTABLE,100,B0,0.5206892818,0,0,0,frozen target-only reference,False
STRESS_0082,R2,R2_PARTIALLY_TRANSPORTABLE,100,B4,0.5321717054,0.01148242204,0,0,frozen non-selectable comparator,False
STRESS_0083,R2,R2_PARTIALLY_TRANSPORTABLE,100,A0,0.5165058812,-0.0009918387101,0,0,frozen non-selectable comparator,False
STRESS_0083,R2,R2_PARTIALLY_TRANSPORTABLE,100,A1,0.4976739284,-0.01982379305,0.48,0.28,frozen non-selectable comparator,False
STRESS_0083,R2,R2_PARTIALLY_TRANSPORTABLE,100,A2,0.5172445959,-0.0002531264388,0.31,0.1,frozen selectable architecture,True
STRESS_0083,R2,R2_PARTIALLY_TRANSPORTABLE,100,A3,0.5110218367,-0.006475883756,0.32,0.07,frozen selectable architecture,True
STRESS_0083,R2,R2_PARTIALLY_TRANSPORTABLE,100,A4,0.5357257223,0.01822800202,0.08,0.01,frozen non-selectable comparator,False
STRESS_0083,R2,R2_PARTIALLY_TRANSPORTABLE,100,B0,0.5174977228,0,0,0,frozen target-only reference,False
STRESS_0083,R2,R2_PARTIALLY_TRANSPORTABLE,100,B4,0.5277589005,0.01026117979,0.01,0,frozen non-selectable comparator,False
STRESS_0084,R2,R2_PARTIALLY_TRANSPORTABLE,100,A0,0.5163030761,-0.0007381061822,0,0,frozen non-selectable comparator,False
STRESS_0084,R2,R2_PARTIALLY_TRANSPORTABLE,100,A1,0.4939865574,-0.02305462601,0.53,0.3,frozen non-selectable comparator,False
STRESS_0084,R2,R2_PARTIALLY_TRANSPORTABLE,100,A2,0.5168034074,-0.0002377761453,0.28,0.1,frozen selectable architecture,True
STRESS_0084,R2,R2_PARTIALLY_TRANSPORTABLE,100,A3,0.5414782158,0.02443703208,0.08,0,frozen selectable architecture,True
STRESS_0084,R2,R2_PARTIALLY_TRANSPORTABLE,100,A4,0.5341525403,0.01711135706,0.08,0,frozen non-selectable comparator,False
STRESS_0084,R2,R2_PARTIALLY_TRANSPORTABLE,100,B0,0.5170411822,0,0,0,frozen target-only reference,False
STRESS_0084,R2,R2_PARTIALLY_TRANSPORTABLE,100,B4,0.5264515299,0.009410348881,0,0,frozen non-selectable comparator,False
STRESS_0085,R2,R2_PARTIALLY_TRANSPORTABLE,100,A0,0.5206148303,-0.0004221301491,0,0,frozen non-selectable comparator,False
STRESS_0085,R2,R2_PARTIALLY_TRANSPORTABLE,100,A1,0.5077681717,-0.01326878969,0.45,0.21,frozen non-selectable comparator,False
STRESS_0085,R2,R2_PARTIALLY_TRANSPORTABLE,100,A2,0.5188714716,-0.002165492278,0.27,0.1,frozen selectable architecture,True
STRESS_0085,R2,R2_PARTIALLY_TRANSPORTABLE,100,A3,0.5312200472,0.01018308422,0.12,0.03,frozen selectable architecture,True
STRESS_0085,R2,R2_PARTIALLY_TRANSPORTABLE,100,A4,0.5323320803,0.01129512037,0.12,0.03,frozen non-selectable comparator,False
STRESS_0085,R2,R2_PARTIALLY_TRANSPORTABLE,100,B0,0.5210369605,0,0,0,frozen target-only reference,False
STRESS_0085,R2,R2_PARTIALLY_TRANSPORTABLE,100,B4,0.5282078269,0.007170866781,0,0,frozen non-selectable comparator,False
STRESS_0086,R2,R2_PARTIALLY_TRANSPORTABLE,100,A0,0.5193733793,-0.0005992619555,0,0,frozen non-selectable comparator,False
STRESS_0086,R2,R2_PARTIALLY_TRANSPORTABLE,100,A1,0.4965598387,-0.02341280065,0.56,0.24,frozen non-selectable comparator,False
STRESS_0086,R2,R2_PARTIALLY_TRANSPORTABLE,100,A2,0.5212732777,0.001300635125,0.27,0.02,frozen selectable architecture,True
STRESS_0086,R2,R2_PARTIALLY_TRANSPORTABLE,100,A3,0.5159304413,-0.004042197293,0.32,0.05,frozen selectable architecture,True
STRESS_0086,R2,R2_PARTIALLY_TRANSPORTABLE,100,A4,0.5349335915,0.01496095131,0.14,0.02,frozen non-selectable comparator,False
STRESS_0086,R2,R2_PARTIALLY_TRANSPORTABLE,100,B0,0.5199726406,0,0,0,frozen target-only reference,False
STRESS_0086,R2,R2_PARTIALLY_TRANSPORTABLE,100,B4,0.528775304,0.008802663087,0.01,0,frozen non-selectable comparator,False
STRESS_0087,R2,R2_PARTIALLY_TRANSPORTABLE,100,A0,0.5171412501,-0.0004356007788,0,0,frozen non-selectable comparator,False
STRESS_0087,R2,R2_PARTIALLY_TRANSPORTABLE,100,A1,0.4971763781,-0.02040046858,0.49,0.23,frozen non-selectable comparator,False
STRESS_0087,R2,R2_PARTIALLY_TRANSPORTABLE,100,A2,0.5155594525,-0.002017398885,0.33,0.04,frozen selectable architecture,True
STRESS_0087,R2,R2_PARTIALLY_TRANSPORTABLE,100,A3,0.539867371,0.02229052189,0.07,0,frozen selectable architecture,True
STRESS_0087,R2,R2_PARTIALLY_TRANSPORTABLE,100,A4,0.5292834678,0.01170662166,0.11,0,frozen non-selectable comparator,False
STRESS_0087,R2,R2_PARTIALLY_TRANSPORTABLE,100,B0,0.5175768486,0,0,0,frozen target-only reference,False
STRESS_0087,R2,R2_PARTIALLY_TRANSPORTABLE,100,B4,0.5242314097,0.006654561038,0,0,frozen non-selectable comparator,False
STRESS_0088,R2,R2_PARTIALLY_TRANSPORTABLE,100,A0,0.5195874658,-0.0007766156154,0,0,frozen non-selectable comparator,False
STRESS_0088,R2,R2_PARTIALLY_TRANSPORTABLE,100,A1,0.4966418606,-0.02372221878,0.58,0.27,frozen non-selectable comparator,False
STRESS_0088,R2,R2_PARTIALLY_TRANSPORTABLE,100,A2,0.5111160639,-0.009248015939,0.42,0.07,frozen selectable architecture,True
STRESS_0088,R2,R2_PARTIALLY_TRANSPORTABLE,100,A3,0.5255444708,0.00518039088,0.24,0.09,frozen selectable architecture,True
STRESS_0088,R2,R2_PARTIALLY_TRANSPORTABLE,100,A4,0.5269905382,0.006626458134,0.2,0.02,frozen non-selectable comparator,False
STRESS_0088,R2,R2_PARTIALLY_TRANSPORTABLE,100,B0,0.5203640789,0,0,0,frozen target-only reference,False
STRESS_0088,R2,R2_PARTIALLY_TRANSPORTABLE,100,B4,0.5258036566,0.005439577865,0,0,frozen non-selectable comparator,False
STRESS_0089,R2,R2_PARTIALLY_TRANSPORTABLE,100,A0,0.5204124093,-0.0007413559865,0,0,frozen non-selectable comparator,False
STRESS_0089,R2,R2_PARTIALLY_TRANSPORTABLE,100,A1,0.5026838368,-0.01846992738,0.46,0.23,frozen non-selectable comparator,False
STRESS_0089,R2,R2_PARTIALLY_TRANSPORTABLE,100,A2,0.5167983398,-0.004355427931,0.3,0.08,frozen selectable architecture,True
STRESS_0089,R2,R2_PARTIALLY_TRANSPORTABLE,100,A3,0.5158961612,-0.005257603991,0.27,0.08,frozen selectable architecture,True
STRESS_0089,R2,R2_PARTIALLY_TRANSPORTABLE,100,A4,0.5330033857,0.01184962002,0.12,0.03,frozen non-selectable comparator,False
STRESS_0089,R2,R2_PARTIALLY_TRANSPORTABLE,100,B0,0.5211537653,0,0,0,frozen target-only reference,False
STRESS_0089,R2,R2_PARTIALLY_TRANSPORTABLE,100,B4,0.5279311872,0.006777422224,0,0,frozen non-selectable comparator,False
STRESS_0090,R5,R5_MISLEADING_SOURCE,100,A0,0.5788528705,-0.0005871563216,0,0,frozen non-selectable comparator,False
STRESS_0090,R5,R5_MISLEADING_SOURCE,100,A1,0.6556363189,0.07619629067,0.02,0.01,frozen non-selectable comparator,False
STRESS_0090,R5,R5_MISLEADING_SOURCE,100,A2,0.6108176637,0.03137763739,0.12,0.03,frozen selectable architecture,True
STRESS_0090,R5,R5_MISLEADING_SOURCE,100,A3,0.4916864586,-0.08775356621,0.99,0.88,frozen selectable architecture,True
STRESS_0090,R5,R5_MISLEADING_SOURCE,100,A4,0.4528614658,-0.1265785604,1,0.98,frozen non-selectable comparator,False
STRESS_0090,R5,R5_MISLEADING_SOURCE,100,B0,0.5794400257,0,0,0,frozen target-only reference,False
STRESS_0090,R5,R5_MISLEADING_SOURCE,100,B4,0.5290184325,-0.0504215936,1,0.45,frozen non-selectable comparator,False
STRESS_0091,R5,R5_MISLEADING_SOURCE,100,A0,0.5837767702,-0.001047785526,0,0,frozen non-selectable comparator,False
STRESS_0091,R5,R5_MISLEADING_SOURCE,100,A1,0.6551838559,0.07035929736,0.02,0.02,frozen non-selectable comparator,False
STRESS_0091,R5,R5_MISLEADING_SOURCE,100,A2,0.6132854253,0.0284608697,0.18,0.08,frozen selectable architecture,True
STRESS_0091,R5,R5_MISLEADING_SOURCE,100,A3,0.5034954819,-0.08132907338,0.99,0.89,frozen selectable architecture,True
STRESS_0091,R5,R5_MISLEADING_SOURCE,100,A4,0.464773936,-0.1200506185,1,0.99,frozen non-selectable comparator,False
STRESS_0091,R5,R5_MISLEADING_SOURCE,100,B0,0.5848245531,0,0,0,frozen target-only reference,False
STRESS_0091,R5,R5_MISLEADING_SOURCE,100,B4,0.5423288777,-0.04249567941,1,0.22,frozen non-selectable comparator,False
STRESS_0092,R5,R5_MISLEADING_SOURCE,100,A0,0.5858046207,-0.004538399587,0.05,0,frozen non-selectable comparator,False
STRESS_0092,R5,R5_MISLEADING_SOURCE,100,A1,0.6675659657,0.07722294767,0.01,0,frozen non-selectable comparator,False
STRESS_0092,R5,R5_MISLEADING_SOURCE,100,A2,0.6292537993,0.03891077971,0.07,0.02,frozen selectable architecture,True
STRESS_0092,R5,R5_MISLEADING_SOURCE,100,A3,0.5267942297,-0.06354878986,0.95,0.61,frozen selectable architecture,True
STRESS_0092,R5,R5_MISLEADING_SOURCE,100,A4,0.4854312405,-0.1049117824,0.99,0.9,frozen non-selectable comparator,False
STRESS_0092,R5,R5_MISLEADING_SOURCE,100,B0,0.5903430197,0,0,0,frozen target-only reference,False
STRESS_0092,R5,R5_MISLEADING_SOURCE,100,B4,0.5548907426,-0.03545228019,0.92,0.11,frozen non-selectable comparator,False
STRESS_0093,R5,R5_MISLEADING_SOURCE,100,A0,0.5825346193,0.0004493843253,0,0,frozen non-selectable comparator,False
STRESS_0093,R5,R5_MISLEADING_SOURCE,100,A1,0.6533804983,0.0712952632,0.01,0.01,frozen non-selectable comparator,False
STRESS_0093,R5,R5_MISLEADING_SOURCE,100,A2,0.6108188367,0.0287335991,0.15,0.08,frozen selectable architecture,True
STRESS_0093,R5,R5_MISLEADING_SOURCE,100,A3,0.4914809176,-0.09060431616,1,0.91,frozen selectable architecture,True
STRESS_0093,R5,R5_MISLEADING_SOURCE,100,A4,0.4513150755,-0.1307701597,1,0.99,frozen non-selectable comparator,False
STRESS_0093,R5,R5_MISLEADING_SOURCE,100,B0,0.5820852357,0,0,0,frozen target-only reference,False
STRESS_0093,R5,R5_MISLEADING_SOURCE,100,B4,0.532038233,-0.05004700063,0.99,0.51,frozen non-selectable comparator,False
STRESS_0094,R5,R5_MISLEADING_SOURCE,100,A0,0.5779783598,-0.001626149785,0.01,0,frozen non-selectable comparator,False
STRESS_0094,R5,R5_MISLEADING_SOURCE,100,A1,0.6570637339,0.07745922479,0.01,0,frozen non-selectable comparator,False
STRESS_0094,R5,R5_MISLEADING_SOURCE,100,A2,0.6161652598,0.03656074932,0.1,0.06,frozen selectable architecture,True
STRESS_0094,R5,R5_MISLEADING_SOURCE,100,A3,0.5009504369,-0.07865407239,0.96,0.83,frozen selectable architecture,True
STRESS_0094,R5,R5_MISLEADING_SOURCE,100,A4,0.4574114981,-0.1221930141,0.99,0.98,frozen non-selectable comparator,False
STRESS_0094,R5,R5_MISLEADING_SOURCE,100,B0,0.5796045101,0,0,0,frozen target-only reference,False
STRESS_0094,R5,R5_MISLEADING_SOURCE,100,B4,0.5363580945,-0.04324641857,0.98,0.27,frozen non-selectable comparator,False
STRESS_0095,R5,R5_MISLEADING_SOURCE,100,A0,0.5779053172,-0.005063686386,0.01,0,frozen non-selectable comparator,False
STRESS_0095,R5,R5_MISLEADING_SOURCE,100,A1,0.6707281792,0.08775917479,0.01,0.01,frozen non-selectable comparator,False
STRESS_0095,R5,R5_MISLEADING_SOURCE,100,A2,0.6246554089,0.04168640646,0.14,0.06,frozen selectable architecture,True
STRESS_0095,R5,R5_MISLEADING_SOURCE,100,A3,0.5196393368,-0.0633296677,0.92,0.71,frozen selectable architecture,True
STRESS_0095,R5,R5_MISLEADING_SOURCE,100,A4,0.4715117842,-0.11145722,1,0.98,frozen non-selectable comparator,False
STRESS_0095,R5,R5_MISLEADING_SOURCE,100,B0,0.5829690057,0,0,0,frozen target-only reference,False
STRESS_0095,R5,R5_MISLEADING_SOURCE,100,B4,0.5467547455,-0.03621426081,0.93,0.15,frozen non-selectable comparator,False
STRESS_0096,R5,R5_MISLEADING_SOURCE,100,A0,0.5770106605,-0.001695959796,0,0,frozen non-selectable comparator,False
STRESS_0096,R5,R5_MISLEADING_SOURCE,100,A1,0.6466132849,0.06790666077,0.02,0,frozen non-selectable comparator,False
STRESS_0096,R5,R5_MISLEADING_SOURCE,100,A2,0.5947087681,0.01600214677,0.19,0.1,frozen selectable architecture,True
STRESS_0096,R5,R5_MISLEADING_SOURCE,100,A3,0.4979551217,-0.08075149654,0.98,0.83,frozen selectable architecture,True
STRESS_0096,R5,R5_MISLEADING_SOURCE,100,A4,0.4526766449,-0.1260299752,1,0.96,frozen non-selectable comparator,False
STRESS_0096,R5,R5_MISLEADING_SOURCE,100,B0,0.5787066174,0,0,0,frozen target-only reference,False
STRESS_0096,R5,R5_MISLEADING_SOURCE,100,B4,0.529948034,-0.04875858534,0.99,0.49,frozen non-selectable comparator,False
STRESS_0097,R5,R5_MISLEADING_SOURCE,100,A0,0.5849591705,-0.001567927796,0,0,frozen non-selectable comparator,False
STRESS_0097,R5,R5_MISLEADING_SOURCE,100,A1,0.6540184975,0.06749139455,0.01,0,frozen non-selectable comparator,False
STRESS_0097,R5,R5_MISLEADING_SOURCE,100,A2,0.6159919706,0.02946487133,0.15,0.1,frozen selectable architecture,True
STRESS_0097,R5,R5_MISLEADING_SOURCE,100,A3,0.5121212435,-0.07440585528,0.97,0.76,frozen selectable architecture,True
STRESS_0097,R5,R5_MISLEADING_SOURCE,100,A4,0.4695758238,-0.1169512781,1,0.96,frozen non-selectable comparator,False
STRESS_0097,R5,R5_MISLEADING_SOURCE,100,B0,0.5865271002,0,0,0,frozen target-only reference,False
STRESS_0097,R5,R5_MISLEADING_SOURCE,100,B4,0.5423143387,-0.04421276072,0.97,0.34,frozen non-selectable comparator,False
STRESS_0098,R5,R5_MISLEADING_SOURCE,100,A0,0.5841416743,-0.00344571041,0,0,frozen non-selectable comparator,False
STRESS_0098,R5,R5_MISLEADING_SOURCE,100,A1,0.660089218,0.07250183484,0.04,0.01,frozen non-selectable comparator,False
STRESS_0098,R5,R5_MISLEADING_SOURCE,100,A2,0.6181990114,0.03061162922,0.13,0.05,frozen selectable architecture,True
STRESS_0098,R5,R5_MISLEADING_SOURCE,100,A3,0.5246744505,-0.06291293109,0.91,0.61,frozen selectable architecture,True
STRESS_0098,R5,R5_MISLEADING_SOURCE,100,A4,0.4808798468,-0.1067075358,0.97,0.94,frozen non-selectable comparator,False
STRESS_0098,R5,R5_MISLEADING_SOURCE,100,B0,0.5875873855,0,0,0,frozen target-only reference,False
STRESS_0098,R5,R5_MISLEADING_SOURCE,100,B4,0.5537821913,-0.03380519199,0.87,0.11,frozen non-selectable comparator,False
STRESS_0099,R5,R5_MISLEADING_SOURCE,100,A0,0.5830885398,-0.001756327935,0,0,frozen non-selectable comparator,False
STRESS_0099,R5,R5_MISLEADING_SOURCE,100,A1,0.6564478588,0.07160299073,0.03,0.02,frozen non-selectable comparator,False
STRESS_0099,R5,R5_MISLEADING_SOURCE,100,A2,0.6208605421,0.03601567888,0.12,0.05,frozen selectable architecture,True
STRESS_0099,R5,R5_MISLEADING_SOURCE,100,A3,0.505489403,-0.07935546401,0.98,0.85,frozen selectable architecture,True
STRESS_0099,R5,R5_MISLEADING_SOURCE,100,A4,0.464101305,-0.1207435607,1,0.97,frozen non-selectable comparator,False
STRESS_0099,R5,R5_MISLEADING_SOURCE,100,B0,0.5848448673,0,0,0,frozen target-only reference,False
STRESS_0099,R5,R5_MISLEADING_SOURCE,100,B4,0.5412813061,-0.04356355781,0.96,0.28,frozen non-selectable comparator,False
STRESS_0100,R5,R5_MISLEADING_SOURCE,100,A0,0.5902967939,-0.001716234864,0.01,0,frozen non-selectable comparator,False
STRESS_0100,R5,R5_MISLEADING_SOURCE,100,A1,0.6535649052,0.06155187578,0.03,0.02,frozen non-selectable comparator,False
STRESS_0100,R5,R5_MISLEADING_SOURCE,100,A2,0.6193477401,0.02733470845,0.13,0.05,frozen selectable architecture,True
STRESS_0100,R5,R5_MISLEADING_SOURCE,100,A3,0.4682848564,-0.1237281711,1,0.96,frozen selectable architecture,True
STRESS_0100,R5,R5_MISLEADING_SOURCE,100,A4,0.4713911495,-0.1206218816,1,0.96,frozen non-selectable comparator,False
STRESS_0100,R5,R5_MISLEADING_SOURCE,100,B0,0.5920130283,0,0,0,frozen target-only reference,False
STRESS_0100,R5,R5_MISLEADING_SOURCE,100,B4,0.5468511224,-0.04516190695,0.97,0.36,frozen non-selectable comparator,False
STRESS_0101,R5,R5_MISLEADING_SOURCE,100,A0,0.5777027473,-0.001393592994,0.01,0,frozen non-selectable comparator,False
STRESS_0101,R5,R5_MISLEADING_SOURCE,100,A1,0.6437629429,0.06466660367,0.05,0.04,frozen non-selectable comparator,False
STRESS_0101,R5,R5_MISLEADING_SOURCE,100,A2,0.5991119686,0.02001562564,0.19,0.09,frozen selectable architecture,True
STRESS_0101,R5,R5_MISLEADING_SOURCE,100,A3,0.445514991,-0.1335813497,1,1,frozen selectable architecture,True
STRESS_0101,R5,R5_MISLEADING_SOURCE,100,A4,0.4647492272,-0.1143471136,1,0.95,frozen non-selectable comparator,False
STRESS_0101,R5,R5_MISLEADING_SOURCE,100,B0,0.5790963405,0,0,0,frozen target-only reference,False
STRESS_0101,R5,R5_MISLEADING_SOURCE,100,B4,0.5361501867,-0.04294615695,0.95,0.31,frozen non-selectable comparator,False
STRESS_0102,R5,R5_MISLEADING_SOURCE,100,A0,0.5762328145,-0.001561235794,0,0,frozen non-selectable comparator,False
STRESS_0102,R5,R5_MISLEADING_SOURCE,100,A1,0.6445003068,0.06670625878,0.03,0,frozen non-selectable comparator,False
STRESS_0102,R5,R5_MISLEADING_SOURCE,100,A2,0.6031898844,0.0253958389,0.19,0.07,frozen selectable architecture,True
STRESS_0102,R5,R5_MISLEADING_SOURCE,100,A3,0.5070524839,-0.07074156062,0.95,0.75,frozen selectable architecture,True
STRESS_0102,R5,R5_MISLEADING_SOURCE,100,A4,0.4723691598,-0.1054248865,1,0.98,frozen non-selectable comparator,False
STRESS_0102,R5,R5_MISLEADING_SOURCE,100,B0,0.577794047,0,0,0,frozen target-only reference,False
STRESS_0102,R5,R5_MISLEADING_SOURCE,100,B4,0.5387534723,-0.03904057365,0.96,0.18,frozen non-selectable comparator,False
STRESS_0103,R5,R5_MISLEADING_SOURCE,100,A0,0.5823938078,-0.000819972397,0,0,frozen non-selectable comparator,False
STRESS_0103,R5,R5_MISLEADING_SOURCE,100,A1,0.6376926291,0.0544788486,0.07,0.02,frozen non-selectable comparator,False
STRESS_0103,R5,R5_MISLEADING_SOURCE,100,A2,0.599075214,0.01586143441,0.24,0.12,frozen selectable architecture,True
STRESS_0103,R5,R5_MISLEADING_SOURCE,100,A3,0.4742630833,-0.1089506955,1,0.94,frozen selectable architecture,True
STRESS_0103,R5,R5_MISLEADING_SOURCE,100,A4,0.473408742,-0.1098050376,1,0.97,frozen non-selectable comparator,False
STRESS_0103,R5,R5_MISLEADING_SOURCE,100,B0,0.5832137811,0,0,0,frozen target-only reference,False
STRESS_0103,R5,R5_MISLEADING_SOURCE,100,B4,0.5457157737,-0.03749800516,0.94,0.15,frozen non-selectable comparator,False
STRESS_0104,R5,R5_MISLEADING_SOURCE,100,A0,0.5856332207,-0.001461579761,0,0,frozen non-selectable comparator,False
STRESS_0104,R5,R5_MISLEADING_SOURCE,100,A1,0.6427166018,0.05562180134,0.1,0.04,frozen non-selectable comparator,False
STRESS_0104,R5,R5_MISLEADING_SOURCE,100,A2,0.6076911542,0.02059635227,0.19,0.07,frozen selectable architecture,True
STRESS_0104,R5,R5_MISLEADING_SOURCE,100,A3,0.4464401379,-0.1406546616,1,0.98,frozen selectable architecture,True
STRESS_0104,R5,R5_MISLEADING_SOURCE,100,A4,0.4687646139,-0.1183301875,1,0.96,frozen non-selectable comparator,False
STRESS_0104,R5,R5_MISLEADING_SOURCE,100,B0,0.5870948014,0,0,0,frozen target-only reference,False
STRESS_0104,R5,R5_MISLEADING_SOURCE,100,B4,0.544849076,-0.04224572358,0.96,0.26,frozen non-selectable comparator,False
STRESS_0105,R5,R5_MISLEADING_SOURCE,100,A0,0.58145643,-0.002648746235,0,0,frozen non-selectable comparator,False
STRESS_0105,R5,R5_MISLEADING_SOURCE,100,A1,0.6245895982,0.04048441825,0.11,0.07,frozen non-selectable comparator,False
STRESS_0105,R5,R5_MISLEADING_SOURCE,100,A2,0.5935292596,0.00942408166,0.26,0.14,frozen selectable architecture,True
STRESS_0105,R5,R5_MISLEADING_SOURCE,100,A3,0.52166379,-0.06244138571,0.92,0.63,frozen selectable architecture,True
STRESS_0105,R5,R5_MISLEADING_SOURCE,100,A4,0.4860320127,-0.09807316292,0.99,0.88,frozen non-selectable comparator,False
STRESS_0105,R5,R5_MISLEADING_SOURCE,100,B0,0.5841051763,0,0,0,frozen target-only reference,False
STRESS_0105,R5,R5_MISLEADING_SOURCE,100,B4,0.5507540935,-0.03335108337,0.85,0.12,frozen non-selectable comparator,False
STRESS_0106,R5,R5_MISLEADING_SOURCE,100,A0,0.589176167,-0.002327789441,0,0,frozen non-selectable comparator,False
STRESS_0106,R5,R5_MISLEADING_SOURCE,100,A1,0.6246061841,0.03310223008,0.14,0.07,frozen non-selectable comparator,False
STRESS_0106,R5,R5_MISLEADING_SOURCE,100,A2,0.5934259999,0.001922043061,0.35,0.16,frozen selectable architecture,True
STRESS_0106,R5,R5_MISLEADING_SOURCE,100,A3,0.4901123068,-0.101391651,0.99,0.89,frozen selectable architecture,True
STRESS_0106,R5,R5_MISLEADING_SOURCE,100,A4,0.494863714,-0.09664024166,0.96,0.82,frozen non-selectable comparator,False
STRESS_0106,R5,R5_MISLEADING_SOURCE,100,B0,0.5915039602,0,0,0,frozen target-only reference,False
STRESS_0106,R5,R5_MISLEADING_SOURCE,100,B4,0.5617480531,-0.0297559025,0.75,0.09,frozen non-selectable comparator,False
STRESS_0107,R5,R5_MISLEADING_SOURCE,100,A0,0.5848673362,-0.003181936956,0,0,frozen non-selectable comparator,False
STRESS_0107,R5,R5_MISLEADING_SOURCE,100,A1,0.6311721659,0.04312289566,0.07,0,frozen non-selectable comparator,False
STRESS_0107,R5,R5_MISLEADING_SOURCE,100,A2,0.5923726863,0.004323415508,0.27,0.13,frozen selectable architecture,True
STRESS_0107,R5,R5_MISLEADING_SOURCE,100,A3,0.4653750551,-0.1226742186,0.98,0.94,frozen selectable architecture,True
STRESS_0107,R5,R5_MISLEADING_SOURCE,100,A4,0.4901789266,-0.09787034527,0.98,0.86,frozen non-selectable comparator,False
STRESS_0107,R5,R5_MISLEADING_SOURCE,100,B0,0.5880492738,0,0,0,frozen target-only reference,False
STRESS_0107,R5,R5_MISLEADING_SOURCE,100,B4,0.5565393835,-0.03150988536,0.81,0.11,frozen non-selectable comparator,False
STRESS_0108,R2,R2_PARTIALLY_TRANSPORTABLE,100,A0,0.5185021168,-0.001001206594,0,0,frozen non-selectable comparator,False
STRESS_0108,R2,R2_PARTIALLY_TRANSPORTABLE,100,A1,0.4994605961,-0.02004272818,0.5,0.22,frozen non-selectable comparator,False
STRESS_0108,R2,R2_PARTIALLY_TRANSPORTABLE,100,A2,0.5219340265,0.002430703724,0.22,0.06,frozen selectable architecture,True
STRESS_0108,R2,R2_PARTIALLY_TRANSPORTABLE,100,A3,0.5387004846,0.01919716026,0.08,0.01,frozen selectable architecture,True
STRESS_0108,R2,R2_PARTIALLY_TRANSPORTABLE,100,A4,0.5342782027,0.0147748786,0.08,0.01,frozen non-selectable comparator,False
STRESS_0108,R2,R2_PARTIALLY_TRANSPORTABLE,100,B0,0.5195033228,0,0,0,frozen target-only reference,False
STRESS_0108,R2,R2_PARTIALLY_TRANSPORTABLE,100,B4,0.5241073024,0.0046039784,0,0,frozen non-selectable comparator,False
STRESS_0109,R2,R2_PARTIALLY_TRANSPORTABLE,100,A0,0.5223836595,0.0001141394693,0,0,frozen non-selectable comparator,False
STRESS_0109,R2,R2_PARTIALLY_TRANSPORTABLE,100,A1,0.4975853777,-0.0246841394,0.58,0.32,frozen non-selectable comparator,False
STRESS_0109,R2,R2_PARTIALLY_TRANSPORTABLE,100,A2,0.5293283165,0.007058796353,0.21,0.07,frozen selectable architecture,True
STRESS_0109,R2,R2_PARTIALLY_TRANSPORTABLE,100,A3,0.5446612087,0.02239169067,0.08,0.02,frozen selectable architecture,True
STRESS_0109,R2,R2_PARTIALLY_TRANSPORTABLE,100,A4,0.5362268868,0.0139573715,0.09,0,frozen non-selectable comparator,False
STRESS_0109,R2,R2_PARTIALLY_TRANSPORTABLE,100,B0,0.5222695199,0,0,0,frozen target-only reference,False
STRESS_0109,R2,R2_PARTIALLY_TRANSPORTABLE,100,B4,0.5262413359,0.003971820295,0,0,frozen non-selectable comparator,False
STRESS_0110,R2,R2_PARTIALLY_TRANSPORTABLE,100,A0,0.5223156902,0.0001466995162,0.02,0,frozen non-selectable comparator,False
STRESS_0110,R2,R2_PARTIALLY_TRANSPORTABLE,100,A1,0.4942494276,-0.02791956435,0.57,0.39,frozen non-selectable comparator,False
STRESS_0110,R2,R2_PARTIALLY_TRANSPORTABLE,100,A2,0.5295647597,0.007395767412,0.22,0.05,frozen selectable architecture,True
STRESS_0110,R2,R2_PARTIALLY_TRANSPORTABLE,100,A3,0.5454857302,0.0233167374,0.06,0,frozen selectable architecture,True
STRESS_0110,R2,R2_PARTIALLY_TRANSPORTABLE,100,A4,0.5371591589,0.0149901637,0.06,0.01,frozen non-selectable comparator,False
STRESS_0110,R2,R2_PARTIALLY_TRANSPORTABLE,100,B0,0.5221689898,0,0,0,frozen target-only reference,False
STRESS_0110,R2,R2_PARTIALLY_TRANSPORTABLE,100,B4,0.5258061603,0.003637167742,0,0,frozen non-selectable comparator,False
STRESS_0111,R2,R2_PARTIALLY_TRANSPORTABLE,100,A0,0.5191233614,-0.001031139583,0,0,frozen non-selectable comparator,False
STRESS_0111,R2,R2_PARTIALLY_TRANSPORTABLE,100,A1,0.4906906772,-0.0294638216,0.59,0.38,frozen non-selectable comparator,False
STRESS_0111,R2,R2_PARTIALLY_TRANSPORTABLE,100,A2,0.5246228215,0.004468319489,0.2,0.06,frozen selectable architecture,True
STRESS_0111,R2,R2_PARTIALLY_TRANSPORTABLE,100,A3,0.543862288,0.02370778919,0.03,0,frozen selectable architecture,True
STRESS_0111,R2,R2_PARTIALLY_TRANSPORTABLE,100,A4,0.5377700838,0.01761558561,0.05,0,frozen non-selectable comparator,False
STRESS_0111,R2,R2_PARTIALLY_TRANSPORTABLE,100,B0,0.5201544985,0,0,0,frozen target-only reference,False
STRESS_0111,R2,R2_PARTIALLY_TRANSPORTABLE,100,B4,0.5266739687,0.006519468505,0,0,frozen non-selectable comparator,False
STRESS_0112,R2,R2_PARTIALLY_TRANSPORTABLE,100,A0,0.5282429671,-0.0001043278346,0,0,frozen non-selectable comparator,False
STRESS_0112,R2,R2_PARTIALLY_TRANSPORTABLE,100,A1,0.4959897253,-0.03235757335,0.59,0.35,frozen non-selectable comparator,False
STRESS_0112,R2,R2_PARTIALLY_TRANSPORTABLE,100,A2,0.5283562368,8.938402461e-06,0.26,0.08,frozen selectable architecture,True
STRESS_0112,R2,R2_PARTIALLY_TRANSPORTABLE,100,A3,0.5514646754,0.02311738007,0.06,0.03,frozen selectable architecture,True
STRESS_0112,R2,R2_PARTIALLY_TRANSPORTABLE,100,A4,0.5429733196,0.0146260222,0.08,0.01,frozen non-selectable comparator,False
STRESS_0112,R2,R2_PARTIALLY_TRANSPORTABLE,100,B0,0.5283473003,0,0,0,frozen target-only reference,False
STRESS_0112,R2,R2_PARTIALLY_TRANSPORTABLE,100,B4,0.5339125764,0.005565278077,0,0,frozen non-selectable comparator,False
STRESS_0113,R2,R2_PARTIALLY_TRANSPORTABLE,100,A0,0.5278692442,0.0004739424821,0.03,0,frozen non-selectable comparator,False
STRESS_0113,R2,R2_PARTIALLY_TRANSPORTABLE,100,A1,0.5004699475,-0.02692535509,0.54,0.31,frozen non-selectable comparator,False
STRESS_0113,R2,R2_PARTIALLY_TRANSPORTABLE,100,A2,0.5301983657,0.002803062435,0.23,0.08,frozen selectable architecture,True
STRESS_0113,R2,R2_PARTIALLY_TRANSPORTABLE,100,A3,0.5416403279,0.01424502839,0.11,0.01,frozen selectable architecture,True
STRESS_0113,R2,R2_PARTIALLY_TRANSPORTABLE,100,A4,0.5341211063,0.006725808014,0.15,0.02,frozen non-selectable comparator,False
STRESS_0113,R2,R2_PARTIALLY_TRANSPORTABLE,100,B0,0.5273953,0,0,0,frozen target-only reference,False
STRESS_0113,R2,R2_PARTIALLY_TRANSPORTABLE,100,B4,0.5307770953,0.003381793713,0,0,frozen non-selectable comparator,False
STRESS_0114,R2,R2_PARTIALLY_TRANSPORTABLE,100,A0,0.5232475421,-0.0005141560295,0,0,frozen non-selectable comparator,False
STRESS_0114,R2,R2_PARTIALLY_TRANSPORTABLE,100,A1,0.498789188,-0.02497251121,0.54,0.35,frozen non-selectable comparator,False
STRESS_0114,R2,R2_PARTIALLY_TRANSPORTABLE,100,A2,0.5307281893,0.006966491359,0.21,0.04,frozen selectable architecture,True
STRESS_0114,R2,R2_PARTIALLY_TRANSPORTABLE,100,A3,0.5501080629,0.026346367,0.02,0,frozen selectable architecture,True
STRESS_0114,R2,R2_PARTIALLY_TRANSPORTABLE,100,A4,0.5430319855,0.01927028872,0.02,0,frozen non-selectable comparator,False
STRESS_0114,R2,R2_PARTIALLY_TRANSPORTABLE,100,B0,0.5237616992,0,0,0,frozen target-only reference,False
STRESS_0114,R2,R2_PARTIALLY_TRANSPORTABLE,100,B4,0.5298873508,0.006125653946,0,0,frozen non-selectable comparator,False
STRESS_0115,R2,R2_PARTIALLY_TRANSPORTABLE,100,A0,0.5261992303,-0.0005897482874,0,0,frozen non-selectable comparator,False
STRESS_0115,R2,R2_PARTIALLY_TRANSPORTABLE,100,A1,0.4961318716,-0.03065710817,0.56,0.34,frozen non-selectable comparator,False
STRESS_0115,R2,R2_PARTIALLY_TRANSPORTABLE,100,A2,0.5281810272,0.001392047272,0.23,0.04,frozen selectable architecture,True
STRESS_0115,R2,R2_PARTIALLY_TRANSPORTABLE,100,A3,0.5480544227,0.02126544248,0.06,0,frozen selectable architecture,True
STRESS_0115,R2,R2_PARTIALLY_TRANSPORTABLE,100,A4,0.5414040035,0.01461502059,0.03,0,frozen non-selectable comparator,False
STRESS_0115,R2,R2_PARTIALLY_TRANSPORTABLE,100,B0,0.526788981,0,0,0,frozen target-only reference,False
STRESS_0115,R2,R2_PARTIALLY_TRANSPORTABLE,100,B4,0.5315664941,0.004777513684,0,0,frozen non-selectable comparator,False
STRESS_0116,R2,R2_PARTIALLY_TRANSPORTABLE,100,A0,0.5333707973,0.0008807977549,0.02,0,frozen non-selectable comparator,False
STRESS_0116,R2,R2_PARTIALLY_TRANSPORTABLE,100,A1,0.4961472347,-0.03634276404,0.61,0.34,frozen non-selectable comparator,False
STRESS_0116,R2,R2_PARTIALLY_TRANSPORTABLE,100,A2,0.5299536508,-0.0025363513,0.28,0.08,frozen selectable architecture,True
STRESS_0116,R2,R2_PARTIALLY_TRANSPORTABLE,100,A3,0.5486018127,0.01611181422,0.12,0,frozen selectable architecture,True
STRESS_0116,R2,R2_PARTIALLY_TRANSPORTABLE,100,A4,0.5433927017,0.01090270136,0.08,0,frozen non-selectable comparator,False
STRESS_0116,R2,R2_PARTIALLY_TRANSPORTABLE,100,B0,0.532489998,0,0,0,frozen target-only reference,False
STRESS_0116,R2,R2_PARTIALLY_TRANSPORTABLE,100,B4,0.5360580605,0.003568060372,0,0,frozen non-selectable comparator,False
STRESS_0117,R2,R2_PARTIALLY_TRANSPORTABLE,100,A0,0.5305805355,8.11023455e-05,0,0,frozen non-selectable comparator,False
STRESS_0117,R2,R2_PARTIALLY_TRANSPORTABLE,100,A1,0.4952470493,-0.03525238255,0.58,0.37,frozen non-selectable comparator,False
STRESS_0117,R2,R2_PARTIALLY_TRANSPORTABLE,100,A2,0.5316996059,0.00120017513,0.23,0.05,frozen selectable architecture,True
STRESS_0117,R2,R2_PARTIALLY_TRANSPORTABLE,100,A3,0.5476462936,0.01714685953,0.1,0.01,frozen selectable architecture,True
STRESS_0117,R2,R2_PARTIALLY_TRANSPORTABLE,100,A4,0.5420303944,0.01153095917,0.08,0.01,frozen non-selectable comparator,False
STRESS_0117,R2,R2_PARTIALLY_TRANSPORTABLE,100,B0,0.5304994348,0,0,0,frozen target-only reference,False
STRESS_0117,R2,R2_PARTIALLY_TRANSPORTABLE,100,B4,0.5351806229,0.004681190973,0,0,frozen non-selectable comparator,False
STRESS_0118,R2,R2_PARTIALLY_TRANSPORTABLE,100,A0,0.5203157359,-0.0001294845855,0,0,frozen non-selectable comparator,False
STRESS_0118,R2,R2_PARTIALLY_TRANSPORTABLE,100,A1,0.4890753785,-0.03136984155,0.63,0.34,frozen non-selectable comparator,False
STRESS_0118,R2,R2_PARTIALLY_TRANSPORTABLE,100,A2,0.5206041443,0.0001589267669,0.28,0.07,frozen selectable architecture,True
STRESS_0118,R2,R2_PARTIALLY_TRANSPORTABLE,100,A3,0.5289585534,0.008513334052,0.12,0.02,frozen selectable architecture,True
STRESS_0118,R2,R2_PARTIALLY_TRANSPORTABLE,100,A4,0.53213857,0.01169335119,0.08,0,frozen non-selectable comparator,False
STRESS_0118,R2,R2_PARTIALLY_TRANSPORTABLE,100,B0,0.5204452205,0,0,0,frozen target-only reference,False
STRESS_0118,R2,R2_PARTIALLY_TRANSPORTABLE,100,B4,0.5241481131,0.003702894403,0.01,0,frozen non-selectable comparator,False
STRESS_0119,R2,R2_PARTIALLY_TRANSPORTABLE,100,A0,0.524777056,0.001009799863,0,0,frozen non-selectable comparator,False
STRESS_0119,R2,R2_PARTIALLY_TRANSPORTABLE,100,A1,0.4933628762,-0.03040438196,0.57,0.36,frozen non-selectable comparator,False
STRESS_0119,R2,R2_PARTIALLY_TRANSPORTABLE,100,A2,0.5283662242,0.004598967417,0.29,0.06,frozen selectable architecture,True
STRESS_0119,R2,R2_PARTIALLY_TRANSPORTABLE,100,A3,0.5209895313,-0.002777722742,0.26,0.06,frozen selectable architecture,True
STRESS_0119,R2,R2_PARTIALLY_TRANSPORTABLE,100,A4,0.5407574543,0.01699019996,0.06,0,frozen non-selectable comparator,False
STRESS_0119,R2,R2_PARTIALLY_TRANSPORTABLE,100,B0,0.523767257,0,0,0,frozen target-only reference,False
STRESS_0119,R2,R2_PARTIALLY_TRANSPORTABLE,100,B4,0.5284204733,0.004653219774,0,0,frozen non-selectable comparator,False
STRESS_0120,R2,R2_PARTIALLY_TRANSPORTABLE,100,A0,0.5212213433,0.001273006583,0,0,frozen non-selectable comparator,False
STRESS_0120,R2,R2_PARTIALLY_TRANSPORTABLE,100,A1,0.4964582127,-0.02349012311,0.58,0.28,frozen non-selectable comparator,False
STRESS_0120,R2,R2_PARTIALLY_TRANSPORTABLE,100,A2,0.5170064005,-0.002941935371,0.28,0.11,frozen selectable architecture,True
STRESS_0120,R2,R2_PARTIALLY_TRANSPORTABLE,100,A3,0.5363894644,0.01644112843,0.06,0.01,frozen selectable architecture,True
STRESS_0120,R2,R2_PARTIALLY_TRANSPORTABLE,100,A4,0.5310581186,0.0111097829,0.05,0.01,frozen non-selectable comparator,False
STRESS_0120,R2,R2_PARTIALLY_TRANSPORTABLE,100,B0,0.5199483389,0,0,0,frozen target-only reference,False
STRESS_0120,R2,R2_PARTIALLY_TRANSPORTABLE,100,B4,0.523484017,0.003535681349,0,0,frozen non-selectable comparator,False
STRESS_0121,R2,R2_PARTIALLY_TRANSPORTABLE,100,A0,0.5256448212,-0.0001940806483,0,0,frozen non-selectable comparator,False
STRESS_0121,R2,R2_PARTIALLY_TRANSPORTABLE,100,A1,0.4983404651,-0.02749843701,0.59,0.3,frozen non-selectable comparator,False
STRESS_0121,R2,R2_PARTIALLY_TRANSPORTABLE,100,A2,0.5219565022,-0.003882399319,0.28,0.11,frozen selectable architecture,True
STRESS_0121,R2,R2_PARTIALLY_TRANSPORTABLE,100,A3,0.532556107,0.006717206574,0.13,0.01,frozen selectable architecture,True
STRESS_0121,R2,R2_PARTIALLY_TRANSPORTABLE,100,A4,0.5381393403,0.01230043754,0.1,0,frozen non-selectable comparator,False
STRESS_0121,R2,R2_PARTIALLY_TRANSPORTABLE,100,B0,0.525838899,0,0,0,frozen target-only reference,False
STRESS_0121,R2,R2_PARTIALLY_TRANSPORTABLE,100,B4,0.5301379588,0.0042990569,0,0,frozen non-selectable comparator,False
STRESS_0122,R2,R2_PARTIALLY_TRANSPORTABLE,100,A0,0.5222483742,5.318264535e-05,0,0,frozen non-selectable comparator,False
STRESS_0122,R2,R2_PARTIALLY_TRANSPORTABLE,100,A1,0.4897830957,-0.03241209691,0.6,0.4,frozen non-selectable comparator,False
STRESS_0122,R2,R2_PARTIALLY_TRANSPORTABLE,100,A2,0.5247720909,0.002576897244,0.26,0.12,frozen selectable architecture,True
STRESS_0122,R2,R2_PARTIALLY_TRANSPORTABLE,100,A3,0.5193741494,-0.002821042515,0.23,0.06,frozen selectable architecture,True
STRESS_0122,R2,R2_PARTIALLY_TRANSPORTABLE,100,A4,0.5343730327,0.01217784066,0.07,0.01,frozen non-selectable comparator,False
STRESS_0122,R2,R2_PARTIALLY_TRANSPORTABLE,100,B0,0.5221951953,0,0,0,frozen target-only reference,False
STRESS_0122,R2,R2_PARTIALLY_TRANSPORTABLE,100,B4,0.5261109993,0.003915804905,0,0,frozen non-selectable comparator,False
STRESS_0123,R2,R2_PARTIALLY_TRANSPORTABLE,100,A0,0.5259236237,-0.0002614363104,0,0,frozen non-selectable comparator,False
STRESS_0123,R2,R2_PARTIALLY_TRANSPORTABLE,100,A1,0.4924472129,-0.03373784532,0.64,0.34,frozen non-selectable comparator,False
STRESS_0123,R2,R2_PARTIALLY_TRANSPORTABLE,100,A2,0.5240516442,-0.002133416155,0.32,0.08,frozen selectable architecture,True
STRESS_0123,R2,R2_PARTIALLY_TRANSPORTABLE,100,A3,0.5362570015,0.01007194,0.17,0.04,frozen selectable architecture,True
STRESS_0123,R2,R2_PARTIALLY_TRANSPORTABLE,100,A4,0.5301341397,0.003949078705,0.19,0.06,frozen non-selectable comparator,False
STRESS_0123,R2,R2_PARTIALLY_TRANSPORTABLE,100,B0,0.5261850595,0,0,0,frozen target-only reference,False
STRESS_0123,R2,R2_PARTIALLY_TRANSPORTABLE,100,B4,0.5294443199,0.003259258763,0,0,frozen non-selectable comparator,False
STRESS_0124,R2,R2_PARTIALLY_TRANSPORTABLE,100,A0,0.5224747542,-8.403457337e-05,0,0,frozen non-selectable comparator,False
STRESS_0124,R2,R2_PARTIALLY_TRANSPORTABLE,100,A1,0.4918502465,-0.03070854431,0.61,0.32,frozen non-selectable comparator,False
STRESS_0124,R2,R2_PARTIALLY_TRANSPORTABLE,100,A2,0.5205458474,-0.002012939439,0.25,0.06,frozen selectable architecture,True
STRESS_0124,R2,R2_PARTIALLY_TRANSPORTABLE,100,A3,0.5287542507,0.006195463683,0.18,0.02,frozen selectable architecture,True
STRESS_0124,R2,R2_PARTIALLY_TRANSPORTABLE,100,A4,0.5321704194,0.009611631093,0.08,0.02,frozen non-selectable comparator,False
STRESS_0124,R2,R2_PARTIALLY_TRANSPORTABLE,100,B0,0.5225587898,0,0,0,frozen target-only reference,False
STRESS_0124,R2,R2_PARTIALLY_TRANSPORTABLE,100,B4,0.5262352204,0.003676430284,0,0,frozen non-selectable comparator,False
STRESS_0125,R2,R2_PARTIALLY_TRANSPORTABLE,100,A0,0.5275989053,0.0006495158184,0,0,frozen non-selectable comparator,False
STRESS_0125,R2,R2_PARTIALLY_TRANSPORTABLE,100,A1,0.5012112513,-0.02573813569,0.5,0.26,frozen non-selectable comparator,False
STRESS_0125,R2,R2_PARTIALLY_TRANSPORTABLE,100,A2,0.526085141,-0.00086424272,0.23,0.06,frozen selectable architecture,True
STRESS_0125,R2,R2_PARTIALLY_TRANSPORTABLE,100,A3,0.5170310903,-0.009918296875,0.29,0.07,frozen selectable architecture,True
STRESS_0125,R2,R2_PARTIALLY_TRANSPORTABLE,100,A4,0.5323418814,0.005392494877,0.17,0.01,frozen non-selectable comparator,False
STRESS_0125,R2,R2_PARTIALLY_TRANSPORTABLE,100,B0,0.5269493887,0,0,0,frozen target-only reference,False
STRESS_0125,R2,R2_PARTIALLY_TRANSPORTABLE,100,B4,0.529231846,0.002282456372,0,0,frozen non-selectable comparator,False
STRESS_0126,R5,R5_MISLEADING_SOURCE,100,A0,0.592038849,-0.0022009723,0,0,frozen non-selectable comparator,False
STRESS_0126,R5,R5_MISLEADING_SOURCE,100,A1,0.6598610467,0.06562122444,0.01,0.01,frozen non-selectable comparator,False
STRESS_0126,R5,R5_MISLEADING_SOURCE,100,A2,0.6324629435,0.03822312232,0.07,0.03,frozen selectable architecture,True
STRESS_0126,R5,R5_MISLEADING_SOURCE,100,A3,0.5340915421,-0.06014828139,0.97,0.63,frozen selectable architecture,True
STRESS_0126,R5,R5_MISLEADING_SOURCE,100,A4,0.4909157965,-0.1033240214,1,0.92,frozen non-selectable comparator,False
STRESS_0126,R5,R5_MISLEADING_SOURCE,100,B0,0.5942398208,0,0,0,frozen target-only reference,False
STRESS_0126,R5,R5_MISLEADING_SOURCE,100,B4,0.5667751509,-0.02746467012,0.77,0,frozen non-selectable comparator,False
STRESS_0127,R5,R5_MISLEADING_SOURCE,100,A0,0.600881806,-0.002073584869,0.01,0,frozen non-selectable comparator,False
STRESS_0127,R5,R5_MISLEADING_SOURCE,100,A1,0.6623707062,0.05941531818,0.02,0,frozen non-selectable comparator,False
STRESS_0127,R5,R5_MISLEADING_SOURCE,100,A2,0.6439429319,0.0409875391,0.08,0.02,frozen selectable architecture,True
STRESS_0127,R5,R5_MISLEADING_SOURCE,100,A3,0.5492153406,-0.05374004675,0.87,0.51,frozen selectable architecture,True
STRESS_0127,R5,R5_MISLEADING_SOURCE,100,A4,0.5048175201,-0.09813787029,0.98,0.9,frozen non-selectable comparator,False
STRESS_0127,R5,R5_MISLEADING_SOURCE,100,B0,0.6029553872,0,0,0,frozen target-only reference,False
STRESS_0127,R5,R5_MISLEADING_SOURCE,100,B4,0.5814726549,-0.02148273537,0.6,0,frozen non-selectable comparator,False
STRESS_0128,R5,R5_MISLEADING_SOURCE,100,A0,0.6112336779,-0.001646409853,0.04,0,frozen non-selectable comparator,False
STRESS_0128,R5,R5_MISLEADING_SOURCE,100,A1,0.6644676971,0.05158760938,0.01,0,frozen non-selectable comparator,False
STRESS_0128,R5,R5_MISLEADING_SOURCE,100,A2,0.6469371384,0.03405705151,0.08,0.01,frozen selectable architecture,True
STRESS_0128,R5,R5_MISLEADING_SOURCE,100,A3,0.5676322886,-0.04524779546,0.86,0.37,frozen selectable architecture,True
STRESS_0128,R5,R5_MISLEADING_SOURCE,100,A4,0.5296075499,-0.0832725374,0.97,0.84,frozen non-selectable comparator,False
STRESS_0128,R5,R5_MISLEADING_SOURCE,100,B0,0.6128800851,0,0,0,frozen target-only reference,False
STRESS_0128,R5,R5_MISLEADING_SOURCE,100,B4,0.5979257619,-0.01495432622,0.2,0,frozen non-selectable comparator,False
STRESS_0129,R5,R5_MISLEADING_SOURCE,100,A0,0.5902869222,-0.004001002611,0,0,frozen non-selectable comparator,False
STRESS_0129,R5,R5_MISLEADING_SOURCE,100,A1,0.653315922,0.05902799655,0.01,0,frozen non-selectable comparator,False
STRESS_0129,R5,R5_MISLEADING_SOURCE,100,A2,0.6270525968,0.03276466866,0.1,0.04,frozen selectable architecture,True
STRESS_0129,R5,R5_MISLEADING_SOURCE,100,A3,0.5354070538,-0.05888087246,0.93,0.56,frozen selectable architecture,True
STRESS_0129,R5,R5_MISLEADING_SOURCE,100,A4,0.4881513485,-0.1061365757,1,0.96,frozen non-selectable comparator,False
STRESS_0129,R5,R5_MISLEADING_SOURCE,100,B0,0.5942879283,0,0,0,frozen target-only reference,False
STRESS_0129,R5,R5_MISLEADING_SOURCE,100,B4,0.5684958151,-0.02579210896,0.76,0.02,frozen non-selectable comparator,False
STRESS_0130,R5,R5_MISLEADING_SOURCE,100,A0,0.5966731897,-0.001093111576,0,0,frozen non-selectable comparator,False
STRESS_0130,R5,R5_MISLEADING_SOURCE,100,A1,0.6610696751,0.0633033731,0.02,0,frozen non-selectable comparator,False
STRESS_0130,R5,R5_MISLEADING_SOURCE,100,A2,0.6385234827,0.04075718332,0.06,0,frozen selectable architecture,True
STRESS_0130,R5,R5_MISLEADING_SOURCE,100,A3,0.5459277207,-0.0518385809,0.9,0.51,frozen selectable architecture,True
STRESS_0130,R5,R5_MISLEADING_SOURCE,100,A4,0.5021141434,-0.09565215706,0.99,0.9,frozen non-selectable comparator,False
STRESS_0130,R5,R5_MISLEADING_SOURCE,100,B0,0.5977663001,0,0,0,frozen target-only reference,False
STRESS_0130,R5,R5_MISLEADING_SOURCE,100,B4,0.5751927096,-0.02257359018,0.55,0.05,frozen non-selectable comparator,False
STRESS_0131,R5,R5_MISLEADING_SOURCE,100,A0,0.6088854736,0.001908306449,0.04,0,frozen non-selectable comparator,False
STRESS_0131,R5,R5_MISLEADING_SOURCE,100,A1,0.6628366178,0.05585945041,0.02,0,frozen non-selectable comparator,False
STRESS_0131,R5,R5_MISLEADING_SOURCE,100,A2,0.6464540768,0.03947690996,0.09,0.01,frozen selectable architecture,True
STRESS_0131,R5,R5_MISLEADING_SOURCE,100,A3,0.572372573,-0.03460459177,0.68,0.26,frozen selectable architecture,True
STRESS_0131,R5,R5_MISLEADING_SOURCE,100,A4,0.5311247814,-0.07585239033,0.91,0.76,frozen non-selectable comparator,False
STRESS_0131,R5,R5_MISLEADING_SOURCE,100,B0,0.6069771665,0,0,0,frozen target-only reference,False
STRESS_0131,R5,R5_MISLEADING_SOURCE,100,B4,0.5918262294,-0.01515093911,0.24,0,frozen non-selectable comparator,False
STRESS_0132,R5,R5_MISLEADING_SOURCE,100,A0,0.5936285812,-0.002265932311,0,0,frozen non-selectable comparator,False
STRESS_0132,R5,R5_MISLEADING_SOURCE,100,A1,0.6521738201,0.05627930485,0.02,0,frozen non-selectable comparator,False
STRESS_0132,R5,R5_MISLEADING_SOURCE,100,A2,0.6228915849,0.02699707159,0.1,0.05,frozen selectable architecture,True
STRESS_0132,R5,R5_MISLEADING_SOURCE,100,A3,0.5303584614,-0.0655360522,0.96,0.63,frozen selectable architecture,True
STRESS_0132,R5,R5_MISLEADING_SOURCE,100,A4,0.4862012765,-0.1096932391,1,0.96,frozen non-selectable comparator,False
STRESS_0132,R5,R5_MISLEADING_SOURCE,100,B0,0.5958945143,0,0,0,frozen target-only reference,False
STRESS_0132,R5,R5_MISLEADING_SOURCE,100,B4,0.5680951658,-0.02779934985,0.79,0.03,frozen non-selectable comparator,False
STRESS_0133,R5,R5_MISLEADING_SOURCE,100,A0,0.6016895726,-0.0002616870475,0,0,frozen non-selectable comparator,False
STRESS_0133,R5,R5_MISLEADING_SOURCE,100,A1,0.6534592587,0.05150799866,0.06,0.01,frozen non-selectable comparator,False
STRESS_0133,R5,R5_MISLEADING_SOURCE,100,A2,0.6340952444,0.03214398306,0.13,0.04,frozen selectable architecture,True
STRESS_0133,R5,R5_MISLEADING_SOURCE,100,A3,0.5532372746,-0.04871398717,0.82,0.45,frozen selectable architecture,True
STRESS_0133,R5,R5_MISLEADING_SOURCE,100,A4,0.5142826542,-0.08766860576,0.96,0.82,frozen non-selectable comparator,False
STRESS_0133,R5,R5_MISLEADING_SOURCE,100,B0,0.6019512588,0,0,0,frozen target-only reference,False
STRESS_0133,R5,R5_MISLEADING_SOURCE,100,B4,0.5816347829,-0.02031647518,0.48,0.01,frozen non-selectable comparator,False
STRESS_0134,R5,R5_MISLEADING_SOURCE,100,A0,0.6048151118,0.001402719359,0.02,0,frozen non-selectable comparator,False
STRESS_0134,R5,R5_MISLEADING_SOURCE,100,A1,0.6640510392,0.06063864768,0.03,0,frozen non-selectable comparator,False
STRESS_0134,R5,R5_MISLEADING_SOURCE,100,A2,0.640955137,0.03754274349,0.06,0.03,frozen selectable architecture,True
STRESS_0134,R5,R5_MISLEADING_SOURCE,100,A3,0.5682126227,-0.03519977185,0.71,0.3,frozen selectable architecture,True
STRESS_0134,R5,R5_MISLEADING_SOURCE,100,A4,0.5300958192,-0.07331657304,0.95,0.74,frozen non-selectable comparator,False
STRESS_0134,R5,R5_MISLEADING_SOURCE,100,B0,0.6034123945,0,0,0,frozen target-only reference,False
STRESS_0134,R5,R5_MISLEADING_SOURCE,100,B4,0.5878730422,-0.01553934836,0.27,0,frozen non-selectable comparator,False
STRESS_0135,R5,R5_MISLEADING_SOURCE,100,A0,0.605409351,-0.002367966054,0.02,0,frozen non-selectable comparator,False
STRESS_0135,R5,R5_MISLEADING_SOURCE,100,A1,0.6655125427,0.05773522962,0.01,0,frozen non-selectable comparator,False
STRESS_0135,R5,R5_MISLEADING_SOURCE,100,A2,0.6412333918,0.03345607938,0.12,0.04,frozen selectable architecture,True
STRESS_0135,R5,R5_MISLEADING_SOURCE,100,A3,0.5597681981,-0.0480091147,0.79,0.42,frozen selectable architecture,True
STRESS_0135,R5,R5_MISLEADING_SOURCE,100,A4,0.5142590299,-0.09351828223,0.99,0.88,frozen non-selectable comparator,False
STRESS_0135,R5,R5_MISLEADING_SOURCE,100,B0,0.6077773124,0,0,0,frozen target-only reference,False
STRESS_0135,R5,R5_MISLEADING_SOURCE,100,B4,0.5873622,-0.02041511165,0.52,0,frozen non-selectable comparator,False
STRESS_0136,R5,R5_MISLEADING_SOURCE,100,A0,0.6015557721,-0.003145841995,0.01,0,frozen non-selectable comparator,False
STRESS_0136,R5,R5_MISLEADING_SOURCE,100,A1,0.660803082,0.0561014704,0.01,0,frozen non-selectable comparator,False
STRESS_0136,R5,R5_MISLEADING_SOURCE,100,A2,0.6322770828,0.0275754717,0.14,0.05,frozen selectable architecture,True
STRESS_0136,R5,R5_MISLEADING_SOURCE,100,A3,0.5034841362,-0.1012174744,1,0.92,frozen selectable architecture,True
STRESS_0136,R5,R5_MISLEADING_SOURCE,100,A4,0.5094923744,-0.0952092383,0.99,0.86,frozen non-selectable comparator,False
STRESS_0136,R5,R5_MISLEADING_SOURCE,100,B0,0.6047016117,0,0,0,frozen target-only reference,False
STRESS_0136,R5,R5_MISLEADING_SOURCE,100,B4,0.5821251494,-0.02257646254,0.5,0.01,frozen non-selectable comparator,False
STRESS_0137,R5,R5_MISLEADING_SOURCE,100,A0,0.5930744752,-0.001937219647,0,0,frozen non-selectable comparator,False
STRESS_0137,R5,R5_MISLEADING_SOURCE,100,A1,0.6577667063,0.06275501167,0.01,0,frozen non-selectable comparator,False
STRESS_0137,R5,R5_MISLEADING_SOURCE,100,A2,0.6354779816,0.04046628524,0.06,0.01,frozen selectable architecture,True
STRESS_0137,R5,R5_MISLEADING_SOURCE,100,A3,0.4674256659,-0.1275860284,0.98,0.92,frozen selectable architecture,True
STRESS_0137,R5,R5_MISLEADING_SOURCE,100,A4,0.5077853245,-0.08722637032,0.96,0.82,frozen non-selectable comparator,False
STRESS_0137,R5,R5_MISLEADING_SOURCE,100,B0,0.5950116938,0,0,0,frozen target-only reference,False
STRESS_0137,R5,R5_MISLEADING_SOURCE,100,B4,0.5742524356,-0.02075925959,0.5,0,frozen non-selectable comparator,False
STRESS_0138,R5,R5_MISLEADING_SOURCE,100,A0,0.6008263391,0.0001313394021,0,0,frozen non-selectable comparator,False
STRESS_0138,R5,R5_MISLEADING_SOURCE,100,A1,0.6472777444,0.04658274681,0.09,0.03,frozen non-selectable comparator,False
STRESS_0138,R5,R5_MISLEADING_SOURCE,100,A2,0.6226495728,0.02195457053,0.2,0.07,frozen selectable architecture,True
STRESS_0138,R5,R5_MISLEADING_SOURCE,100,A3,0.5502883056,-0.05040669389,0.85,0.46,frozen selectable architecture,True
STRESS_0138,R5,R5_MISLEADING_SOURCE,100,A4,0.5146679834,-0.08602701695,0.97,0.8,frozen non-selectable comparator,False
STRESS_0138,R5,R5_MISLEADING_SOURCE,100,B0,0.6006949979,0,0,0,frozen target-only reference,False
STRESS_0138,R5,R5_MISLEADING_SOURCE,100,B4,0.5817984521,-0.01889654774,0.37,0,frozen non-selectable comparator,False
STRESS_0139,R5,R5_MISLEADING_SOURCE,100,A0,0.6007580823,-0.000778251924,0.01,0,frozen non-selectable comparator,False
STRESS_0139,R5,R5_MISLEADING_SOURCE,100,A1,0.6457646537,0.04422832338,0.06,0,frozen non-selectable comparator,False
STRESS_0139,R5,R5_MISLEADING_SOURCE,100,A2,0.6271438947,0.02560756045,0.14,0.06,frozen selectable architecture,True
STRESS_0139,R5,R5_MISLEADING_SOURCE,100,A3,0.5012052068,-0.100331124,0.99,0.89,frozen selectable architecture,True
STRESS_0139,R5,R5_MISLEADING_SOURCE,100,A4,0.5159753019,-0.08556102999,0.96,0.81,frozen non-selectable comparator,False
STRESS_0139,R5,R5_MISLEADING_SOURCE,100,B0,0.6015363306,0,0,0,frozen target-only reference,False
STRESS_0139,R5,R5_MISLEADING_SOURCE,100,B4,0.5810980988,-0.02043823254,0.53,0,frozen non-selectable comparator,False
STRESS_0140,R5,R5_MISLEADING_SOURCE,100,A0,0.595548155,7.422619858e-05,0,0,frozen non-selectable comparator,False
STRESS_0140,R5,R5_MISLEADING_SOURCE,100,A1,0.6495543611,0.05408043028,0.05,0,frozen non-selectable comparator,False
STRESS_0140,R5,R5_MISLEADING_SOURCE,100,A2,0.6243087548,0.02883482338,0.14,0.03,frozen selectable architecture,True
STRESS_0140,R5,R5_MISLEADING_SOURCE,100,A3,0.4675008601,-0.1279730696,0.99,0.97,frozen selectable architecture,True
STRESS_0140,R5,R5_MISLEADING_SOURCE,100,A4,0.5102031049,-0.08527082548,0.99,0.85,frozen non-selectable comparator,False
STRESS_0140,R5,R5_MISLEADING_SOURCE,100,B0,0.5954739276,0,0,0,frozen target-only reference,False
STRESS_0140,R5,R5_MISLEADING_SOURCE,100,B4,0.5758418274,-0.01963210453,0.45,0,frozen non-selectable comparator,False
STRESS_0141,R5,R5_MISLEADING_SOURCE,100,A0,0.5939528474,-0.001782917564,0,0,frozen non-selectable comparator,False
STRESS_0141,R5,R5_MISLEADING_SOURCE,100,A1,0.626261912,0.03052615027,0.12,0.03,frozen non-selectable comparator,False
STRESS_0141,R5,R5_MISLEADING_SOURCE,100,A2,0.6083343753,0.01259861002,0.17,0.07,frozen selectable architecture,True
STRESS_0141,R5,R5_MISLEADING_SOURCE,100,A3,0.5603181565,-0.03541760976,0.73,0.26,frozen selectable architecture,True
STRESS_0141,R5,R5_MISLEADING_SOURCE,100,A4,0.524081488,-0.07165427287,0.9,0.74,frozen non-selectable comparator,False
STRESS_0141,R5,R5_MISLEADING_SOURCE,100,B0,0.5957357651,0,0,0,frozen target-only reference,False
STRESS_0141,R5,R5_MISLEADING_SOURCE,100,B4,0.5814841238,-0.01425163902,0.19,0,frozen non-selectable comparator,False
STRESS_0142,R5,R5_MISLEADING_SOURCE,100,A0,0.5949294889,-0.001034740955,0.01,0,frozen non-selectable comparator,False
STRESS_0142,R5,R5_MISLEADING_SOURCE,100,A1,0.6284713322,0.03250710316,0.13,0.07,frozen non-selectable comparator,False
STRESS_0142,R5,R5_MISLEADING_SOURCE,100,A2,0.6063924673,0.01042823515,0.27,0.09,frozen selectable architecture,True
STRESS_0142,R5,R5_MISLEADING_SOURCE,100,A3,0.5149746907,-0.08098953801,0.95,0.8,frozen selectable architecture,True
STRESS_0142,R5,R5_MISLEADING_SOURCE,100,A4,0.5253253371,-0.07063889206,0.96,0.72,frozen non-selectable comparator,False
STRESS_0142,R5,R5_MISLEADING_SOURCE,100,B0,0.5959642285,0,0,0,frozen target-only reference,False
STRESS_0142,R5,R5_MISLEADING_SOURCE,100,B4,0.5805704021,-0.01539382646,0.3,0,frozen non-selectable comparator,False
STRESS_0143,R5,R5_MISLEADING_SOURCE,100,A0,0.5935618123,-0.002515538486,0,0,frozen non-selectable comparator,False
STRESS_0143,R5,R5_MISLEADING_SOURCE,100,A1,0.6270832431,0.03100589321,0.14,0.07,frozen non-selectable comparator,False
STRESS_0143,R5,R5_MISLEADING_SOURCE,100,A2,0.6048183963,0.008741046588,0.3,0.13,frozen selectable architecture,True
STRESS_0143,R5,R5_MISLEADING_SOURCE,100,A3,0.4853547511,-0.1107225984,0.97,0.87,frozen selectable architecture,True
STRESS_0143,R5,R5_MISLEADING_SOURCE,100,A4,0.5210980859,-0.07497926373,0.91,0.72,frozen non-selectable comparator,False
STRESS_0143,R5,R5_MISLEADING_SOURCE,100,B0,0.5960773492,0,0,0,frozen target-only reference,False
STRESS_0143,R5,R5_MISLEADING_SOURCE,100,B4,0.5795677289,-0.01650961726,0.3,0,frozen non-selectable comparator,False
STRESS_0144,R2,R2_PARTIALLY_TRANSPORTABLE,100,A0,0.5225966734,5.869074339e-05,0.01,0,frozen non-selectable comparator,False
STRESS_0144,R2,R2_PARTIALLY_TRANSPORTABLE,100,A1,0.4934222052,-0.02911577805,0.55,0.37,frozen non-selectable comparator,False
STRESS_0144,R2,R2_PARTIALLY_TRANSPORTABLE,100,A2,0.5315360996,0.008998119353,0.14,0.03,frozen selectable architecture,True
STRESS_0144,R2,R2_PARTIALLY_TRANSPORTABLE,100,A3,0.5433421341,0.02080414854,0.07,0.01,frozen selectable architecture,True
STRESS_0144,R2,R2_PARTIALLY_TRANSPORTABLE,100,A4,0.5382439491,0.01570596404,0.06,0.02,frozen non-selectable comparator,False
STRESS_0144,R2,R2_PARTIALLY_TRANSPORTABLE,100,B0,0.5225379825,0,0,0,frozen target-only reference,False
STRESS_0144,R2,R2_PARTIALLY_TRANSPORTABLE,100,B4,0.527402595,0.00486461259,0,0,frozen non-selectable comparator,False
STRESS_0145,R2,R2_PARTIALLY_TRANSPORTABLE,100,A0,0.5305287966,0.001116074485,0,0,frozen non-selectable comparator,False
STRESS_0145,R2,R2_PARTIALLY_TRANSPORTABLE,100,A1,0.5023221812,-0.02709054194,0.55,0.31,frozen non-selectable comparator,False
STRESS_0145,R2,R2_PARTIALLY_TRANSPORTABLE,100,A2,0.5295794949,0.0001667719061,0.26,0.08,frozen selectable architecture,True
STRESS_0145,R2,R2_PARTIALLY_TRANSPORTABLE,100,A3,0.5441568854,0.01474416269,0.11,0,frozen selectable architecture,True
STRESS_0145,R2,R2_PARTIALLY_TRANSPORTABLE,100,A4,0.5399405751,0.01052785077,0.08,0.02,frozen non-selectable comparator,False
STRESS_0145,R2,R2_PARTIALLY_TRANSPORTABLE,100,B0,0.5294127229,0,0,0,frozen target-only reference,False
STRESS_0145,R2,R2_PARTIALLY_TRANSPORTABLE,100,B4,0.533493804,0.004081082861,0,0,frozen non-selectable comparator,False
STRESS_0146,R2,R2_PARTIALLY_TRANSPORTABLE,100,A0,0.5258461758,0.001100281559,0.06,0,frozen non-selectable comparator,False
STRESS_0146,R2,R2_PARTIALLY_TRANSPORTABLE,100,A1,0.4978502485,-0.02689564836,0.57,0.3,frozen non-selectable comparator,False
STRESS_0146,R2,R2_PARTIALLY_TRANSPORTABLE,100,A2,0.5259000713,0.001154174054,0.33,0.09,frozen selectable architecture,True
STRESS_0146,R2,R2_PARTIALLY_TRANSPORTABLE,100,A3,0.5402341396,0.01548824675,0.1,0,frozen selectable architecture,True
STRESS_0146,R2,R2_PARTIALLY_TRANSPORTABLE,100,A4,0.5296121287,0.004866233417,0.2,0.03,frozen non-selectable comparator,False
STRESS_0146,R2,R2_PARTIALLY_TRANSPORTABLE,100,B0,0.5247458956,0,0,0,frozen target-only reference,False
STRESS_0146,R2,R2_PARTIALLY_TRANSPORTABLE,100,B4,0.5282435226,0.003497627927,0,0,frozen non-selectable comparator,False
STRESS_0147,R2,R2_PARTIALLY_TRANSPORTABLE,100,A0,0.5237199605,0.0004482423653,0,0,frozen non-selectable comparator,False
STRESS_0147,R2,R2_PARTIALLY_TRANSPORTABLE,100,A1,0.4926143226,-0.03065739558,0.61,0.33,frozen non-selectable comparator,False
STRESS_0147,R2,R2_PARTIALLY_TRANSPORTABLE,100,A2,0.5275605148,0.004288794591,0.21,0.04,frozen selectable architecture,True
STRESS_0147,R2,R2_PARTIALLY_TRANSPORTABLE,100,A3,0.5452767128,0.02200499482,0.04,0,frozen selectable architecture,True
STRESS_0147,R2,R2_PARTIALLY_TRANSPORTABLE,100,A4,0.5371480998,0.01387638222,0.09,0,frozen non-selectable comparator,False
STRESS_0147,R2,R2_PARTIALLY_TRANSPORTABLE,100,B0,0.5232717186,0,0,0,frozen target-only reference,False
STRESS_0147,R2,R2_PARTIALLY_TRANSPORTABLE,100,B4,0.527632108,0.004360387853,0,0,frozen non-selectable comparator,False
STRESS_0148,R2,R2_PARTIALLY_TRANSPORTABLE,100,A0,0.5241048539,0.0008639318916,0.02,0,frozen non-selectable comparator,False
STRESS_0148,R2,R2_PARTIALLY_TRANSPORTABLE,100,A1,0.4949386027,-0.02830231787,0.58,0.34,frozen non-selectable comparator,False
STRESS_0148,R2,R2_PARTIALLY_TRANSPORTABLE,100,A2,0.5247595289,0.001518602915,0.28,0.09,frozen selectable architecture,True
STRESS_0148,R2,R2_PARTIALLY_TRANSPORTABLE,100,A3,0.5403374726,0.01709655136,0.13,0,frozen selectable architecture,True
STRESS_0148,R2,R2_PARTIALLY_TRANSPORTABLE,100,A4,0.5318399516,0.008599029275,0.15,0.01,frozen non-selectable comparator,False
STRESS_0148,R2,R2_PARTIALLY_TRANSPORTABLE,100,B0,0.5232409254,0,0,0,frozen target-only reference,False
STRESS_0148,R2,R2_PARTIALLY_TRANSPORTABLE,100,B4,0.5262158391,0.002974913939,0,0,frozen non-selectable comparator,False
STRESS_0149,R2,R2_PARTIALLY_TRANSPORTABLE,100,A0,0.5292400321,0.0006194046208,0.06,0,frozen non-selectable comparator,False
STRESS_0149,R2,R2_PARTIALLY_TRANSPORTABLE,100,A1,0.4937283862,-0.03489224152,0.6,0.44,frozen non-selectable comparator,False
STRESS_0149,R2,R2_PARTIALLY_TRANSPORTABLE,100,A2,0.5369234997,0.008302873369,0.23,0.05,frozen selectable architecture,True
STRESS_0149,R2,R2_PARTIALLY_TRANSPORTABLE,100,A3,0.5463961017,0.01777547382,0.09,0.01,frozen selectable architecture,True
STRESS_0149,R2,R2_PARTIALLY_TRANSPORTABLE,100,A4,0.5442823693,0.01566174372,0.06,0,frozen non-selectable comparator,False
STRESS_0149,R2,R2_PARTIALLY_TRANSPORTABLE,100,B0,0.5286206281,0,0,0,frozen target-only reference,False
STRESS_0149,R2,R2_PARTIALLY_TRANSPORTABLE,100,B4,0.5327258712,0.004105243869,0,0,frozen non-selectable comparator,False
STRESS_0150,R2,R2_PARTIALLY_TRANSPORTABLE,100,A0,0.5267644784,0.002267785568,0,0,frozen non-selectable comparator,False
STRESS_0150,R2,R2_PARTIALLY_TRANSPORTABLE,100,A1,0.49338402,-0.03111267481,0.6,0.36,frozen non-selectable comparator,False
STRESS_0150,R2,R2_PARTIALLY_TRANSPORTABLE,100,A2,0.5320761657,0.007579473703,0.24,0.04,frozen selectable architecture,True
STRESS_0150,R2,R2_PARTIALLY_TRANSPORTABLE,100,A3,0.5445586899,0.02006199973,0.11,0,frozen selectable architecture,True
STRESS_0150,R2,R2_PARTIALLY_TRANSPORTABLE,100,A4,0.5423662907,0.01786959637,0.04,0,frozen non-selectable comparator,False
STRESS_0150,R2,R2_PARTIALLY_TRANSPORTABLE,100,B0,0.5244966933,0,0,0,frozen target-only reference,False
STRESS_0150,R2,R2_PARTIALLY_TRANSPORTABLE,100,B4,0.5292803922,0.004783698383,0,0,frozen non-selectable comparator,False
STRESS_0151,R2,R2_PARTIALLY_TRANSPORTABLE,100,A0,0.5270059255,0.000967052124,0.02,0,frozen non-selectable comparator,False
STRESS_0151,R2,R2_PARTIALLY_TRANSPORTABLE,100,A1,0.4898045158,-0.03623436045,0.67,0.44,frozen non-selectable comparator,False
STRESS_0151,R2,R2_PARTIALLY_TRANSPORTABLE,100,A2,0.5287210262,0.002682149291,0.23,0.05,frozen selectable architecture,True
STRESS_0151,R2,R2_PARTIALLY_TRANSPORTABLE,100,A3,0.5455587551,0.01951987945,0.12,0,frozen selectable architecture,True
STRESS_0151,R2,R2_PARTIALLY_TRANSPORTABLE,100,A4,0.5366007635,0.01056188463,0.08,0,frozen non-selectable comparator,False
STRESS_0151,R2,R2_PARTIALLY_TRANSPORTABLE,100,B0,0.5260388762,0,0,0,frozen target-only reference,False
STRESS_0151,R2,R2_PARTIALLY_TRANSPORTABLE,100,B4,0.5297419417,0.003703066739,0,0,frozen non-selectable comparator,False
STRESS_0152,R2,R2_PARTIALLY_TRANSPORTABLE,100,A0,0.530410696,-0.0002129918505,0.1,0,frozen non-selectable comparator,False
STRESS_0152,R2,R2_PARTIALLY_TRANSPORTABLE,100,A1,0.4976817867,-0.03294190392,0.59,0.39,frozen non-selectable comparator,False
STRESS_0152,R2,R2_PARTIALLY_TRANSPORTABLE,100,A2,0.5323024175,0.001678725639,0.24,0.06,frozen selectable architecture,True
STRESS_0152,R2,R2_PARTIALLY_TRANSPORTABLE,100,A3,0.5423003468,0.01167665793,0.12,0,frozen selectable architecture,True
STRESS_0152,R2,R2_PARTIALLY_TRANSPORTABLE,100,A4,0.5389811593,0.008357469857,0.06,0,frozen non-selectable comparator,False
STRESS_0152,R2,R2_PARTIALLY_TRANSPORTABLE,100,B0,0.5306236899,0,0,0,frozen target-only reference,False
STRESS_0152,R2,R2_PARTIALLY_TRANSPORTABLE,100,B4,0.533775585,0.003151893329,0,0,frozen non-selectable comparator,False
STRESS_0153,R2,R2_PARTIALLY_TRANSPORTABLE,100,A0,0.5238795468,0.001616411428,0,0,frozen non-selectable comparator,False
STRESS_0153,R2,R2_PARTIALLY_TRANSPORTABLE,100,A1,0.493973912,-0.02828922339,0.57,0.4,frozen non-selectable comparator,False
STRESS_0153,R2,R2_PARTIALLY_TRANSPORTABLE,100,A2,0.5268254974,0.004562362751,0.22,0.05,frozen selectable architecture,True
STRESS_0153,R2,R2_PARTIALLY_TRANSPORTABLE,100,A3,0.5393537492,0.01709061403,0.11,0.01,frozen selectable architecture,True
STRESS_0153,R2,R2_PARTIALLY_TRANSPORTABLE,100,A4,0.5335405716,0.0112774377,0.1,0.02,frozen non-selectable comparator,False
STRESS_0153,R2,R2_PARTIALLY_TRANSPORTABLE,100,B0,0.5222631338,0,0,0,frozen target-only reference,False
STRESS_0153,R2,R2_PARTIALLY_TRANSPORTABLE,100,B4,0.5257194683,0.003456332907,0,0,frozen non-selectable comparator,False
STRESS_0154,R2,R2_PARTIALLY_TRANSPORTABLE,100,A0,0.5288044217,0.0007079981233,0.01,0,frozen non-selectable comparator,False
STRESS_0154,R2,R2_PARTIALLY_TRANSPORTABLE,100,A1,0.4884811312,-0.03961529023,0.67,0.39,frozen non-selectable comparator,False
STRESS_0154,R2,R2_PARTIALLY_TRANSPORTABLE,100,A2,0.5296354988,0.00153907627,0.33,0.12,frozen selectable architecture,True
STRESS_0154,R2,R2_PARTIALLY_TRANSPORTABLE,100,A3,0.5325065711,0.004410147285,0.17,0.03,frozen selectable architecture,True
STRESS_0154,R2,R2_PARTIALLY_TRANSPORTABLE,100,A4,0.5396727544,0.01157633102,0.12,0,frozen non-selectable comparator,False
STRESS_0154,R2,R2_PARTIALLY_TRANSPORTABLE,100,B0,0.5280964234,0,0,0,frozen target-only reference,False
STRESS_0154,R2,R2_PARTIALLY_TRANSPORTABLE,100,B4,0.5311359707,0.003039546641,0,0,frozen non-selectable comparator,False
STRESS_0155,R2,R2_PARTIALLY_TRANSPORTABLE,100,A0,0.5303529698,0.001265524294,0.01,0,frozen non-selectable comparator,False
STRESS_0155,R2,R2_PARTIALLY_TRANSPORTABLE,100,A1,0.4960299033,-0.03305754452,0.63,0.35,frozen non-selectable comparator,False
STRESS_0155,R2,R2_PARTIALLY_TRANSPORTABLE,100,A2,0.5306479448,0.001560499709,0.25,0.06,frozen selectable architecture,True
STRESS_0155,R2,R2_PARTIALLY_TRANSPORTABLE,100,A3,0.5200559679,-0.009031477071,0.38,0.07,frozen selectable architecture,True
STRESS_0155,R2,R2_PARTIALLY_TRANSPORTABLE,100,A4,0.5408728647,0.01178541808,0.06,0,frozen non-selectable comparator,False
STRESS_0155,R2,R2_PARTIALLY_TRANSPORTABLE,100,B0,0.5290874451,0,0,0,frozen target-only reference,False
STRESS_0155,R2,R2_PARTIALLY_TRANSPORTABLE,100,B4,0.5329089484,0.003821504232,0,0,frozen non-selectable comparator,False
STRESS_0156,R2,R2_PARTIALLY_TRANSPORTABLE,100,A0,0.5331748477,0.001052409791,0.02,0,frozen non-selectable comparator,False
STRESS_0156,R2,R2_PARTIALLY_TRANSPORTABLE,100,A1,0.4957908925,-0.03633154912,0.63,0.38,frozen non-selectable comparator,False
STRESS_0156,R2,R2_PARTIALLY_TRANSPORTABLE,100,A2,0.5330806959,0.0009582566816,0.2,0.04,frozen selectable architecture,True
STRESS_0156,R2,R2_PARTIALLY_TRANSPORTABLE,100,A3,0.5458296749,0.01370723465,0.12,0.01,frozen selectable architecture,True
STRESS_0156,R2,R2_PARTIALLY_TRANSPORTABLE,100,A4,0.5403351501,0.008212708303,0.11,0.01,frozen non-selectable comparator,False
STRESS_0156,R2,R2_PARTIALLY_TRANSPORTABLE,100,B0,0.5321224412,0,0,0,frozen target-only reference,False
STRESS_0156,R2,R2_PARTIALLY_TRANSPORTABLE,100,B4,0.5349362803,0.002813838082,0,0,frozen non-selectable comparator,False
STRESS_0157,R2,R2_PARTIALLY_TRANSPORTABLE,100,A0,0.5304011124,0.002822070899,0.01,0,frozen non-selectable comparator,False
STRESS_0157,R2,R2_PARTIALLY_TRANSPORTABLE,100,A1,0.4890745583,-0.03850448839,0.69,0.41,frozen non-selectable comparator,False
STRESS_0157,R2,R2_PARTIALLY_TRANSPORTABLE,100,A2,0.523272562,-0.004306482744,0.32,0.12,frozen selectable architecture,True
STRESS_0157,R2,R2_PARTIALLY_TRANSPORTABLE,100,A3,0.5311690164,0.003589968791,0.17,0.02,frozen selectable architecture,True
STRESS_0157,R2,R2_PARTIALLY_TRANSPORTABLE,100,A4,0.5364741269,0.008895082074,0.09,0.01,frozen non-selectable comparator,False
STRESS_0157,R2,R2_PARTIALLY_TRANSPORTABLE,100,B0,0.5275790465,0,0,0,frozen target-only reference,False
STRESS_0157,R2,R2_PARTIALLY_TRANSPORTABLE,100,B4,0.5304864305,0.002907386481,0,0,frozen non-selectable comparator,False
STRESS_0158,R2,R2_PARTIALLY_TRANSPORTABLE,100,A0,0.5252512458,0.001175636172,0,0,frozen non-selectable comparator,False
STRESS_0158,R2,R2_PARTIALLY_TRANSPORTABLE,100,A1,0.4943105212,-0.02976508935,0.57,0.36,frozen non-selectable comparator,False
STRESS_0158,R2,R2_PARTIALLY_TRANSPORTABLE,100,A2,0.5310551852,0.006979575404,0.22,0.03,frozen selectable architecture,True
STRESS_0158,R2,R2_PARTIALLY_TRANSPORTABLE,100,A3,0.516198231,-0.007877377062,0.35,0.07,frozen selectable architecture,True
STRESS_0158,R2,R2_PARTIALLY_TRANSPORTABLE,100,A4,0.534755021,0.01067941475,0.09,0.01,frozen non-selectable comparator,False
STRESS_0158,R2,R2_PARTIALLY_TRANSPORTABLE,100,B0,0.5240756118,0,0,0,frozen target-only reference,False
STRESS_0158,R2,R2_PARTIALLY_TRANSPORTABLE,100,B4,0.5278943956,0.003818786342,0,0,frozen non-selectable comparator,False
STRESS_0159,R2,R2_PARTIALLY_TRANSPORTABLE,100,A0,0.5256905726,-9.994597116e-05,0.02,0,frozen non-selectable comparator,False
STRESS_0159,R2,R2_PARTIALLY_TRANSPORTABLE,100,A1,0.4879544213,-0.0378360948,0.65,0.4,frozen non-selectable comparator,False
STRESS_0159,R2,R2_PARTIALLY_TRANSPORTABLE,100,A2,0.5243373734,-0.001453145332,0.27,0.11,frozen selectable architecture,True
STRESS_0159,R2,R2_PARTIALLY_TRANSPORTABLE,100,A3,0.5364560825,0.01066556709,0.17,0.02,frozen selectable architecture,True
STRESS_0159,R2,R2_PARTIALLY_TRANSPORTABLE,100,A4,0.5308603501,0.005069833158,0.12,0.01,frozen non-selectable comparator,False
STRESS_0159,R2,R2_PARTIALLY_TRANSPORTABLE,100,B0,0.5257905173,0,0,0,frozen target-only reference,False
STRESS_0159,R2,R2_PARTIALLY_TRANSPORTABLE,100,B4,0.5291951716,0.003404655118,0,0,frozen non-selectable comparator,False
STRESS_0160,R2,R2_PARTIALLY_TRANSPORTABLE,100,A0,0.5272190452,0.0004861117141,0.01,0,frozen non-selectable comparator,False
STRESS_0160,R2,R2_PARTIALLY_TRANSPORTABLE,100,A1,0.489800829,-0.03693210508,0.71,0.38,frozen non-selectable comparator,False
STRESS_0160,R2,R2_PARTIALLY_TRANSPORTABLE,100,A2,0.527908442,0.001175507924,0.29,0.05,frozen selectable architecture,True
STRESS_0160,R2,R2_PARTIALLY_TRANSPORTABLE,100,A3,0.5338572842,0.007124350434,0.16,0.01,frozen selectable architecture,True
STRESS_0160,R2,R2_PARTIALLY_TRANSPORTABLE,100,A4,0.5357388654,0.009005928171,0.15,0,frozen non-selectable comparator,False
STRESS_0160,R2,R2_PARTIALLY_TRANSPORTABLE,100,B0,0.5267329314,0,0,0,frozen target-only reference,False
STRESS_0160,R2,R2_PARTIALLY_TRANSPORTABLE,100,B4,0.5302502859,0.00351735129,0,0,frozen non-selectable comparator,False
STRESS_0161,R2,R2_PARTIALLY_TRANSPORTABLE,100,A0,0.5254739377,0.0008752832104,0,0,frozen non-selectable comparator,False
STRESS_0161,R2,R2_PARTIALLY_TRANSPORTABLE,100,A1,0.4915407029,-0.03305795573,0.6,0.39,frozen non-selectable comparator,False
STRESS_0161,R2,R2_PARTIALLY_TRANSPORTABLE,100,A2,0.5215304011,-0.003068254262,0.27,0.08,frozen selectable architecture,True
STRESS_0161,R2,R2_PARTIALLY_TRANSPORTABLE,100,A3,0.5145441431,-0.01005451142,0.37,0.09,frozen selectable architecture,True
STRESS_0161,R2,R2_PARTIALLY_TRANSPORTABLE,100,A4,0.5291960776,0.004597418662,0.11,0,frozen non-selectable comparator,False
STRESS_0161,R2,R2_PARTIALLY_TRANSPORTABLE,100,B0,0.5245986566,0,0,0,frozen target-only reference,False
STRESS_0161,R2,R2_PARTIALLY_TRANSPORTABLE,100,B4,0.5275490946,0.002950439291,0,0,frozen non-selectable comparator,False
STRESS_0162,R5,R5_MISLEADING_SOURCE,100,A0,0.6050540608,-0.001666609459,0,0,frozen non-selectable comparator,False
STRESS_0162,R5,R5_MISLEADING_SOURCE,100,A1,0.661268236,0.05454756354,0.02,0,frozen non-selectable comparator,False
STRESS_0162,R5,R5_MISLEADING_SOURCE,100,A2,0.6434940308,0.03677335794,0.06,0,frozen selectable architecture,True
STRESS_0162,R5,R5_MISLEADING_SOURCE,100,A3,0.5521865153,-0.05453415837,0.9,0.51,frozen selectable architecture,True
STRESS_0162,R5,R5_MISLEADING_SOURCE,100,A4,0.5118608421,-0.09485982863,0.98,0.91,frozen non-selectable comparator,False
STRESS_0162,R5,R5_MISLEADING_SOURCE,100,B0,0.6067206731,0,0,0,frozen target-only reference,False
STRESS_0162,R5,R5_MISLEADING_SOURCE,100,B4,0.588131797,-0.01858887517,0.39,0,frozen non-selectable comparator,False
STRESS_0163,R5,R5_MISLEADING_SOURCE,100,A0,0.6162791449,0.002771363142,0.01,0,frozen non-selectable comparator,False
STRESS_0163,R5,R5_MISLEADING_SOURCE,100,A1,0.6649229324,0.05141514827,0.02,0,frozen non-selectable comparator,False
STRESS_0163,R5,R5_MISLEADING_SOURCE,100,A2,0.6512512475,0.03774346275,0.05,0,frozen selectable architecture,True
STRESS_0163,R5,R5_MISLEADING_SOURCE,100,A3,0.5728584644,-0.0406493174,0.78,0.35,frozen selectable architecture,True
STRESS_0163,R5,R5_MISLEADING_SOURCE,100,A4,0.5359892082,-0.07751857362,0.96,0.8,frozen non-selectable comparator,False
STRESS_0163,R5,R5_MISLEADING_SOURCE,100,B0,0.6135077828,0,0,0,frozen target-only reference,False
STRESS_0163,R5,R5_MISLEADING_SOURCE,100,B4,0.5991867009,-0.01432108409,0.21,0,frozen non-selectable comparator,False
STRESS_0164,R5,R5_MISLEADING_SOURCE,100,A0,0.6279809809,-0.001580084692,0.09,0,frozen non-selectable comparator,False
STRESS_0164,R5,R5_MISLEADING_SOURCE,100,A1,0.6717128557,0.0421517906,0.05,0,frozen non-selectable comparator,False
STRESS_0164,R5,R5_MISLEADING_SOURCE,100,A2,0.658880356,0.0293192954,0.09,0.01,frozen selectable architecture,True
STRESS_0164,R5,R5_MISLEADING_SOURCE,100,A3,0.5889547154,-0.04060634847,0.74,0.28,frozen selectable architecture,True
STRESS_0164,R5,R5_MISLEADING_SOURCE,100,A4,0.5566420889,-0.07291897336,0.99,0.75,frozen non-selectable comparator,False
STRESS_0164,R5,R5_MISLEADING_SOURCE,100,B0,0.6295610613,0,0,0,frozen target-only reference,False
STRESS_0164,R5,R5_MISLEADING_SOURCE,100,B4,0.617613931,-0.01194713205,0.1,0,frozen non-selectable comparator,False
STRESS_0165,R5,R5_MISLEADING_SOURCE,100,A0,0.6098356277,-0.0002768301577,0.01,0,frozen non-selectable comparator,False
STRESS_0165,R5,R5_MISLEADING_SOURCE,100,A1,0.6558419234,0.04572946631,0.04,0,frozen non-selectable comparator,False
STRESS_0165,R5,R5_MISLEADING_SOURCE,100,A2,0.6394881755,0.02937571696,0.09,0.02,frozen selectable architecture,True
STRESS_0165,R5,R5_MISLEADING_SOURCE,100,A3,0.5522846547,-0.05782780642,0.95,0.59,frozen selectable architecture,True
STRESS_0165,R5,R5_MISLEADING_SOURCE,100,A4,0.515740273,-0.09437218476,1,0.96,frozen non-selectable comparator,False
STRESS_0165,R5,R5_MISLEADING_SOURCE,100,B0,0.6101124567,0,0,0,frozen target-only reference,False
STRESS_0165,R5,R5_MISLEADING_SOURCE,100,B4,0.5910033548,-0.01910910237,0.48,0,frozen non-selectable comparator,False
STRESS_0166,R5,R5_MISLEADING_SOURCE,100,A0,0.6152798331,0.001770443386,0.04,0,frozen non-selectable comparator,False
STRESS_0166,R5,R5_MISLEADING_SOURCE,100,A1,0.6577922744,0.04428288199,0.02,0,frozen non-selectable comparator,False
STRESS_0166,R5,R5_MISLEADING_SOURCE,100,A2,0.6412679935,0.02775860299,0.13,0.02,frozen selectable architecture,True
STRESS_0166,R5,R5_MISLEADING_SOURCE,100,A3,0.5687902695,-0.04471912152,0.82,0.4,frozen selectable architecture,True
STRESS_0166,R5,R5_MISLEADING_SOURCE,100,A4,0.5331301758,-0.08037921692,0.98,0.8,frozen non-selectable comparator,False
STRESS_0166,R5,R5_MISLEADING_SOURCE,100,B0,0.613509391,0,0,0,frozen target-only reference,False
STRESS_0166,R5,R5_MISLEADING_SOURCE,100,B4,0.5988424563,-0.01466693764,0.19,0,frozen non-selectable comparator,False
STRESS_0167,R5,R5_MISLEADING_SOURCE,100,A0,0.6244724864,0.002649355556,0.05,0,frozen non-selectable comparator,False
STRESS_0167,R5,R5_MISLEADING_SOURCE,100,A1,0.6677267945,0.04590366064,0.03,0.01,frozen non-selectable comparator,False
STRESS_0167,R5,R5_MISLEADING_SOURCE,100,A2,0.6545559299,0.03273279652,0.07,0.02,frozen selectable architecture,True
STRESS_0167,R5,R5_MISLEADING_SOURCE,100,A3,0.5850696799,-0.03675345342,0.69,0.29,frozen selectable architecture,True
STRESS_0167,R5,R5_MISLEADING_SOURCE,100,A4,0.5532200629,-0.06860307092,0.94,0.75,frozen non-selectable comparator,False
STRESS_0167,R5,R5_MISLEADING_SOURCE,100,B0,0.6218231291,0,0,0,frozen target-only reference,False
STRESS_0167,R5,R5_MISLEADING_SOURCE,100,B4,0.6104637331,-0.01135939785,0.07,0,frozen non-selectable comparator,False
STRESS_0168,R5,R5_MISLEADING_SOURCE,100,A0,0.6053167814,-0.001513241841,0.02,0,frozen non-selectable comparator,False
STRESS_0168,R5,R5_MISLEADING_SOURCE,100,A1,0.6564383411,0.04960831889,0.01,0.01,frozen non-selectable comparator,False
STRESS_0168,R5,R5_MISLEADING_SOURCE,100,A2,0.640458912,0.03362888961,0.06,0.01,frozen selectable architecture,True
STRESS_0168,R5,R5_MISLEADING_SOURCE,100,A3,0.5539799288,-0.05285009556,0.88,0.51,frozen selectable architecture,True
STRESS_0168,R5,R5_MISLEADING_SOURCE,100,A4,0.5157451326,-0.09108489314,1,0.89,frozen non-selectable comparator,False
STRESS_0168,R5,R5_MISLEADING_SOURCE,100,B0,0.6068300229,0,0,0,frozen target-only reference,False
STRESS_0168,R5,R5_MISLEADING_SOURCE,100,B4,0.5878258133,-0.01900420713,0.38,0,frozen non-selectable comparator,False
STRESS_0169,R5,R5_MISLEADING_SOURCE,100,A0,0.6170390719,0.003978279513,0.01,0,frozen non-selectable comparator,False
STRESS_0169,R5,R5_MISLEADING_SOURCE,100,A1,0.6553141618,0.04225336929,0.06,0.01,frozen non-selectable comparator,False
STRESS_0169,R5,R5_MISLEADING_SOURCE,100,A2,0.6439925927,0.03093180397,0.08,0.01,frozen selectable architecture,True
STRESS_0169,R5,R5_MISLEADING_SOURCE,100,A3,0.5631670538,-0.04989373695,0.83,0.46,frozen selectable architecture,True
STRESS_0169,R5,R5_MISLEADING_SOURCE,100,A4,0.5344858688,-0.07857492163,0.95,0.79,frozen non-selectable comparator,False
STRESS_0169,R5,R5_MISLEADING_SOURCE,100,B0,0.6130607909,0,0,0,frozen target-only reference,False
STRESS_0169,R5,R5_MISLEADING_SOURCE,100,B4,0.5980204701,-0.0150403203,0.24,0,frozen non-selectable comparator,False
STRESS_0170,R5,R5_MISLEADING_SOURCE,100,A0,0.6200625747,-0.001296977617,0.05,0,frozen non-selectable comparator,False
STRESS_0170,R5,R5_MISLEADING_SOURCE,100,A1,0.6596064049,0.03824685046,0.05,0,frozen non-selectable comparator,False
STRESS_0170,R5,R5_MISLEADING_SOURCE,100,A2,0.6460510927,0.0246915381,0.1,0.03,frozen selectable architecture,True
STRESS_0170,R5,R5_MISLEADING_SOURCE,100,A3,0.5847391441,-0.03662040998,0.64,0.26,frozen selectable architecture,True
STRESS_0170,R5,R5_MISLEADING_SOURCE,100,A4,0.5523517308,-0.06900781766,0.95,0.72,frozen non-selectable comparator,False
STRESS_0170,R5,R5_MISLEADING_SOURCE,100,B0,0.6213595504,0,0,0,frozen target-only reference,False
STRESS_0170,R5,R5_MISLEADING_SOURCE,100,B4,0.6097931072,-0.01156644523,0.08,0,frozen non-selectable comparator,False
STRESS_0171,R5,R5_MISLEADING_SOURCE,100,A0,0.6155138063,0.0006902657632,0.05,0,frozen non-selectable comparator,False
STRESS_0171,R5,R5_MISLEADING_SOURCE,100,A1,0.664527992,0.0497044486,0.05,0.01,frozen non-selectable comparator,False
STRESS_0171,R5,R5_MISLEADING_SOURCE,100,A2,0.6497952098,0.03497166641,0.08,0.01,frozen selectable architecture,True
STRESS_0171,R5,R5_MISLEADING_SOURCE,100,A3,0.5730537173,-0.04176982606,0.76,0.39,frozen selectable architecture,True
STRESS_0171,R5,R5_MISLEADING_SOURCE,100,A4,0.532685059,-0.08213848212,0.97,0.75,frozen non-selectable comparator,False
STRESS_0171,R5,R5_MISLEADING_SOURCE,100,B0,0.6148235428,0,0,0,frozen target-only reference,False
STRESS_0171,R5,R5_MISLEADING_SOURCE,100,B4,0.6005423504,-0.01428119402,0.17,0,frozen non-selectable comparator,False
STRESS_0172,R5,R5_MISLEADING_SOURCE,100,A0,0.6114721015,0.001217944567,0.02,0,frozen non-selectable comparator,False
STRESS_0172,R5,R5_MISLEADING_SOURCE,100,A1,0.6603008348,0.05004668046,0.02,0,frozen non-selectable comparator,False
STRESS_0172,R5,R5_MISLEADING_SOURCE,100,A2,0.6440820652,0.03382791078,0.07,0.01,frozen selectable architecture,True
STRESS_0172,R5,R5_MISLEADING_SOURCE,100,A3,0.5176751369,-0.09257901805,0.98,0.89,frozen selectable architecture,True
STRESS_0172,R5,R5_MISLEADING_SOURCE,100,A4,0.5324994409,-0.07775471297,0.96,0.82,frozen non-selectable comparator,False
STRESS_0172,R5,R5_MISLEADING_SOURCE,100,B0,0.6102541593,0,0,0,frozen target-only reference,False
STRESS_0172,R5,R5_MISLEADING_SOURCE,100,B4,0.5945904258,-0.01566373196,0.27,0,frozen non-selectable comparator,False
STRESS_0173,R5,R5_MISLEADING_SOURCE,100,A0,0.6094533449,0.001699236244,0.06,0,frozen non-selectable comparator,False
STRESS_0173,R5,R5_MISLEADING_SOURCE,100,A1,0.6589339811,0.05117986945,0.02,0,frozen non-selectable comparator,False
STRESS_0173,R5,R5_MISLEADING_SOURCE,100,A2,0.6437047255,0.03595061422,0.05,0.01,frozen selectable architecture,True
STRESS_0173,R5,R5_MISLEADING_SOURCE,100,A3,0.4847800267,-0.1229740883,1,0.96,frozen selectable architecture,True
STRESS_0173,R5,R5_MISLEADING_SOURCE,100,A4,0.5347532746,-0.07300083891,0.96,0.7,frozen non-selectable comparator,False
STRESS_0173,R5,R5_MISLEADING_SOURCE,100,B0,0.6077541143,0,0,0,frozen target-only reference,False
STRESS_0173,R5,R5_MISLEADING_SOURCE,100,B4,0.5944481039,-0.01330601008,0.11,0,frozen non-selectable comparator,False
STRESS_0174,R5,R5_MISLEADING_SOURCE,100,A0,0.619755851,0.00385963915,0,0,frozen non-selectable comparator,False
STRESS_0174,R5,R5_MISLEADING_SOURCE,100,A1,0.6519513702,0.0360551551,0.08,0.01,frozen non-selectable comparator,False
STRESS_0174,R5,R5_MISLEADING_SOURCE,100,A2,0.6441902745,0.02829405864,0.09,0.02,frozen selectable architecture,True
STRESS_0174,R5,R5_MISLEADING_SOURCE,100,A3,0.5717163083,-0.04417990332,0.78,0.42,frozen selectable architecture,True
STRESS_0174,R5,R5_MISLEADING_SOURCE,100,A4,0.5358671823,-0.08002903159,0.96,0.81,frozen non-selectable comparator,False
STRESS_0174,R5,R5_MISLEADING_SOURCE,100,B0,0.6158962113,0,0,0,frozen target-only reference,False
STRESS_0174,R5,R5_MISLEADING_SOURCE,100,B4,0.6012475985,-0.0146486106,0.17,0,frozen non-selectable comparator,False
STRESS_0175,R5,R5_MISLEADING_SOURCE,100,A0,0.6154091859,0.001790284832,0.02,0,frozen non-selectable comparator,False
STRESS_0175,R5,R5_MISLEADING_SOURCE,100,A1,0.6452260196,0.03160711586,0.14,0,frozen non-selectable comparator,False
STRESS_0175,R5,R5_MISLEADING_SOURCE,100,A2,0.6324961933,0.01887729249,0.22,0.06,frozen selectable architecture,True
STRESS_0175,R5,R5_MISLEADING_SOURCE,100,A3,0.520561806,-0.09305709762,0.99,0.86,frozen selectable architecture,True
STRESS_0175,R5,R5_MISLEADING_SOURCE,100,A4,0.5344849396,-0.0791339633,0.97,0.78,frozen non-selectable comparator,False
STRESS_0175,R5,R5_MISLEADING_SOURCE,100,B0,0.6136189026,0,0,0,frozen target-only reference,False
STRESS_0175,R5,R5_MISLEADING_SOURCE,100,B4,0.6001332572,-0.01348564616,0.19,0,frozen non-selectable comparator,False
STRESS_0176,R5,R5_MISLEADING_SOURCE,100,A0,0.6115171349,0.001752260468,0.03,0,frozen non-selectable comparator,False
STRESS_0176,R5,R5_MISLEADING_SOURCE,100,A1,0.644791081,0.03502621068,0.11,0.02,frozen non-selectable comparator,False
STRESS_0176,R5,R5_MISLEADING_SOURCE,100,A2,0.6290108973,0.01924602715,0.16,0.05,frozen selectable architecture,True
STRESS_0176,R5,R5_MISLEADING_SOURCE,100,A3,0.4820582211,-0.1277066495,0.99,0.96,frozen selectable architecture,True
STRESS_0176,R5,R5_MISLEADING_SOURCE,100,A4,0.5410612568,-0.06870361211,0.95,0.72,frozen non-selectable comparator,False
STRESS_0176,R5,R5_MISLEADING_SOURCE,100,B0,0.6097648716,0,0,0,frozen target-only reference,False
STRESS_0176,R5,R5_MISLEADING_SOURCE,100,B4,0.5963109243,-0.01345394687,0.16,0,frozen non-selectable comparator,False
STRESS_0177,R5,R5_MISLEADING_SOURCE,100,A0,0.6174479175,0.002285158108,0.03,0,frozen non-selectable comparator,False
STRESS_0177,R5,R5_MISLEADING_SOURCE,100,A1,0.6244425666,0.009279812345,0.24,0.09,frozen non-selectable comparator,False
STRESS_0177,R5,R5_MISLEADING_SOURCE,100,A2,0.6183444938,0.003181735255,0.3,0.1,frozen selectable architecture,True
STRESS_0177,R5,R5_MISLEADING_SOURCE,100,A3,0.5789472184,-0.03621554029,0.71,0.25,frozen selectable architecture,True
STRESS_0177,R5,R5_MISLEADING_SOURCE,100,A4,0.5492123094,-0.06595044851,0.94,0.62,frozen non-selectable comparator,False
STRESS_0177,R5,R5_MISLEADING_SOURCE,100,B0,0.6151627618,0,0,0,frozen target-only reference,False
STRESS_0177,R5,R5_MISLEADING_SOURCE,100,B4,0.6039166456,-0.01124611099,0.11,0,frozen non-selectable comparator,False
STRESS_0178,R5,R5_MISLEADING_SOURCE,100,A0,0.6071101117,0.003003953914,0.01,0,frozen non-selectable comparator,False
STRESS_0178,R5,R5_MISLEADING_SOURCE,100,A1,0.6251706606,0.021064502,0.16,0.09,frozen non-selectable comparator,False
STRESS_0178,R5,R5_MISLEADING_SOURCE,100,A2,0.6142585021,0.01015234545,0.2,0.09,frozen selectable architecture,True
STRESS_0178,R5,R5_MISLEADING_SOURCE,100,A3,0.5233690017,-0.08073715687,0.94,0.79,frozen selectable architecture,True
STRESS_0178,R5,R5_MISLEADING_SOURCE,100,A4,0.5358623475,-0.0682438085,0.92,0.71,frozen non-selectable comparator,False
STRESS_0178,R5,R5_MISLEADING_SOURCE,100,B0,0.6041061568,0,0,0,frozen target-only reference,False
STRESS_0178,R5,R5_MISLEADING_SOURCE,100,B4,0.5929099482,-0.01119620798,0.1,0,frozen non-selectable comparator,False
STRESS_0179,R5,R5_MISLEADING_SOURCE,100,A0,0.611154775,0.001330198401,0.02,0,frozen non-selectable comparator,False
STRESS_0179,R5,R5_MISLEADING_SOURCE,100,A1,0.6267620707,0.01693749455,0.22,0.06,frozen non-selectable comparator,False
STRESS_0179,R5,R5_MISLEADING_SOURCE,100,A2,0.6162871641,0.006462587524,0.28,0.09,frozen selectable architecture,True
STRESS_0179,R5,R5_MISLEADING_SOURCE,100,A3,0.4950484446,-0.1147761362,0.99,0.94,frozen selectable architecture,True
STRESS_0179,R5,R5_MISLEADING_SOURCE,100,A4,0.5464167345,-0.06340784299,0.91,0.66,frozen non-selectable comparator,False
STRESS_0179,R5,R5_MISLEADING_SOURCE,100,B0,0.609824577,0,0,0,frozen target-only reference,False
STRESS_0179,R5,R5_MISLEADING_SOURCE,100,B4,0.5997116953,-0.01011288111,0.09,0,frozen non-selectable comparator,False
